timestamp_utc,run,epoch,scenario,estimator,rule,gamma,lam,arrivals,pending_before,assigned,running,completed_this_epoch,completed_total,evicted_total,moves_this_epoch,constrained_tasks,overcommitted_nodes,solver_ms,solver_status,objective,est_cpu_err_mean,est_cpu_err_p90
2026-09-03T20:55:06.054748+00:00,0,0,static,static,request,0,0.0,66,66,66,66,0,0,0,0,0,0,110.920,OPTIMAL,66.000000,,
2026-09-03T20:55:06.144610+00:00,0,0,dynamic,sketch,p50,0,0.0,66,66,66,66,0,0,0,0,0,0,89.316,OPTIMAL,66.000000,,
2026-09-03T20:55:06.248496+00:00,0,0,reassign,static,request,10,1.0,66,66,66,66,0,0,0,0,0,0,103.359,OPTIMAL,66.000000,,
2026-09-03T20:55:06.368699+00:00,0,0,dynamic+reassign,sketch,p50,10,1.0,66,66,66,66,0,0,0,0,0,0,119.465,OPTIMAL,66.000000,,
2026-09-03T20:55:06.483458+00:00,0,0,es,es,p50,10,1.0,66,66,66,66,0,0,0,0,0,0,114.002,OPTIMAL,66.000000,,
2026-09-03T20:55:06.597738+00:00,0,0,p90,sketch,p90,10,1.0,66,66,66,66,0,0,0,0,0,0,113.629,OPTIMAL,66.000000,,
2026-09-03T20:55:06.713617+00:00,0,0,avg,sketch,avg,10,1.0,66,66,66,66,0,0,0,0,0,0,115.253,OPTIMAL,66.000000,,
2026-09-03T20:55:06.827989+00:00,0,0,p50-1.2xalloc,sketch,p50bump,10,1.0,66,66,66,66,0,0,0,0,0,0,113.750,OPTIMAL,66.000000,,
2026-09-03T20:55:06.941886+00:00,0,0,window-avg,sketch,window,10,1.0,66,66,66,66,0,0,0,0,0,0,113.283,OPTIMAL,66.000000,,
2026-09-03T20:55:11.535827+00:00,0,1,static,static,request,0,0.0,61,61,41,101,6,6,0,0,2,1,267.508,OPTIMAL,41.000000,44.9852,92.6423
2026-09-03T20:55:41.692780+00:00,0,1,dynamic,sketch,p50,0,0.0,61,61,48,108,6,6,0,0,2,1,30098.298,FEASIBLE,48.000000,0.6453,1.2997
2026-09-03T20:55:46.000895+00:00,0,1,reassign,static,request,10,1.0,61,61,75,101,6,6,0,0,2,1,4299.137,OPTIMAL,3441.000000,44.9852,92.6423
2026-09-03T20:56:00.934673+00:00,0,1,dynamic+reassign,sketch,p50,10,1.0,61,61,88,108,6,6,0,1,2,1,14868.187,OPTIMAL,4047.000000,0.6453,1.2997
2026-09-03T20:56:31.846492+00:00,0,1,es,es,p50,10,1.0,61,61,87,107,6,6,0,1,2,1,30209.219,FEASIBLE,4046.000000,0.5983,1.2414
2026-09-03T20:56:46.433499+00:00,0,1,p90,sketch,p90,10,1.0,61,61,85,105,6,6,0,3,2,1,14521.977,OPTIMAL,4042.000000,12.8895,14.3014
2026-09-03T20:57:14.029901+00:00,0,1,avg,sketch,avg,10,1.0,61,61,88,108,6,6,0,1,2,1,27536.342,OPTIMAL,4047.000000,0.0000,0.0000
2026-09-03T20:57:30.714127+00:00,0,1,p50-1.2xalloc,sketch,p50bump,10,1.0,61,61,88,108,6,6,0,2,2,1,16621.786,OPTIMAL,4046.000000,5.3249,26.1810
2026-09-03T20:57:58.287915+00:00,0,1,window-avg,sketch,window,10,1.0,61,61,88,108,6,6,0,1,2,1,27512.935,OPTIMAL,4047.000000,0.0000,0.0000
2026-09-03T20:58:07.539451+00:00,0,2,static,static,request,0,0.0,55,75,49,111,39,45,0,0,6,3,5019.851,OPTIMAL,49.000000,47.8742,89.8573
2026-09-03T20:58:10.711584+00:00,0,2,dynamic,sketch,p50,0,0.0,55,68,49,118,39,45,0,0,8,3,3100.891,OPTIMAL,49.000000,0.5879,1.0969
2026-09-03T20:58:40.826156+00:00,0,2,reassign,static,request,10,1.0,55,75,88,110,39,45,0,0,6,3,30101.966,FEASIBLE,4048.000000,48.4964,89.8573
2026-09-03T20:59:11.055356+00:00,0,2,dynamic+reassign,sketch,p50,10,1.0,55,68,88,117,39,45,0,2,14,5,30152.321,FEASIBLE,4046.000000,0.6064,1.1164
2026-09-03T20:59:41.969617+00:00,0,2,es,es,p50,10,1.0,55,69,88,116,39,45,0,2,11,4,30248.055,FEASIBLE,4046.000000,0.5476,1.0558
2026-09-03T21:00:12.144246+00:00,0,2,p90,sketch,p90,10,1.0,55,71,88,113,40,46,0,5,8,4,30102.124,FEASIBLE,4043.000000,13.0555,14.0601
2026-09-03T21:00:42.335521+00:00,0,2,avg,sketch,avg,10,1.0,55,68,88,116,40,46,0,2,18,6,30117.297,FEASIBLE,4046.000000,0.0000,0.0000
2026-09-03T21:00:58.432959+00:00,0,2,p50-1.2xalloc,sketch,p50bump,10,1.0,55,68,88,116,40,46,0,3,12,4,16021.442,OPTIMAL,4045.000000,4.7008,22.4558
2026-09-03T21:01:09.214552+00:00,0,2,window-avg,sketch,window,10,1.0,55,68,89,117,40,46,0,2,18,6,10705.536,OPTIMAL,4047.000000,3.5708,9.9521
2026-09-03T21:01:43.014105+00:00,0,3,static,static,request,0,0.0,64,90,54,112,53,98,0,0,1,1,30090.106,FEASIBLE,54.000000,35.0515,69.8516
2026-09-03T21:01:45.321208+00:00,0,3,dynamic,sketch,p50,0,0.0,64,83,60,122,56,101,0,0,17,3,2237.125,OPTIMAL,60.000000,0.7374,1.3221
2026-09-03T21:02:15.452817+00:00,0,3,reassign,static,request,10,1.0,64,91,94,112,52,97,0,0,0,0,30118.234,FEASIBLE,4054.000000,33.9266,69.8516
2026-09-03T21:02:43.018262+00:00,0,3,dynamic+reassign,sketch,p50,10,1.0,64,84,100,120,57,102,0,2,30,6,27494.623,OPTIMAL,4058.000000,0.7476,1.4536
2026-09-03T21:03:13.894388+00:00,0,3,es,es,p50,10,1.0,64,85,98,120,54,99,0,1,29,6,30115.921,FEASIBLE,4057.000000,0.6840,1.3108
2026-09-03T21:03:20.437112+00:00,0,3,p90,sketch,p90,10,1.0,64,87,95,116,52,98,0,2,2,2,6474.951,OPTIMAL,4053.000000,13.1268,14.5333
2026-09-03T21:03:50.606408+00:00,0,3,avg,sketch,avg,10,1.0,64,84,98,119,55,101,0,0,14,4,30105.696,FEASIBLE,4058.000000,0.0000,0.0000
2026-09-03T21:04:20.792867+00:00,0,3,p50-1.2xalloc,sketch,p50bump,10,1.0,64,84,98,120,54,100,0,4,20,5,30115.013,FEASIBLE,4054.000000,3.5098,8.8878
2026-09-03T21:04:31.449275+00:00,0,3,window-avg,sketch,window,10,1.0,64,83,98,121,54,100,0,1,28,7,10588.845,OPTIMAL,4057.000000,4.2826,13.9694
2026-09-03T21:04:42.274360+00:00,0,4,static,static,request,0,0.0,56,92,46,108,50,148,0,0,13,7,7157.499,OPTIMAL,46.000000,41.8444,84.1433
2026-09-03T21:05:12.436650+00:00,0,4,dynamic,sketch,p50,0,0.0,56,79,47,117,52,153,0,0,24,10,30091.826,FEASIBLE,47.000000,0.6932,1.2233
2026-09-03T21:05:42.578562+00:00,0,4,reassign,static,request,10,1.0,56,93,86,107,51,148,0,0,13,7,30129.507,FEASIBLE,4046.000000,43.0992,92.3124
2026-09-03T21:06:12.768925+00:00,0,4,dynamic+reassign,sketch,p50,10,1.0,56,80,84,116,48,150,0,5,29,12,30111.679,FEASIBLE,4039.000000,0.6760,1.2221
2026-09-03T21:06:43.989632+00:00,0,4,es,es,p50,10,1.0,56,83,86,112,54,153,0,4,23,10,30132.505,FEASIBLE,4042.000000,0.6280,1.1917
2026-09-03T21:06:49.000585+00:00,0,4,p90,sketch,p90,10,1.0,56,88,85,107,54,152,0,5,22,9,4941.099,OPTIMAL,4040.000000,12.8459,14.2406
2026-09-03T21:07:06.632810+00:00,0,4,avg,sketch,avg,10,1.0,56,82,88,114,53,154,0,4,22,10,17563.962,OPTIMAL,4044.000000,0.0000,0.0000
2026-09-03T21:07:36.819685+00:00,0,4,p50-1.2xalloc,sketch,p50bump,10,1.0,56,82,85,110,55,155,0,7,37,12,30113.737,FEASIBLE,4038.000000,7.0019,23.6560
2026-09-03T21:08:07.028726+00:00,0,4,window-avg,sketch,window,10,1.0,56,81,86,113,54,154,0,4,33,13,30134.998,FEASIBLE,4042.000000,3.4459,13.9388
2026-09-03T21:08:12.495993+00:00,0,5,static,static,request,0,0.0,69,115,39,101,46,194,0,0,3,3,1064.554,OPTIMAL,39.000000,40.5069,85.9804
2026-09-03T21:08:42.658002+00:00,0,5,dynamic,sketch,p50,0,0.0,69,101,46,115,48,201,0,0,8,4,30080.290,FEASIBLE,46.000000,0.7009,1.1581
2026-09-03T21:09:01.318265+00:00,0,5,reassign,static,request,10,1.0,69,116,80,102,45,193,0,0,4,4,18647.994,OPTIMAL,4040.000000,40.3303,85.9804
2026-09-03T21:09:19.866124+00:00,0,5,dynamic+reassign,sketch,p50,10,1.0,69,105,87,112,51,201,0,2,9,5,18480.795,OPTIMAL,4045.000000,0.6604,1.0762
2026-09-03T21:09:30.244533+00:00,0,5,es,es,p50,10,1.0,69,106,84,110,46,199,0,1,3,3,9320.360,OPTIMAL,4043.000000,0.6665,1.0538
2026-09-03T21:09:43.070867+00:00,0,5,p90,sketch,p90,10,1.0,69,112,81,102,46,198,0,3,3,3,12762.025,OPTIMAL,4038.000000,13.0179,14.4820
2026-09-03T21:10:13.245894+00:00,0,5,avg,sketch,avg,10,1.0,69,103,85,112,47,201,0,1,10,5,30105.030,FEASIBLE,4044.000000,0.0000,0.0000
2026-09-03T21:10:22.970447+00:00,0,5,p50-1.2xalloc,sketch,p50bump,10,1.0,69,106,83,108,45,200,0,3,10,4,9654.806,OPTIMAL,4040.000000,6.5726,25.7442
2026-09-03T21:10:48.639397+00:00,0,5,window-avg,sketch,window,10,1.0,69,104,85,110,48,202,0,2,7,5,25604.349,OPTIMAL,4043.000000,5.3667,13.9612
2026-09-03T21:11:01.798121+00:00,0,6,static,static,request,0,0.0,67,143,44,98,47,241,0,0,10,5,9113.933,OPTIMAL,44.000000,46.4601,94.3758
2026-09-03T21:11:06.111057+00:00,0,6,dynamic,sketch,p50,0,0.0,67,122,49,110,54,255,0,0,22,5,4249.728,OPTIMAL,49.000000,0.6010,1.1305
2026-09-03T21:11:36.237489+00:00,0,6,reassign,static,request,10,1.0,67,143,82,98,46,239,0,0,14,5,30115.377,FEASIBLE,4042.000000,46.7684,94.3758
2026-09-03T21:12:03.888123+00:00,0,6,dynamic+reassign,sketch,p50,10,1.0,67,125,88,111,49,250,0,2,33,9,27581.766,OPTIMAL,4046.000000,0.5888,1.1305
2026-09-03T21:12:35.111824+00:00,0,6,es,es,p50,10,1.0,67,129,86,108,48,247,0,2,17,7,30126.007,FEASIBLE,4044.000000,0.5900,1.0983
2026-09-03T21:12:56.698282+00:00,0,6,p90,sketch,p90,10,1.0,67,138,86,102,46,244,0,2,23,9,21523.912,OPTIMAL,4044.000000,12.8254,14.5995
2026-09-03T21:13:26.953306+00:00,0,6,avg,sketch,avg,10,1.0,67,125,90,109,53,254,0,1,18,7,30190.637,FEASIBLE,4049.000000,0.0000,0.0000
2026-09-03T21:13:57.259035+00:00,0,6,p50-1.2xalloc,sketch,p50bump,10,1.0,67,130,90,107,51,251,0,4,13,5,30241.832,FEASIBLE,4046.000000,4.1496,19.9370
2026-09-03T21:14:27.477916+00:00,0,6,window-avg,sketch,window,10,1.0,67,126,90,108,52,254,0,1,24,7,30157.187,FEASIBLE,4049.000000,4.8032,17.8070
2026-09-03T21:14:33.680620+00:00,0,7,static,static,request,0,0.0,69,168,39,95,42,283,0,0,3,3,1686.971,OPTIMAL,39.000000,44.4716,92.1857
2026-09-03T21:14:36.031347+00:00,0,7,dynamic,sketch,p50,0,0.0,69,142,51,113,48,303,0,0,14,5,2282.962,OPTIMAL,51.000000,0.6495,1.2024
2026-09-03T21:15:06.181857+00:00,0,7,reassign,static,request,10,1.0,69,170,82,96,44,283,0,0,10,4,30138.461,FEASIBLE,4042.000000,42.7604,89.0224
2026-09-03T21:15:16.096690+00:00,0,7,dynamic+reassign,sketch,p50,10,1.0,69,146,89,109,51,301,0,2,15,6,9844.475,OPTIMAL,4047.000000,0.6534,1.2793
2026-09-03T21:15:22.870577+00:00,0,7,es,es,p50,10,1.0,69,152,89,107,50,297,0,3,21,7,5829.065,OPTIMAL,4046.000000,0.5763,1.1228
2026-09-03T21:15:27.206022+00:00,0,7,p90,sketch,p90,10,1.0,69,161,82,99,45,289,0,2,11,5,4273.492,OPTIMAL,4040.000000,12.8288,14.4395
2026-09-03T21:15:33.677740+00:00,0,7,avg,sketch,avg,10,1.0,69,144,89,113,45,299,0,3,9,4,6409.033,OPTIMAL,4046.000000,0.0000,0.0000
2026-09-03T21:15:49.941719+00:00,0,7,p50-1.2xalloc,sketch,p50bump,10,1.0,69,149,88,111,44,295,0,4,21,8,16198.485,OPTIMAL,4044.000000,3.5773,9.4939
2026-09-03T21:16:03.870540+00:00,0,7,window-avg,sketch,window,10,1.0,69,145,87,113,42,296,0,4,23,8,13857.947,OPTIMAL,4043.000000,4.9822,14.5363
2026-09-03T21:16:10.263686+00:00,0,8,static,static,request,0,0.0,52,181,42,93,44,327,0,0,9,6,2030.914,OPTIMAL,42.000000,42.6188,77.5085
2026-09-03T21:16:16.600185+00:00,0,8,dynamic,sketch,p50,0,0.0,52,143,47,109,51,354,0,0,30,11,6270.688,OPTIMAL,47.000000,0.5990,1.1007
2026-09-03T21:16:21.102227+00:00,0,8,reassign,static,request,10,1.0,52,180,84,94,46,329,0,0,6,5,4491.547,OPTIMAL,4044.000000,42.7268,77.5085
2026-09-03T21:16:36.079398+00:00,0,8,dynamic+reassign,sketch,p50,10,1.0,52,149,86,107,48,349,0,4,35,13,14908.208,OPTIMAL,4042.000000,0.6068,1.1644
2026-09-03T21:17:03.366062+00:00,0,8,es,es,p50,10,1.0,52,155,87,104,50,347,0,3,27,11,26290.961,OPTIMAL,4044.000000,0.5659,1.1331
2026-09-03T21:17:24.375597+00:00,0,8,p90,sketch,p90,10,1.0,52,171,84,96,47,336,0,3,11,6,20951.382,OPTIMAL,4041.000000,13.0400,14.1926
2026-09-03T21:17:54.557825+00:00,0,8,avg,sketch,avg,10,1.0,52,147,85,104,54,353,0,4,17,8,30117.281,FEASIBLE,4041.000000,0.0000,0.0000
2026-09-03T21:18:24.733825+00:00,0,8,p50-1.2xalloc,sketch,p50bump,10,1.0,52,153,85,106,50,345,0,6,27,13,30110.828,FEASIBLE,4039.000000,5.5102,26.6453
2026-09-03T21:18:54.995611+00:00,0,8,window-avg,sketch,window,10,1.0,52,150,86,104,55,351,0,3,29,11,30199.751,FEASIBLE,4043.000000,5.3559,10.0272
2026-09-03T21:19:01.525538+00:00,0,9,static,static,request,0,0.0,46,185,42,93,42,369,0,0,0,0,1993.653,OPTIMAL,42.000000,41.8714,79.3219
2026-09-03T21:19:31.692497+00:00,0,9,dynamic,sketch,p50,0,0.0,46,142,49,105,53,407,0,0,28,8,30080.429,FEASIBLE,49.000000,0.5792,1.2016
2026-09-03T21:19:43.477455+00:00,0,9,reassign,static,request,10,1.0,46,182,81,96,39,368,0,0,3,1,11773.553,OPTIMAL,4041.000000,41.0233,79.3219
2026-09-03T21:19:57.994338+00:00,0,9,dynamic+reassign,sketch,p50,10,1.0,46,149,85,104,48,397,0,3,31,10,14449.872,OPTIMAL,4042.000000,0.6397,1.2849
2026-09-03T21:20:29.349274+00:00,0,9,es,es,p50,10,1.0,46,154,84,106,42,389,0,3,10,5,30198.494,FEASIBLE,4041.000000,0.5514,1.0588
2026-09-03T21:20:59.523632+00:00,0,9,p90,sketch,p90,10,1.0,46,173,82,98,40,376,0,6,12,4,30112.455,FEASIBLE,4036.000000,12.9824,14.1710
2026-09-03T21:21:29.692739+00:00,0,9,avg,sketch,avg,10,1.0,46,148,86,102,48,401,0,3,18,6,30106.978,FEASIBLE,4043.000000,0.0000,0.0000
2026-09-03T21:21:59.860188+00:00,0,9,p50-1.2xalloc,sketch,p50bump,10,1.0,46,154,87,102,51,396,0,3,17,6,30104.553,FEASIBLE,4044.000000,4.7784,16.5258
2026-09-03T21:22:06.981748+00:00,0,9,window-avg,sketch,window,10,1.0,46,150,87,104,47,398,0,2,26,7,7057.912,OPTIMAL,4045.000000,3.9181,10.9650
2026-09-03T21:22:14.123750+00:00,0,10,static,static,request,0,0.0,57,200,44,91,46,415,0,0,13,6,2298.173,OPTIMAL,44.000000,38.4861,73.1139
2026-09-03T21:22:44.280883+00:00,0,10,dynamic,sketch,p50,0,0.0,57,150,46,106,45,452,0,0,19,8,30089.300,FEASIBLE,46.000000,0.6192,1.0022
2026-09-03T21:22:47.930885+00:00,0,10,reassign,static,request,10,1.0,57,198,83,93,46,414,0,0,11,5,3637.736,OPTIMAL,4043.000000,40.2564,79.0199
2026-09-03T21:23:08.705618+00:00,0,10,dynamic+reassign,sketch,p50,10,1.0,57,161,87,104,47,444,0,1,23,7,20708.473,OPTIMAL,4046.000000,0.6224,1.0022
2026-09-03T21:23:17.908519+00:00,0,10,es,es,p50,10,1.0,57,167,87,99,54,443,0,1,25,7,8716.867,OPTIMAL,4046.000000,0.5757,0.9756
2026-09-03T21:23:24.507001+00:00,0,10,p90,sketch,p90,10,1.0,57,188,83,92,49,425,0,3,9,3,6543.625,OPTIMAL,4040.000000,12.9770,14.0198
2026-09-03T21:23:45.839454+00:00,0,10,avg,sketch,avg,10,1.0,57,159,86,104,44,445,0,1,17,5,21270.651,OPTIMAL,4045.000000,0.0000,0.0000
2026-09-03T21:23:58.734208+00:00,0,10,p50-1.2xalloc,sketch,p50bump,10,1.0,57,164,86,104,44,440,0,1,7,3,12828.161,OPTIMAL,4045.000000,3.5006,11.3206
2026-09-03T21:24:28.911784+00:00,0,10,window-avg,sketch,window,10,1.0,57,160,89,106,47,445,0,1,8,4,30111.470,FEASIBLE,4048.000000,3.6759,13.1245
2026-09-03T21:24:34.700382+00:00,0,11,static,static,request,0,0.0,61,217,43,95,39,454,0,0,5,2,1589.842,OPTIMAL,43.000000,39.4862,68.3365
2026-09-03T21:24:36.643477+00:00,0,11,dynamic,sketch,p50,0,0.0,61,165,48,103,51,503,0,0,19,8,1881.687,OPTIMAL,48.000000,0.6190,1.1978
2026-09-03T21:24:41.558654+00:00,0,11,reassign,static,request,10,1.0,61,216,82,94,41,455,0,0,5,3,4903.836,OPTIMAL,4042.000000,41.3007,74.9552
2026-09-03T21:24:52.079136+00:00,0,11,dynamic+reassign,sketch,p50,10,1.0,61,175,83,97,50,494,0,4,17,8,10460.827,OPTIMAL,4039.000000,0.6505,1.2469
2026-09-03T21:24:56.444030+00:00,0,11,es,es,p50,10,1.0,61,181,84,102,41,484,0,3,32,10,3191.876,OPTIMAL,4041.000000,0.5974,1.2130
2026-09-03T21:25:18.929668+00:00,0,11,p90,sketch,p90,10,1.0,61,206,85,96,41,466,0,3,9,3,22427.403,OPTIMAL,4042.000000,12.8895,14.0593
2026-09-03T21:25:48.753180+00:00,0,11,avg,sketch,avg,10,1.0,61,174,84,98,50,495,0,5,13,6,29760.843,OPTIMAL,4039.000000,0.0000,0.0000
2026-09-03T21:26:18.924912+00:00,0,11,p50-1.2xalloc,sketch,p50bump,10,1.0,61,179,83,99,48,488,0,4,25,8,30107.182,FEASIBLE,4039.000000,6.1035,23.9383
2026-09-03T21:26:36.177852+00:00,0,11,window-avg,sketch,window,10,1.0,61,172,84,103,47,492,0,3,33,11,17185.716,OPTIMAL,4041.000000,3.6234,14.6497
2026-09-03T21:26:49.362501+00:00,0,12,static,static,request,0,0.0,59,233,41,93,43,497,0,0,1,1,8917.751,OPTIMAL,41.000000,37.4630,78.0861
2026-09-03T21:27:19.519844+00:00,0,12,dynamic,sketch,p50,0,0.0,59,176,46,110,39,542,0,0,21,7,30087.991,FEASIBLE,46.000000,0.6491,1.1652
2026-09-03T21:27:22.732494+00:00,0,12,reassign,static,request,10,1.0,59,233,80,92,42,497,0,0,3,3,3201.144,OPTIMAL,4040.000000,40.0052,80.8170
2026-09-03T21:27:52.906251+00:00,0,12,dynamic+reassign,sketch,p50,10,1.0,59,191,86,105,38,532,0,2,18,6,30108.217,FEASIBLE,4044.000000,0.6383,1.1290
2026-09-03T21:28:09.474351+00:00,0,12,es,es,p50,10,1.0,59,196,86,104,44,528,0,3,19,7,16167.032,OPTIMAL,4043.000000,0.6052,1.1917
2026-09-03T21:28:17.120093+00:00,0,12,p90,sketch,p90,10,1.0,59,220,83,101,38,504,0,2,3,1,7581.167,OPTIMAL,4041.000000,12.9448,14.1340
2026-09-03T21:28:38.568978+00:00,0,12,avg,sketch,avg,10,1.0,59,189,87,104,41,536,0,1,6,2,21380.579,OPTIMAL,4046.000000,0.0000,0.0000
2026-09-03T21:28:42.062692+00:00,0,12,p50-1.2xalloc,sketch,p50bump,10,1.0,59,195,86,102,43,531,0,1,13,6,3425.243,OPTIMAL,4045.000000,4.1854,16.5693
2026-09-03T21:29:12.237995+00:00,0,12,window-avg,sketch,window,10,1.0,59,187,87,106,44,536,0,2,19,6,30110.701,FEASIBLE,4045.000000,5.0207,15.2439
2026-09-03T21:29:18.024598+00:00,0,13,static,static,request,0,0.0,61,253,43,96,40,537,0,0,5,5,1277.200,OPTIMAL,43.000000,45.0204,91.5795
2026-09-03T21:29:18.853913+00:00,0,13,dynamic,sketch,p50,0,0.0,61,191,42,104,48,590,0,0,31,9,741.199,OPTIMAL,42.000000,0.6034,1.1147
2026-09-03T21:29:20.939771+00:00,0,13,reassign,static,request,10,1.0,61,254,82,93,41,538,0,0,13,7,2074.733,OPTIMAL,4042.000000,47.7312,96.3140
2026-09-03T21:29:45.511474+00:00,0,13,dynamic+reassign,sketch,p50,10,1.0,61,206,84,103,46,578,0,3,30,9,24508.282,OPTIMAL,4041.000000,0.5921,1.1343
2026-09-03T21:30:06.188921+00:00,0,13,es,es,p50,10,1.0,61,211,85,102,47,575,0,1,17,6,19838.789,OPTIMAL,4044.000000,0.5046,1.0123
2026-09-03T21:30:22.316159+00:00,0,13,p90,sketch,p90,10,1.0,61,238,84,101,44,548,0,2,19,6,16071.224,OPTIMAL,4042.000000,12.8507,14.0028
2026-09-03T21:30:41.424924+00:00,0,13,avg,sketch,avg,10,1.0,61,203,82,104,42,578,0,2,40,10,19040.033,OPTIMAL,4040.000000,0.0000,0.0000
2026-09-03T21:30:49.034069+00:00,0,13,p50-1.2xalloc,sketch,p50bump,10,1.0,61,210,85,102,45,576,0,2,21,7,7543.002,OPTIMAL,4043.000000,4.2387,14.2576
2026-09-03T21:30:58.260318+00:00,0,13,window-avg,sketch,window,10,1.0,61,201,80,102,44,580,0,2,15,6,9159.439,OPTIMAL,4038.000000,5.0060,16.2488
2026-09-03T21:31:05.996470+00:00,0,14,static,static,request,0,0.0,68,278,40,94,42,579,0,0,10,5,4006.480,OPTIMAL,40.000000,42.2838,88.6152
2026-09-03T21:31:07.450390+00:00,0,14,dynamic,sketch,p50,0,0.0,68,217,37,101,40,630,0,0,18,8,1383.809,OPTIMAL,37.000000,0.5313,1.0406
2026-09-03T21:31:20.621906+00:00,0,14,reassign,static,request,10,1.0,68,280,80,93,40,578,0,0,7,4,13160.054,OPTIMAL,4040.000000,43.3446,88.6152
2026-09-03T21:31:36.536657+00:00,0,14,dynamic+reassign,sketch,p50,10,1.0,68,230,77,100,40,618,0,4,7,5,15842.281,OPTIMAL,4033.000000,0.5482,0.9974
2026-09-03T21:31:47.672763+00:00,0,14,es,es,p50,10,1.0,68,234,77,99,40,615,0,3,22,7,10267.562,OPTIMAL,4034.000000,0.5461,1.0683
2026-09-03T21:32:17.842765+00:00,0,14,p90,sketch,p90,10,1.0,68,262,80,94,47,595,0,6,12,5,30108.894,FEASIBLE,4034.000000,12.9652,13.8085
2026-09-03T21:32:31.872249+00:00,0,14,avg,sketch,avg,10,1.0,68,229,74,102,36,614,0,8,25,10,13956.666,OPTIMAL,4026.000000,0.0000,0.0000
2026-09-03T21:32:36.011498+00:00,0,14,p50-1.2xalloc,sketch,p50bump,10,1.0,68,233,78,102,38,614,0,7,23,9,4071.292,OPTIMAL,4031.000000,5.0320,19.1310
2026-09-03T21:32:39.545710+00:00,0,14,window-avg,sketch,window,10,1.0,68,229,75,96,41,621,0,3,15,6,3472.664,OPTIMAL,4032.000000,4.5622,15.6404
2026-09-03T21:32:44.594703+00:00,0,15,static,static,request,0,0.0,56,294,32,91,35,614,0,0,10,3,278.803,OPTIMAL,32.000000,40.3039,80.2964
2026-09-03T21:32:45.195260+00:00,0,15,dynamic,sketch,p50,0,0.0,56,236,39,96,44,674,0,0,22,8,523.843,OPTIMAL,39.000000,0.6901,1.2733
2026-09-03T21:32:48.193568+00:00,0,15,reassign,static,request,10,1.0,56,296,75,90,38,616,0,0,6,2,2984.479,OPTIMAL,4035.000000,42.1953,80.2964
2026-09-03T21:32:59.496920+00:00,0,15,dynamic+reassign,sketch,p50,10,1.0,56,249,81,97,44,662,0,1,18,6,11242.718,OPTIMAL,4040.000000,0.6734,1.3865
2026-09-03T21:33:12.156097+00:00,0,15,es,es,p50,10,1.0,56,253,79,97,41,656,0,1,11,4,11717.124,OPTIMAL,4038.000000,0.6447,1.2932
2026-09-03T21:33:18.824131+00:00,0,15,p90,sketch,p90,10,1.0,56,278,70,92,32,627,0,3,13,4,6601.902,OPTIMAL,4027.000000,12.8980,14.2536
2026-09-03T21:33:21.755197+00:00,0,15,avg,sketch,avg,10,1.0,56,251,82,96,48,662,0,0,8,4,2873.367,OPTIMAL,4042.000000,0.0000,0.0000
2026-09-03T21:33:26.446595+00:00,0,15,p50-1.2xalloc,sketch,p50bump,10,1.0,56,251,82,103,41,655,0,3,25,6,4627.570,OPTIMAL,4039.000000,4.2740,20.5673
2026-09-03T21:33:30.555205+00:00,0,15,window-avg,sketch,window,10,1.0,56,250,79,92,43,664,0,1,19,6,4050.051,OPTIMAL,4038.000000,4.9946,13.4914
2026-09-03T21:33:36.286318+00:00,0,16,static,static,request,0,0.0,73,335,38,89,40,654,0,0,7,4,1712.470,OPTIMAL,38.000000,31.2838,63.4755
2026-09-03T21:33:37.163449+00:00,0,16,dynamic,sketch,p50,0,0.0,73,270,45,98,43,717,0,0,19,8,801.597,OPTIMAL,45.000000,0.7766,1.3098
2026-09-03T21:33:49.986305+00:00,0,16,reassign,static,request,10,1.0,73,334,75,90,35,651,0,0,3,3,12809.245,OPTIMAL,4035.000000,34.6359,77.5916
2026-09-03T21:33:54.843500+00:00,0,16,dynamic+reassign,sketch,p50,10,1.0,73,281,80,96,41,703,0,4,19,8,4790.896,OPTIMAL,4036.000000,0.6577,1.2523
2026-09-03T21:34:10.511515+00:00,0,16,es,es,p50,10,1.0,73,287,80,93,44,700,0,4,21,8,15012.589,OPTIMAL,4036.000000,0.6432,1.0994
2026-09-03T21:34:19.513890+00:00,0,16,p90,sketch,p90,10,1.0,73,321,80,84,48,675,0,4,11,5,8951.885,OPTIMAL,4036.000000,13.0948,14.6757
2026-09-03T21:34:27.983813+00:00,0,16,avg,sketch,avg,10,1.0,73,282,81,95,42,704,0,2,24,9,8413.151,OPTIMAL,4039.000000,0.0000,0.0000
2026-09-03T21:34:44.898458+00:00,0,16,p50-1.2xalloc,sketch,p50bump,10,1.0,73,282,79,99,43,698,0,5,33,13,16849.124,OPTIMAL,4034.000000,5.1958,17.8007
2026-09-03T21:35:02.509669+00:00,0,16,window-avg,sketch,window,10,1.0,73,284,79,94,37,701,0,3,19,8,17547.929,OPTIMAL,4036.000000,3.9761,17.2926
2026-09-03T21:35:07.145276+00:00,0,17,static,static,request,0,0.0,57,354,35,85,39,693,0,0,6,3,1348.711,OPTIMAL,35.000000,38.8383,83.0815
2026-09-03T21:35:11.355797+00:00,0,17,dynamic,sketch,p50,0,0.0,57,282,46,99,45,762,0,0,15,6,4147.335,OPTIMAL,46.000000,0.6584,1.0963
2026-09-03T21:35:18.565779+00:00,0,17,reassign,static,request,10,1.0,57,356,74,84,40,691,0,0,5,2,7198.965,OPTIMAL,4034.000000,36.0033,78.8357
2026-09-03T21:35:47.047828+00:00,0,17,dynamic+reassign,sketch,p50,10,1.0,57,298,88,97,47,750,0,0,5,2,28425.670,OPTIMAL,4048.000000,0.6439,1.2512
2026-09-03T21:36:01.166145+00:00,0,17,es,es,p50,10,1.0,57,304,86,99,40,740,0,0,9,3,13630.088,OPTIMAL,4046.000000,0.5965,1.0937
2026-09-03T21:36:08.727156+00:00,0,17,p90,sketch,p90,10,1.0,57,338,78,92,30,705,0,1,7,2,7501.838,OPTIMAL,4037.000000,12.9897,14.4242
2026-09-03T21:36:38.905262+00:00,0,17,avg,sketch,avg,10,1.0,57,298,85,95,45,749,0,2,21,7,30124.926,FEASIBLE,4043.000000,0.0000,0.0000
2026-09-03T21:37:09.057311+00:00,0,17,p50-1.2xalloc,sketch,p50bump,10,1.0,57,300,85,96,48,746,0,3,11,5,30101.776,FEASIBLE,4042.000000,3.9458,13.8943
2026-09-03T21:37:14.829589+00:00,0,17,window-avg,sketch,window,10,1.0,57,302,85,94,45,746,0,1,13,5,5719.032,OPTIMAL,4044.000000,4.9450,20.9104
2026-09-03T21:37:19.498104+00:00,0,18,static,static,request,0,0.0,57,376,41,85,41,734,0,0,4,2,376.474,OPTIMAL,41.000000,30.5987,55.8732
2026-09-03T21:37:49.662340+00:00,0,18,dynamic,sketch,p50,0,0.0,57,293,46,100,45,807,0,0,16,6,30101.271,FEASIBLE,46.000000,0.7137,1.2378
2026-09-03T21:38:03.262414+00:00,0,18,reassign,static,request,10,1.0,57,379,84,84,44,735,0,0,5,2,13589.598,OPTIMAL,4044.000000,27.8244,54.8791
2026-09-03T21:38:19.609330+00:00,0,18,dynamic+reassign,sketch,p50,10,1.0,57,307,85,104,38,788,0,2,16,5,16278.552,OPTIMAL,4043.000000,0.6191,1.2368
2026-09-03T21:38:50.750058+00:00,0,18,es,es,p50,10,1.0,57,315,84,100,43,783,0,2,20,7,30154.510,FEASIBLE,4042.000000,0.5929,1.2117
2026-09-03T21:38:56.880481+00:00,0,18,p90,sketch,p90,10,1.0,57,357,83,90,45,750,0,1,1,1,6075.829,OPTIMAL,4042.000000,12.8956,14.7377
2026-09-03T21:39:09.214194+00:00,0,18,avg,sketch,avg,10,1.0,57,310,85,100,40,789,0,3,18,6,12274.776,OPTIMAL,4042.000000,0.0000,0.0000
2026-09-03T21:39:15.177183+00:00,0,18,p50-1.2xalloc,sketch,p50bump,10,1.0,57,312,83,97,42,788,0,4,12,5,5897.938,OPTIMAL,4039.000000,4.2496,15.7439
2026-09-03T21:39:45.359308+00:00,0,18,window-avg,sketch,window,10,1.0,57,314,85,99,40,786,0,2,11,5,30121.546,FEASIBLE,4043.000000,3.3651,13.5846
2026-09-03T21:39:50.373363+00:00,0,19,static,static,request,0,0.0,56,391,40,92,33,767,0,0,4,3,962.662,OPTIMAL,40.000000,41.8763,77.2212
2026-09-03T21:39:52.850214+00:00,0,19,dynamic,sketch,p50,0,0.0,56,303,46,99,47,854,0,0,20,7,2404.504,OPTIMAL,46.000000,0.6612,1.1971
2026-09-03T21:40:02.472086+00:00,0,19,reassign,static,request,10,1.0,56,391,74,93,29,764,0,0,9,5,9611.175,OPTIMAL,3638.000000,43.1338,84.6119
2026-09-03T21:40:08.455866+00:00,0,19,dynamic+reassign,sketch,p50,10,1.0,56,318,84,100,48,836,0,3,22,8,5917.269,OPTIMAL,4041.000000,0.6786,1.2143
2026-09-03T21:40:39.806164+00:00,0,19,es,es,p50,10,1.0,56,327,85,97,48,831,0,2,14,7,30183.779,FEASIBLE,4043.000000,0.5994,1.1083
2026-09-03T21:40:54.166290+00:00,0,19,p90,sketch,p90,10,1.0,56,370,83,96,37,787,0,3,6,4,14298.854,OPTIMAL,4040.000000,12.9276,13.9161
2026-09-03T21:41:21.934403+00:00,0,19,avg,sketch,avg,10,1.0,56,321,85,99,46,835,0,2,10,6,27705.697,OPTIMAL,4043.000000,0.0000,0.0000
2026-09-03T21:41:30.963954+00:00,0,19,p50-1.2xalloc,sketch,p50bump,10,1.0,56,325,84,95,46,834,0,5,8,4,8968.051,OPTIMAL,4039.000000,5.0992,19.1247
2026-09-03T21:41:35.788670+00:00,0,19,window-avg,sketch,window,10,1.0,56,325,85,98,46,832,0,2,17,7,4766.858,OPTIMAL,4043.000000,3.3049,11.8611
2026-09-03T21:41:42.349837+00:00,0,20,static,static,request,0,0.0,77,428,42,91,43,810,0,0,14,6,2614.941,OPTIMAL,42.000000,44.1006,91.7952
2026-09-03T21:41:51.496091+00:00,0,20,dynamic,sketch,p50,0,0.0,77,334,46,101,44,898,0,0,10,6,9081.920,OPTIMAL,46.000000,0.6177,1.1372
2026-09-03T21:42:21.611522+00:00,0,20,reassign,static,request,10,1.0,77,430,82,89,46,810,0,0,8,5,30103.952,FEASIBLE,4042.000000,46.4767,91.7952
2026-09-03T21:42:31.436032+00:00,0,20,dynamic+reassign,sketch,p50,10,1.0,77,351,82,95,47,883,0,4,10,6,9759.847,OPTIMAL,4038.000000,0.5541,1.1077
2026-09-03T21:43:02.798047+00:00,0,20,es,es,p50,10,1.0,77,359,82,95,44,875,0,4,11,6,30115.631,FEASIBLE,4038.000000,0.5359,1.0658
2026-09-03T21:43:32.960842+00:00,0,20,p90,sketch,p90,10,1.0,77,404,81,91,46,833,0,5,6,4,30104.980,FEASIBLE,4036.000000,13.1991,14.7849
2026-09-03T21:44:03.122551+00:00,0,20,avg,sketch,avg,10,1.0,77,353,81,96,44,879,0,4,8,6,30100.938,FEASIBLE,4037.000000,0.0000,0.0000
2026-09-03T21:44:33.292247+00:00,0,20,p50-1.2xalloc,sketch,p50bump,10,1.0,77,358,80,93,42,876,0,5,10,7,30107.954,FEASIBLE,4035.000000,4.2100,13.6517
2026-09-03T21:44:46.942427+00:00,0,20,window-avg,sketch,window,10,1.0,77,357,85,97,46,878,0,2,9,5,13589.969,OPTIMAL,4043.000000,2.6501,8.1183
2026-09-03T21:44:52.915593+00:00,0,21,static,static,request,0,0.0,42,428,39,88,42,852,0,0,13,5,949.879,OPTIMAL,39.000000,47.7621,110.5363
2026-09-03T21:44:54.429812+00:00,0,21,dynamic,sketch,p50,0,0.0,42,330,43,108,36,934,0,0,28,9,1434.610,OPTIMAL,43.000000,0.6101,1.0595
2026-09-03T21:44:57.194923+00:00,0,21,reassign,static,request,10,1.0,42,430,79,89,40,850,0,0,11,5,2754.063,OPTIMAL,3940.000000,46.9352,119.7009
2026-09-03T21:45:27.362891+00:00,0,21,dynamic+reassign,sketch,p50,10,1.0,42,351,85,99,41,924,0,1,18,7,30108.742,FEASIBLE,4044.000000,0.6163,0.9058
2026-09-03T21:45:55.697200+00:00,0,21,es,es,p50,10,1.0,42,359,88,99,44,919,0,1,16,6,27949.855,OPTIMAL,4047.000000,0.5651,0.9721
2026-09-03T21:46:08.898265+00:00,0,21,p90,sketch,p90,10,1.0,42,405,79,88,42,875,0,4,8,3,13144.018,OPTIMAL,4035.000000,12.9816,14.0450
2026-09-03T21:46:13.595140+00:00,0,21,avg,sketch,avg,10,1.0,42,354,86,99,43,922,0,1,15,6,4634.946,OPTIMAL,4045.000000,0.0000,0.0000
2026-09-03T21:46:43.761378+00:00,0,21,p50-1.2xalloc,sketch,p50bump,10,1.0,42,360,86,96,43,919,0,2,10,4,30112.032,FEASIBLE,4044.000000,3.4584,16.9070
2026-09-03T21:46:48.917974+00:00,0,21,window-avg,sketch,window,10,1.0,42,354,83,103,37,915,0,1,10,4,5089.200,OPTIMAL,4042.000000,3.3850,9.2618
2026-09-03T21:46:54.412030+00:00,0,22,static,static,request,0,0.0,55,444,38,82,44,896,0,0,5,2,1103.177,OPTIMAL,38.000000,48.6191,99.0040
2026-09-03T21:46:55.367519+00:00,0,22,dynamic,sketch,p50,0,0.0,55,342,47,108,47,981,0,0,10,4,874.034,OPTIMAL,47.000000,0.6576,1.2790
2026-09-03T21:46:57.943124+00:00,0,22,reassign,static,request,10,1.0,55,445,75,82,42,892,0,0,7,3,2562.297,OPTIMAL,4035.000000,47.0562,99.0040
2026-09-03T21:47:00.951047+00:00,0,22,dynamic+reassign,sketch,p50,10,1.0,55,361,87,105,41,965,0,2,15,6,2946.722,OPTIMAL,4045.000000,0.6554,1.3515
2026-09-03T21:47:12.552189+00:00,0,22,es,es,p50,10,1.0,55,366,87,106,40,959,0,4,16,7,10771.626,OPTIMAL,4043.000000,0.5925,1.2655
2026-09-03T21:47:23.775225+00:00,0,22,p90,sketch,p90,10,1.0,55,421,82,90,40,915,0,4,4,4,11169.614,OPTIMAL,4038.000000,12.9441,14.5036
2026-09-03T21:47:30.073551+00:00,0,22,avg,sketch,avg,10,1.0,55,363,89,103,45,967,0,1,17,6,6235.980,OPTIMAL,4048.000000,0.0000,0.0000
2026-09-03T21:48:00.327882+00:00,0,22,p50-1.2xalloc,sketch,p50bump,10,1.0,55,369,87,99,44,963,0,3,21,8,30197.894,FEASIBLE,4044.000000,4.9077,20.6322
2026-09-03T21:48:30.502980+00:00,0,22,window-avg,sketch,window,10,1.0,55,366,89,106,46,961,0,1,13,6,30111.058,FEASIBLE,4048.000000,5.5172,21.3515
2026-09-03T21:48:36.580165+00:00,0,23,static,static,request,0,0.0,74,480,38,90,30,926,0,0,5,2,1006.087,OPTIMAL,38.000000,43.9846,93.7706
2026-09-03T21:48:37.266313+00:00,0,23,dynamic,sketch,p50,0,0.0,74,369,44,103,49,1030,0,0,20,9,586.294,OPTIMAL,44.000000,0.6127,1.1085
2026-09-03T21:48:56.279151+00:00,0,23,reassign,static,request,10,1.0,74,484,81,90,33,925,0,0,10,5,19000.481,OPTIMAL,4041.000000,43.9406,99.3960
2026-09-03T21:49:26.463335+00:00,0,23,dynamic+reassign,sketch,p50,10,1.0,74,388,83,111,37,1002,0,5,37,13,30111.011,FEASIBLE,4038.000000,0.6422,1.1375
2026-09-03T21:49:58.025179+00:00,0,23,es,es,p50,10,1.0,74,393,79,109,36,995,0,6,26,10,30161.235,FEASIBLE,4033.000000,0.5818,1.0761
2026-09-03T21:50:11.703256+00:00,0,23,p90,sketch,p90,10,1.0,74,453,84,91,43,958,0,3,13,5,13624.596,OPTIMAL,4041.000000,13.0826,14.7374
2026-09-03T21:50:41.895631+00:00,0,23,avg,sketch,avg,10,1.0,74,388,79,109,33,1000,0,4,34,12,30118.063,FEASIBLE,4035.000000,0.0000,0.0000
2026-09-03T21:51:05.280556+00:00,0,23,p50-1.2xalloc,sketch,p50bump,10,1.0,74,396,81,106,34,997,0,3,18,7,23316.798,OPTIMAL,4038.000000,4.9591,19.9697
2026-09-03T21:51:35.455555+00:00,0,23,window-avg,sketch,window,10,1.0,74,391,82,108,40,1001,0,2,16,7,30105.540,FEASIBLE,4040.000000,2.8044,10.3097
2026-09-03T21:51:40.734769+00:00,0,24,static,static,request,0,0.0,68,510,42,88,44,970,0,0,8,4,908.090,OPTIMAL,42.000000,44.3596,81.9281
2026-09-03T21:51:43.738100+00:00,0,24,dynamic,sketch,p50,0,0.0,68,393,44,107,40,1070,0,0,9,3,2920.976,OPTIMAL,44.000000,0.5381,1.0990
2026-09-03T21:51:51.381091+00:00,0,24,reassign,static,request,10,1.0,68,511,82,89,43,968,0,0,6,4,7632.007,OPTIMAL,4042.000000,42.7853,81.9281
2026-09-03T21:52:09.425694+00:00,0,24,dynamic+reassign,sketch,p50,10,1.0,68,413,85,104,52,1054,0,0,14,5,17979.580,OPTIMAL,4045.000000,0.6385,1.5270
2026-09-03T21:52:40.082795+00:00,0,24,es,es,p50,10,1.0,68,422,85,100,54,1049,0,1,20,7,30195.694,FEASIBLE,4044.000000,0.5757,1.4295
2026-09-03T21:52:48.951454+00:00,0,24,p90,sketch,p90,10,1.0,68,477,82,99,34,992,0,2,12,4,8803.488,OPTIMAL,4040.000000,12.9600,14.5807
2026-09-03T21:53:19.128690+00:00,0,24,avg,sketch,avg,10,1.0,68,417,85,101,53,1053,0,0,10,4,30115.432,FEASIBLE,4045.000000,0.0000,0.0000
2026-09-03T21:53:25.302404+00:00,0,24,p50-1.2xalloc,sketch,p50bump,10,1.0,68,423,84,100,50,1047,0,1,2,1,6106.001,OPTIMAL,4043.000000,3.8375,16.7159
2026-09-03T21:53:28.808742+00:00,0,24,window-avg,sketch,window,10,1.0,68,417,84,101,51,1052,0,0,4,1,3443.648,OPTIMAL,4044.000000,4.5230,13.1688
2026-09-03T21:53:33.847783+00:00,0,25,static,static,request,0,0.0,60,528,38,95,31,1001,0,0,7,3,741.066,OPTIMAL,38.000000,40.7288,87.3363
2026-09-03T21:53:34.987766+00:00,0,25,dynamic,sketch,p50,0,0.0,60,409,42,98,51,1121,0,0,31,10,1037.699,OPTIMAL,42.000000,0.5784,1.1512
2026-09-03T21:53:36.995236+00:00,0,25,reassign,static,request,10,1.0,60,529,81,95,35,1003,0,0,7,3,1996.607,OPTIMAL,4041.000000,39.7834,87.3363
2026-09-03T21:53:54.880500+00:00,0,25,dynamic+reassign,sketch,p50,10,1.0,60,428,79,96,47,1101,0,1,34,11,17823.379,OPTIMAL,4038.000000,0.6043,1.1588
2026-09-03T21:53:59.132937+00:00,0,25,es,es,p50,10,1.0,60,437,80,95,45,1094,0,1,22,7,3200.547,OPTIMAL,4039.000000,0.5365,1.0615
2026-09-03T21:54:29.303506+00:00,0,25,p90,sketch,p90,10,1.0,60,495,80,96,43,1035,0,4,21,6,30106.521,FEASIBLE,4036.000000,12.9093,14.3210
2026-09-03T21:54:47.195562+00:00,0,25,avg,sketch,avg,10,1.0,60,432,79,93,47,1100,0,2,26,8,17830.654,OPTIMAL,4037.000000,0.0000,0.0000
2026-09-03T21:54:53.314589+00:00,0,25,p50-1.2xalloc,sketch,p50bump,10,1.0,60,439,79,96,43,1090,0,4,15,5,6055.485,OPTIMAL,4035.000000,5.5105,19.7698
2026-09-03T21:55:23.480221+00:00,0,25,window-avg,sketch,window,10,1.0,60,433,79,94,46,1098,0,3,36,11,30106.271,FEASIBLE,4036.000000,2.8113,8.2308
2026-09-03T21:55:28.867946+00:00,0,26,static,static,request,0,0.0,71,561,39,92,42,1043,0,0,3,3,1426.208,OPTIMAL,39.000000,45.9447,86.3601
2026-09-03T21:55:59.146023+00:00,0,26,dynamic,sketch,p50,0,0.0,71,438,45,96,47,1168,0,0,13,3,30204.536,FEASIBLE,45.000000,0.6634,1.2014
2026-09-03T21:56:01.890445+00:00,0,26,reassign,static,request,10,1.0,71,559,79,93,41,1044,0,0,5,4,2732.887,OPTIMAL,4039.000000,45.2625,86.5491
2026-09-03T21:56:13.178707+00:00,0,26,dynamic+reassign,sketch,p50,10,1.0,71,460,81,93,44,1145,0,0,11,2,11227.283,OPTIMAL,4041.000000,0.6239,1.1084
2026-09-03T21:56:35.587067+00:00,0,26,es,es,p50,10,1.0,71,468,83,96,42,1136,0,0,7,2,21607.204,OPTIMAL,4043.000000,0.6244,1.0939
2026-09-03T21:56:39.792903+00:00,0,26,p90,sketch,p90,10,1.0,71,526,81,97,40,1075,0,1,1,1,4141.626,OPTIMAL,4040.000000,13.0948,14.4255
2026-09-03T21:57:09.958909+00:00,0,26,avg,sketch,avg,10,1.0,71,464,82,94,41,1141,0,0,19,4,30110.085,FEASIBLE,4042.000000,0.0000,0.0000
2026-09-03T21:57:40.124420+00:00,0,26,p50-1.2xalloc,sketch,p50bump,10,1.0,71,471,83,95,44,1134,0,2,2,1,30105.426,FEASIBLE,4041.000000,3.3362,7.1644
2026-09-03T21:57:43.409740+00:00,0,26,window-avg,sketch,window,10,1.0,71,465,82,94,42,1140,0,0,0,0,3224.922,OPTIMAL,4042.000000,5.1191,14.7556
2026-09-03T21:57:48.535212+00:00,0,27,static,static,request,0,0.0,44,566,38,89,41,1084,0,0,7,2,800.531,OPTIMAL,38.000000,43.8574,95.0416
2026-09-03T21:57:52.745377+00:00,0,27,dynamic,sketch,p50,0,0.0,44,437,44,95,45,1213,0,0,7,3,4145.600,OPTIMAL,44.000000,0.6428,1.2431
2026-09-03T21:57:55.543537+00:00,0,27,reassign,static,request,10,1.0,44,564,79,91,41,1085,0,0,13,6,2787.922,OPTIMAL,4039.000000,44.4006,86.6812
2026-09-03T21:58:18.490316+00:00,0,27,dynamic+reassign,sketch,p50,10,1.0,44,463,88,92,49,1194,0,1,2,1,22897.604,OPTIMAL,4047.000000,0.5798,0.9413
2026-09-03T21:58:49.097596+00:00,0,27,es,es,p50,10,1.0,44,469,87,93,50,1186,0,1,10,3,30016.257,OPTIMAL,4046.000000,0.4890,0.7818
2026-09-03T21:58:59.916926+00:00,0,27,p90,sketch,p90,10,1.0,44,529,80,87,50,1125,0,2,4,3,10761.389,OPTIMAL,4038.000000,12.9123,14.4898
2026-09-03T21:59:30.105177+00:00,0,27,avg,sketch,avg,10,1.0,44,466,86,93,47,1188,0,1,1,1,30131.084,FEASIBLE,4045.000000,0.0000,0.0000
2026-09-03T21:59:45.092123+00:00,0,27,p50-1.2xalloc,sketch,p50bump,10,1.0,44,472,85,92,48,1182,0,2,2,1,14928.700,OPTIMAL,4043.000000,3.0800,7.0218
2026-09-03T21:59:56.876800+00:00,0,27,window-avg,sketch,window,10,1.0,44,467,85,93,46,1186,0,0,5,2,11724.367,OPTIMAL,4045.000000,3.1325,12.6817
2026-09-03T22:00:01.883147+00:00,0,28,static,static,request,0,0.0,54,582,36,84,41,1125,0,0,12,5,908.643,OPTIMAL,36.000000,43.1820,97.6214
2026-09-03T22:00:32.046653+00:00,0,28,dynamic,sketch,p50,0,0.0,54,447,44,90,49,1262,0,0,26,10,30091.883,FEASIBLE,44.000000,0.5745,0.9112
2026-09-03T22:00:35.360055+00:00,0,28,reassign,static,request,10,1.0,54,579,76,87,40,1125,0,0,8,3,3301.444,OPTIMAL,4036.000000,41.8890,97.6214
2026-09-03T22:00:42.041127+00:00,0,28,dynamic+reassign,sketch,p50,10,1.0,54,469,81,95,38,1232,0,3,16,7,6615.886,OPTIMAL,4038.000000,0.6184,1.1539
2026-09-03T22:00:50.167477+00:00,0,28,es,es,p50,10,1.0,54,476,81,96,38,1224,0,5,23,9,7098.299,OPTIMAL,4036.000000,0.5754,1.0774
2026-09-03T22:01:09.266956+00:00,0,28,p90,sketch,p90,10,1.0,54,543,80,89,38,1163,0,5,17,5,19043.535,OPTIMAL,4035.000000,12.9677,14.4540
2026-09-03T22:01:16.100741+00:00,0,28,avg,sketch,avg,10,1.0,54,474,79,96,36,1224,0,3,34,12,6768.473,OPTIMAL,4036.000000,0.0000,0.0000
2026-09-03T22:01:21.336473+00:00,0,28,p50-1.2xalloc,sketch,p50bump,10,1.0,54,481,82,93,41,1223,0,5,24,9,5176.848,OPTIMAL,4037.000000,5.5461,21.6519
2026-09-03T22:01:51.521221+00:00,0,28,window-avg,sketch,window,10,1.0,54,476,83,93,43,1229,0,5,29,10,30130.410,FEASIBLE,4038.000000,2.4366,3.4216
2026-09-03T22:01:56.860990+00:00,0,29,static,static,request,0,0.0,55,601,39,85,38,1163,0,0,2,2,1587.314,OPTIMAL,39.000000,43.3313,78.6968
2026-09-03T22:01:57.890503+00:00,0,29,dynamic,sketch,p50,0,0.0,55,458,39,100,29,1291,0,0,19,7,947.298,OPTIMAL,39.000000,0.5754,1.1766
2026-09-03T22:02:03.557481+00:00,0,29,reassign,static,request,10,1.0,55,598,79,82,44,1169,0,0,8,3,5653.693,OPTIMAL,4039.000000,42.6819,78.6968
2026-09-03T22:02:10.902278+00:00,0,29,dynamic+reassign,sketch,p50,10,1.0,55,483,79,89,45,1277,0,2,10,4,7289.573,OPTIMAL,4037.000000,0.6689,1.1462
2026-09-03T22:02:35.603118+00:00,0,29,es,es,p50,10,1.0,55,490,82,89,49,1273,0,2,22,6,23447.826,OPTIMAL,4040.000000,0.6002,1.0913
2026-09-03T22:02:51.506588+00:00,0,29,p90,sketch,p90,10,1.0,55,558,84,89,44,1207,0,4,17,7,15850.708,OPTIMAL,4040.000000,12.8663,13.9203
2026-09-03T22:03:02.123578+00:00,0,29,avg,sketch,avg,10,1.0,55,490,80,86,50,1274,0,1,21,6,10563.981,OPTIMAL,4039.000000,0.0000,0.0000
2026-09-03T22:03:24.704594+00:00,0,29,p50-1.2xalloc,sketch,p50bump,10,1.0,55,494,81,88,46,1269,0,4,8,3,22525.974,OPTIMAL,4037.000000,6.1887,26.3543
2026-09-03T22:03:46.121775+00:00,0,29,window-avg,sketch,window,10,1.0,55,488,82,88,47,1276,0,1,10,3,21363.974,OPTIMAL,4041.000000,3.2882,8.1069
2026-09-03T22:03:50.875953+00:00,1,0,static,static,request,0,0.0,66,66,66,66,0,0,0,0,0,0,126.475,OPTIMAL,66.000000,,
2026-09-03T22:03:50.992989+00:00,1,0,dynamic,sketch,p50,0,0.0,66,66,66,66,0,0,0,0,0,0,116.363,OPTIMAL,66.000000,,
2026-09-03T22:03:51.108426+00:00,1,0,reassign,static,request,10,1.0,66,66,66,66,0,0,0,0,0,0,114.777,OPTIMAL,66.000000,,
2026-09-03T22:03:51.224900+00:00,1,0,dynamic+reassign,sketch,p50,10,1.0,66,66,66,66,0,0,0,0,0,0,115.826,OPTIMAL,66.000000,,
2026-09-03T22:03:51.331586+00:00,1,0,es,es,p50,10,1.0,66,66,66,66,0,0,0,0,0,0,106.072,OPTIMAL,66.000000,,
2026-09-03T22:03:51.432200+00:00,1,0,p90,sketch,p90,10,1.0,66,66,66,66,0,0,0,0,0,0,100.053,OPTIMAL,66.000000,,
2026-09-03T22:03:51.533382+00:00,1,0,avg,sketch,avg,10,1.0,66,66,66,66,0,0,0,0,0,0,100.625,OPTIMAL,66.000000,,
2026-09-03T22:03:51.635136+00:00,1,0,p50-1.2xalloc,sketch,p50bump,10,1.0,66,66,66,66,0,0,0,0,0,0,101.199,OPTIMAL,66.000000,,
2026-09-03T22:03:51.729969+00:00,1,0,window-avg,sketch,window,10,1.0,66,66,66,66,0,0,0,0,0,0,94.296,OPTIMAL,66.000000,,
2026-09-03T22:04:03.514329+00:00,1,1,static,static,request,0,0.0,61,61,43,102,7,7,0,0,6,2,7580.917,OPTIMAL,43.000000,45.2526,93.7869
2026-09-03T22:04:06.976157+00:00,1,1,dynamic,sketch,p50,0,0.0,61,61,49,108,7,7,0,0,6,2,3406.843,OPTIMAL,49.000000,0.6530,1.0958
2026-09-03T22:04:24.278975+00:00,1,1,reassign,static,request,10,1.0,61,61,79,102,7,7,0,0,6,2,17294.989,OPTIMAL,3643.000000,45.2526,93.7869
2026-09-03T22:04:54.559032+00:00,1,1,dynamic+reassign,sketch,p50,10,1.0,61,61,89,108,7,7,0,2,6,2,30217.639,FEASIBLE,4047.000000,0.6530,1.0958
2026-09-03T22:05:21.019742+00:00,1,1,es,es,p50,10,1.0,61,61,88,107,7,7,0,1,2,1,25583.753,OPTIMAL,4047.000000,0.6243,1.0403
2026-09-03T22:05:45.259137+00:00,1,1,p90,sketch,p90,10,1.0,61,61,86,105,7,7,0,5,6,2,24177.473,OPTIMAL,4041.000000,12.9305,14.2567
2026-09-03T22:06:15.459867+00:00,1,1,avg,sketch,avg,10,1.0,61,61,88,107,7,7,0,2,6,2,30139.901,FEASIBLE,4046.000000,0.0000,0.0000
2026-09-03T22:06:45.610048+00:00,1,1,p50-1.2xalloc,sketch,p50bump,10,1.0,61,61,88,107,7,7,0,3,6,2,30089.169,FEASIBLE,4045.000000,4.7471,17.5621
2026-09-03T22:07:15.813850+00:00,1,1,window-avg,sketch,window,10,1.0,61,61,88,107,7,7,0,2,6,2,30140.299,FEASIBLE,4046.000000,0.0000,0.0000
2026-09-03T22:07:31.345340+00:00,1,2,static,static,request,0,0.0,55,73,49,111,40,47,0,0,4,3,11073.866,OPTIMAL,49.000000,40.2906,87.7967
2026-09-03T22:08:01.521951+00:00,1,2,dynamic,sketch,p50,0,0.0,55,67,48,118,38,45,0,0,20,7,30104.810,FEASIBLE,48.000000,0.6876,1.4057
2026-09-03T22:08:14.341881+00:00,1,2,reassign,static,request,10,1.0,55,73,89,111,40,47,0,0,4,3,12809.100,OPTIMAL,4049.000000,40.8275,87.7967
2026-09-03T22:08:44.552581+00:00,1,2,dynamic+reassign,sketch,p50,10,1.0,55,67,88,117,39,46,0,0,14,6,30138.229,FEASIBLE,4048.000000,0.6661,1.3256
2026-09-03T22:09:09.470793+00:00,1,2,es,es,p50,10,1.0,55,68,89,117,39,46,0,1,7,4,23946.535,OPTIMAL,4048.000000,0.6063,1.2063
2026-09-03T22:09:39.637970+00:00,1,2,p90,sketch,p90,10,1.0,55,70,87,113,39,46,0,2,5,3,30098.707,FEASIBLE,4045.000000,13.1439,14.4159
2026-09-03T22:10:04.392194+00:00,1,2,avg,sketch,avg,10,1.0,55,68,89,117,39,46,0,2,12,6,24686.877,OPTIMAL,4047.000000,0.0000,0.0000
2026-09-03T22:10:34.559950+00:00,1,2,p50-1.2xalloc,sketch,p50bump,10,1.0,55,68,88,116,39,46,0,2,14,5,30096.970,FEASIBLE,4046.000000,4.1088,16.9843
2026-09-03T22:10:48.813619+00:00,1,2,window-avg,sketch,window,10,1.0,55,68,89,117,39,46,0,0,12,6,14180.690,OPTIMAL,4049.000000,4.6899,16.8024
2026-09-03T22:11:03.774472+00:00,1,3,static,static,request,0,0.0,64,88,54,113,52,99,0,0,7,3,11203.264,OPTIMAL,54.000000,39.6492,85.0975
2026-09-03T22:11:28.061680+00:00,1,3,dynamic,sketch,p50,0,0.0,64,83,59,123,54,99,0,0,28,9,24217.737,OPTIMAL,59.000000,0.5559,0.9669
2026-09-03T22:11:50.742704+00:00,1,3,reassign,static,request,10,1.0,64,88,95,113,53,100,0,0,13,5,22668.738,OPTIMAL,4055.000000,39.9733,85.0975
2026-09-03T22:12:20.917143+00:00,1,3,dynamic+reassign,sketch,p50,10,1.0,64,83,98,119,56,102,0,2,31,8,30116.158,FEASIBLE,4056.000000,0.5440,0.9669
2026-09-03T22:12:36.006998+00:00,1,3,es,es,p50,10,1.0,64,83,99,121,55,101,0,3,26,8,14431.014,OPTIMAL,4056.000000,0.5137,0.8656
2026-09-03T22:13:06.182353+00:00,1,3,p90,sketch,p90,10,1.0,64,87,96,115,54,100,0,2,23,6,30114.639,FEASIBLE,4054.000000,12.7602,14.0471
2026-09-03T22:13:12.073235+00:00,1,3,avg,sketch,avg,10,1.0,64,83,97,124,50,96,0,4,26,8,5818.317,OPTIMAL,4053.000000,0.0000,0.0000
2026-09-03T22:13:25.262947+00:00,1,3,p50-1.2xalloc,sketch,p50bump,10,1.0,64,84,99,119,56,102,0,1,37,9,13126.959,OPTIMAL,4058.000000,4.5700,21.6614
2026-09-03T22:13:48.271993+00:00,1,3,window-avg,sketch,window,10,1.0,64,83,99,122,54,100,0,2,28,7,22938.805,OPTIMAL,4057.000000,5.3135,19.3546
2026-09-03T22:13:58.583081+00:00,1,4,static,static,request,0,0.0,56,90,47,108,52,151,0,0,2,2,5747.901,OPTIMAL,47.000000,38.5219,84.0406
2026-09-03T22:14:08.543276+00:00,1,4,dynamic,sketch,p50,0,0.0,56,80,50,117,56,155,0,0,24,8,9890.669,OPTIMAL,50.000000,0.6274,1.1955
2026-09-03T22:14:24.274122+00:00,1,4,reassign,static,request,10,1.0,56,89,85,108,50,150,0,0,3,3,15718.976,OPTIMAL,4045.000000,38.3176,82.2902
2026-09-03T22:14:54.467331+00:00,1,4,dynamic+reassign,sketch,p50,10,1.0,56,81,87,113,53,155,0,3,6,5,30121.027,FEASIBLE,4044.000000,0.6321,1.1955
2026-09-03T22:15:25.839621+00:00,1,4,es,es,p50,10,1.0,56,80,88,115,54,155,0,3,19,7,30196.866,FEASIBLE,4045.000000,0.5997,1.1573
2026-09-03T22:15:56.028343+00:00,1,4,p90,sketch,p90,10,1.0,56,87,85,108,52,152,0,6,5,4,30121.306,FEASIBLE,4039.000000,13.0743,14.3838
2026-09-03T22:16:26.207797+00:00,1,4,avg,sketch,avg,10,1.0,56,82,91,114,61,157,0,3,17,7,30111.931,FEASIBLE,4048.000000,0.0000,0.0000
2026-09-03T22:16:49.419153+00:00,1,4,p50-1.2xalloc,sketch,p50bump,10,1.0,56,81,86,115,50,152,0,5,19,7,23138.866,OPTIMAL,4041.000000,4.8011,17.9124
2026-09-03T22:17:19.604988+00:00,1,4,window-avg,sketch,window,10,1.0,56,80,88,115,55,155,0,3,19,6,30114.072,FEASIBLE,4045.000000,3.1482,11.4650
2026-09-03T22:17:25.559607+00:00,1,5,static,static,request,0,0.0,69,112,40,101,47,198,0,0,6,3,1428.514,OPTIMAL,40.000000,39.7519,79.3541
2026-09-03T22:17:55.828796+00:00,1,5,dynamic,sketch,p50,0,0.0,69,99,50,114,53,208,0,0,24,7,30202.377,FEASIBLE,50.000000,0.6197,1.1416
2026-09-03T22:18:18.403490+00:00,1,5,reassign,static,request,10,1.0,69,113,82,100,50,200,0,0,5,4,22563.297,OPTIMAL,4042.000000,38.7372,79.2418
2026-09-03T22:18:48.585381+00:00,1,5,dynamic+reassign,sketch,p50,10,1.0,69,103,89,111,51,206,0,2,23,6,30114.919,FEASIBLE,4047.000000,0.6117,1.1416
2026-09-03T22:19:19.410596+00:00,1,5,es,es,p50,10,1.0,69,101,88,112,51,206,0,2,16,5,29708.210,OPTIMAL,4046.000000,0.5584,1.0341
2026-09-03T22:19:27.766725+00:00,1,5,p90,sketch,p90,10,1.0,69,111,83,102,49,201,0,2,4,3,8293.369,OPTIMAL,4041.000000,12.9459,14.1485
2026-09-03T22:19:36.208465+00:00,1,5,avg,sketch,avg,10,1.0,69,100,87,116,45,202,0,2,12,4,8373.466,OPTIMAL,4045.000000,0.0000,0.0000
2026-09-03T22:19:54.513662+00:00,1,5,p50-1.2xalloc,sketch,p50bump,10,1.0,69,104,84,112,47,199,0,2,16,5,18237.219,OPTIMAL,4042.000000,4.9551,21.6671
2026-09-03T22:20:24.699631+00:00,1,5,window-avg,sketch,window,10,1.0,69,101,89,111,53,208,0,1,17,6,30117.497,FEASIBLE,4048.000000,2.8710,9.3608
2026-09-03T22:20:40.118589+00:00,1,6,static,static,request,0,0.0,67,139,44,99,46,244,0,0,9,3,10556.149,OPTIMAL,44.000000,42.7006,89.8114
2026-09-03T22:20:48.340096+00:00,1,6,dynamic,sketch,p50,0,0.0,67,116,47,117,44,252,0,0,19,6,8142.336,OPTIMAL,47.000000,0.6077,1.2396
2026-09-03T22:20:56.822693+00:00,1,6,reassign,static,request,10,1.0,67,138,82,100,42,242,0,0,13,4,8469.876,OPTIMAL,4042.000000,41.1827,89.8114
2026-09-03T22:21:06.778434+00:00,1,6,dynamic+reassign,sketch,p50,10,1.0,67,121,86,112,45,251,0,2,22,7,9881.273,OPTIMAL,4044.000000,0.6364,1.2437
2026-09-03T22:21:33.399504+00:00,1,6,es,es,p50,10,1.0,67,120,87,112,47,253,0,2,18,5,25621.413,OPTIMAL,4045.000000,0.6004,1.1612
2026-09-03T22:22:03.580564+00:00,1,6,p90,sketch,p90,10,1.0,67,135,82,100,44,245,0,4,14,4,30113.573,FEASIBLE,4038.000000,12.9452,14.3759
2026-09-03T22:22:33.816296+00:00,1,6,avg,sketch,avg,10,1.0,67,120,83,111,48,250,0,2,25,6,30161.518,FEASIBLE,4041.000000,0.0000,0.0000
2026-09-03T22:23:03.984060+00:00,1,6,p50-1.2xalloc,sketch,p50bump,10,1.0,67,127,86,108,50,249,0,6,25,7,30101.175,FEASIBLE,4040.000000,5.2332,22.6604
2026-09-03T22:23:34.180903+00:00,1,6,window-avg,sketch,window,10,1.0,67,119,86,113,44,252,0,0,20,6,30124.759,FEASIBLE,4046.000000,4.3729,17.4606
2026-09-03T22:23:39.703712+00:00,1,7,static,static,request,0,0.0,69,164,42,94,47,291,0,0,2,2,1835.756,OPTIMAL,42.000000,44.5769,91.3656
2026-09-03T22:23:42.968348+00:00,1,7,dynamic,sketch,p50,0,0.0,69,138,53,114,56,308,0,0,12,5,3196.463,OPTIMAL,53.000000,0.5694,1.1087
2026-09-03T22:23:46.193989+00:00,1,7,reassign,static,request,10,1.0,69,165,84,95,49,291,0,0,8,4,3213.618,OPTIMAL,4044.000000,46.4218,92.8828
2026-09-03T22:24:09.360101+00:00,1,7,dynamic+reassign,sketch,p50,10,1.0,69,144,94,115,51,302,0,0,8,3,23101.907,OPTIMAL,4054.000000,0.6186,1.1400
2026-09-03T22:24:33.885895+00:00,1,7,es,es,p50,10,1.0,69,142,92,114,50,303,0,1,19,6,24058.232,OPTIMAL,4051.000000,0.5298,0.9131
2026-09-03T22:25:04.068937+00:00,1,7,p90,sketch,p90,10,1.0,69,162,87,99,48,293,0,2,10,3,30123.709,FEASIBLE,4045.000000,13.0801,14.1662
2026-09-03T22:25:10.627397+00:00,1,7,avg,sketch,avg,10,1.0,69,146,93,108,56,306,0,1,13,4,6494.344,OPTIMAL,4052.000000,0.0000,0.0000
2026-09-03T22:25:16.013412+00:00,1,7,p50-1.2xalloc,sketch,p50bump,10,1.0,69,150,91,108,51,300,0,1,6,2,5324.727,OPTIMAL,4050.000000,2.5127,1.6173
2026-09-03T22:25:28.134151+00:00,1,7,window-avg,sketch,window,10,1.0,69,142,90,115,48,300,0,1,13,4,12053.611,OPTIMAL,4049.000000,4.0495,12.3926
2026-09-03T22:25:32.748191+00:00,1,8,static,static,request,0,0.0,52,174,43,96,41,332,0,0,7,2,647.389,OPTIMAL,43.000000,40.8362,76.6492
2026-09-03T22:26:02.923351+00:00,1,8,dynamic,sketch,p50,0,0.0,52,137,44,106,52,360,0,0,24,5,30108.831,FEASIBLE,44.000000,0.6081,1.2233
2026-09-03T22:26:22.227502+00:00,1,8,reassign,static,request,10,1.0,52,173,81,96,40,331,0,0,5,2,19292.707,OPTIMAL,4041.000000,40.7543,76.6361
2026-09-03T22:26:52.409703+00:00,1,8,dynamic+reassign,sketch,p50,10,1.0,52,142,84,108,51,353,0,0,24,5,30110.450,FEASIBLE,4044.000000,0.5394,1.1246
2026-09-03T22:27:22.781173+00:00,1,8,es,es,p50,10,1.0,52,142,86,109,51,354,0,1,22,5,29888.712,OPTIMAL,4045.000000,0.5166,1.0665
2026-09-03T22:27:33.487029+00:00,1,8,p90,sketch,p90,10,1.0,52,167,84,104,39,332,0,1,8,3,10639.788,OPTIMAL,4043.000000,12.5245,13.8620
2026-09-03T22:28:03.769983+00:00,1,8,avg,sketch,avg,10,1.0,52,145,87,109,46,352,0,0,18,4,30215.815,FEASIBLE,4047.000000,0.0000,0.0000
2026-09-03T22:28:34.006765+00:00,1,8,p50-1.2xalloc,sketch,p50bump,10,1.0,52,151,83,106,45,345,0,2,10,3,30167.507,FEASIBLE,4041.000000,2.2665,3.9357
2026-09-03T22:28:57.786145+00:00,1,8,window-avg,sketch,window,10,1.0,52,144,87,107,55,355,0,0,25,5,23722.544,OPTIMAL,4047.000000,3.0912,11.8282
2026-09-03T22:29:06.225088+00:00,1,9,static,static,request,0,0.0,46,177,44,95,45,377,0,0,0,0,3717.883,OPTIMAL,44.000000,45.1420,87.9632
2026-09-03T22:29:09.896164+00:00,1,9,dynamic,sketch,p50,0,0.0,46,139,52,104,54,414,0,0,26,7,3612.707,OPTIMAL,52.000000,0.5560,0.9965
2026-09-03T22:29:29.596108+00:00,1,9,reassign,static,request,10,1.0,46,178,84,94,46,377,0,0,0,0,19689.435,OPTIMAL,4044.000000,47.1599,91.3338
2026-09-03T22:29:59.783570+00:00,1,9,dynamic+reassign,sketch,p50,10,1.0,46,144,88,106,50,403,0,1,19,4,30120.594,FEASIBLE,4047.000000,0.5381,1.0321
2026-09-03T22:30:31.058853+00:00,1,9,es,es,p50,10,1.0,46,142,90,104,55,409,0,0,20,4,30124.948,FEASIBLE,4050.000000,0.5250,0.9527
2026-09-03T22:30:56.855721+00:00,1,9,p90,sketch,p90,10,1.0,46,169,86,99,51,383,0,3,15,4,25735.579,OPTIMAL,4043.000000,12.9206,14.3848
2026-09-03T22:31:25.031545+00:00,1,9,avg,sketch,avg,10,1.0,46,144,90,106,53,405,0,0,22,5,28114.422,OPTIMAL,4050.000000,0.0000,0.0000
2026-09-03T22:31:35.964831+00:00,1,9,p50-1.2xalloc,sketch,p50bump,10,1.0,46,154,87,103,50,395,0,3,18,5,10871.102,OPTIMAL,4044.000000,4.4153,18.8241
2026-09-03T22:32:01.584056+00:00,1,9,window-avg,sketch,window,10,1.0,46,143,89,104,52,407,0,0,10,2,25558.174,OPTIMAL,4049.000000,4.5370,14.5678
2026-09-03T22:32:06.800726+00:00,1,10,static,static,request,0,0.0,57,190,42,93,44,421,0,0,5,2,990.979,OPTIMAL,42.000000,40.6702,80.7453
2026-09-03T22:32:36.963709+00:00,1,10,dynamic,sketch,p50,0,0.0,57,144,46,108,42,456,0,0,27,12,30070.422,FEASIBLE,46.000000,0.6212,1.2409
2026-09-03T22:32:58.431819+00:00,1,10,reassign,static,request,10,1.0,57,191,85,94,45,422,0,0,3,3,21458.100,OPTIMAL,4045.000000,41.4868,84.3434
2026-09-03T22:33:28.596413+00:00,1,10,dynamic+reassign,sketch,p50,10,1.0,57,153,89,103,52,455,0,2,30,10,30103.219,FEASIBLE,4047.000000,0.6281,1.2704
2026-09-03T22:33:39.405062+00:00,1,10,es,es,p50,10,1.0,57,149,84,104,44,453,0,3,20,8,10411.138,OPTIMAL,4041.000000,0.5491,1.1913
2026-09-03T22:33:50.282710+00:00,1,10,p90,sketch,p90,10,1.0,57,180,83,97,45,428,0,7,2,2,10818.989,OPTIMAL,4036.000000,12.6226,13.9211
2026-09-03T22:33:57.387870+00:00,1,10,avg,sketch,avg,10,1.0,57,151,86,105,47,452,0,2,12,6,7041.130,OPTIMAL,4044.000000,0.0000,0.0000
2026-09-03T22:34:17.204569+00:00,1,10,p50-1.2xalloc,sketch,p50bump,10,1.0,57,164,87,105,45,440,0,3,13,4,19757.964,OPTIMAL,4044.000000,4.7433,23.4742
2026-09-03T22:34:38.321468+00:00,1,10,window-avg,sketch,window,10,1.0,57,151,86,107,43,450,0,3,25,9,21050.046,OPTIMAL,4043.000000,4.4413,19.8933
2026-09-03T22:34:43.625785+00:00,1,11,static,static,request,0,0.0,61,209,44,93,44,465,0,0,2,2,1528.100,OPTIMAL,44.000000,39.1973,87.1134
2026-09-03T22:35:14.026333+00:00,1,11,dynamic,sketch,p50,0,0.0,61,159,47,107,48,504,0,0,21,9,30325.986,FEASIBLE,47.000000,0.6370,1.1044
2026-09-03T22:35:17.649278+00:00,1,11,reassign,static,request,10,1.0,61,207,81,94,41,463,0,0,3,3,3609.162,OPTIMAL,4041.000000,42.6080,82.4960
2026-09-03T22:35:47.835799+00:00,1,11,dynamic+reassign,sketch,p50,10,1.0,61,165,87,104,46,501,0,4,8,5,30120.119,FEASIBLE,4043.000000,0.6082,1.0917
2026-09-03T22:36:19.158614+00:00,1,11,es,es,p50,10,1.0,61,166,86,100,50,503,0,1,8,3,30111.798,FEASIBLE,4045.000000,0.5942,1.0349
2026-09-03T22:36:34.125898+00:00,1,11,p90,sketch,p90,10,1.0,61,198,83,94,46,474,0,4,11,4,14902.109,OPTIMAL,4039.000000,13.0578,14.2748
2026-09-03T22:37:04.095280+00:00,1,11,avg,sketch,avg,10,1.0,61,166,85,101,49,501,0,3,18,6,29907.526,OPTIMAL,4042.000000,0.0000,0.0000
2026-09-03T22:37:31.302345+00:00,1,11,p50-1.2xalloc,sketch,p50bump,10,1.0,61,178,84,99,50,490,0,3,12,5,27143.539,OPTIMAL,4041.000000,4.6936,19.9358
2026-09-03T22:37:58.789012+00:00,1,11,window-avg,sketch,window,10,1.0,61,166,85,100,52,502,0,1,6,4,27423.970,OPTIMAL,4044.000000,4.3444,13.2554
2026-09-03T22:38:04.438820+00:00,1,12,static,static,request,0,0.0,59,224,43,94,42,507,0,0,1,1,2019.294,OPTIMAL,43.000000,38.4103,86.3298
2026-09-03T22:38:34.719486+00:00,1,12,dynamic,sketch,p50,0,0.0,59,171,49,107,49,553,0,0,16,5,30206.331,FEASIBLE,49.000000,0.5830,1.2563
2026-09-03T22:38:50.303224+00:00,1,12,reassign,static,request,10,1.0,59,225,83,95,42,505,0,0,3,2,15571.714,OPTIMAL,4043.000000,36.5102,76.4458
2026-09-03T22:39:20.551836+00:00,1,12,dynamic+reassign,sketch,p50,10,1.0,59,177,87,108,43,544,0,0,13,5,30178.209,FEASIBLE,4047.000000,0.5990,1.2563
2026-09-03T22:39:51.313115+00:00,1,12,es,es,p50,10,1.0,59,179,88,105,43,546,0,1,6,3,30187.965,FEASIBLE,4047.000000,0.5847,1.2157
2026-09-03T22:40:11.687321+00:00,1,12,p90,sketch,p90,10,1.0,59,214,83,100,37,511,0,3,7,3,20308.500,OPTIMAL,4040.000000,12.9523,13.9976
2026-09-03T22:40:39.123580+00:00,1,12,avg,sketch,avg,10,1.0,59,180,88,105,44,545,0,0,5,1,27372.348,OPTIMAL,4048.000000,0.0000,0.0000
2026-09-03T22:40:51.946529+00:00,1,12,p50-1.2xalloc,sketch,p50bump,10,1.0,59,193,86,104,41,531,0,1,8,4,12757.559,OPTIMAL,4045.000000,3.9048,15.9384
2026-09-03T22:40:54.504479+00:00,1,12,window-avg,sketch,window,10,1.0,59,180,87,104,43,545,0,2,9,4,2494.377,OPTIMAL,4045.000000,3.8407,12.6082
2026-09-03T22:41:21.051232+00:00,1,13,static,static,request,0,0.0,61,242,41,97,38,545,0,0,1,1,22329.931,OPTIMAL,41.000000,40.1729,75.3651
2026-09-03T22:41:24.561837+00:00,1,13,dynamic,sketch,p50,0,0.0,61,183,44,109,42,595,0,0,16,6,3434.056,OPTIMAL,44.000000,0.6159,1.1265
2026-09-03T22:41:50.914267+00:00,1,13,reassign,static,request,10,1.0,61,243,83,96,42,547,0,0,5,2,26340.890,OPTIMAL,4043.000000,41.6549,75.3651
2026-09-03T22:42:08.560265+00:00,1,13,dynamic+reassign,sketch,p50,10,1.0,61,191,81,105,44,588,0,2,8,3,17574.092,OPTIMAL,4039.000000,0.6370,1.2050
2026-09-03T22:42:26.173778+00:00,1,13,es,es,p50,10,1.0,61,192,81,105,41,587,0,2,15,5,16974.124,OPTIMAL,4039.000000,0.5607,1.0185
2026-09-03T22:42:55.179443+00:00,1,13,p90,sketch,p90,10,1.0,61,232,85,96,49,560,0,4,8,3,28948.832,OPTIMAL,4041.000000,12.8234,14.0406
2026-09-03T22:43:13.977676+00:00,1,13,avg,sketch,avg,10,1.0,61,193,81,106,40,585,0,3,14,5,18729.048,OPTIMAL,4038.000000,0.0000,0.0000
2026-09-03T22:43:16.614670+00:00,1,13,p50-1.2xalloc,sketch,p50bump,10,1.0,61,208,83,101,46,577,0,3,19,6,2573.810,OPTIMAL,4040.000000,4.4938,19.2086
2026-09-03T22:43:24.756191+00:00,1,13,window-avg,sketch,window,10,1.0,61,194,81,104,41,586,0,1,18,5,8077.177,OPTIMAL,4040.000000,3.8165,13.8998
2026-09-03T22:43:30.471338+00:00,1,14,static,static,request,0,0.0,68,269,40,93,44,589,0,0,5,4,1495.811,OPTIMAL,40.000000,41.7151,83.7323
2026-09-03T22:43:33.074845+00:00,1,14,dynamic,sketch,p50,0,0.0,68,207,38,105,42,637,0,0,21,6,2521.914,OPTIMAL,38.000000,0.6201,1.2603
2026-09-03T22:44:03.194751+00:00,1,14,reassign,static,request,10,1.0,68,268,79,94,41,588,0,0,7,4,30109.437,FEASIBLE,4039.000000,41.8085,92.2816
2026-09-03T22:44:11.017229+00:00,1,14,dynamic+reassign,sketch,p50,10,1.0,68,218,76,98,43,631,0,2,10,4,7753.913,OPTIMAL,4034.000000,0.5979,1.2603
2026-09-03T22:44:30.910003+00:00,1,14,es,es,p50,10,1.0,68,219,79,99,45,632,0,1,19,6,18663.934,OPTIMAL,4038.000000,0.5654,1.2026
2026-09-03T22:44:50.133252+00:00,1,14,p90,sketch,p90,10,1.0,68,255,80,98,38,598,0,4,21,8,19157.492,OPTIMAL,4036.000000,13.1310,14.3240
2026-09-03T22:44:54.261757+00:00,1,14,avg,sketch,avg,10,1.0,68,220,78,101,43,628,0,1,30,8,4056.902,OPTIMAL,4037.000000,0.0000,0.0000
2026-09-03T22:45:24.450484+00:00,1,14,p50-1.2xalloc,sketch,p50bump,10,1.0,68,233,78,98,41,618,0,6,27,10,30124.388,FEASIBLE,4032.000000,6.6914,25.9773
2026-09-03T22:45:28.054219+00:00,1,14,window-avg,sketch,window,10,1.0,68,221,78,97,45,631,0,0,9,3,3534.891,OPTIMAL,4038.000000,5.9561,19.2265
2026-09-03T22:45:33.212720+00:00,1,15,static,static,request,0,0.0,56,285,33,91,35,624,0,0,3,3,942.096,OPTIMAL,33.000000,45.1749,83.8983
2026-09-03T22:45:37.091194+00:00,1,15,dynamic,sketch,p50,0,0.0,56,225,40,95,50,687,0,0,15,7,3803.185,OPTIMAL,40.000000,0.7202,1.4264
2026-09-03T22:45:43.785590+00:00,1,15,reassign,static,request,10,1.0,56,285,72,92,36,624,0,0,3,3,6682.948,OPTIMAL,3834.000000,45.0161,83.8983
2026-09-03T22:45:47.363061+00:00,1,15,dynamic+reassign,sketch,p50,10,1.0,56,238,80,92,46,677,0,1,7,3,3517.483,OPTIMAL,4039.000000,0.7192,1.2842
2026-09-03T22:45:51.964213+00:00,1,15,es,es,p50,10,1.0,56,236,80,95,44,676,0,2,7,5,3686.391,OPTIMAL,4038.000000,0.6632,1.2233
2026-09-03T22:45:55.091330+00:00,1,15,p90,sketch,p90,10,1.0,56,271,74,95,37,635,0,3,6,3,3065.114,OPTIMAL,4031.000000,12.9340,14.1834
2026-09-03T22:46:08.213825+00:00,1,15,avg,sketch,avg,10,1.0,56,238,81,96,46,674,0,1,11,4,13063.140,OPTIMAL,4040.000000,0.0000,0.0000
2026-09-03T22:46:38.396063+00:00,1,15,p50-1.2xalloc,sketch,p50bump,10,1.0,56,251,82,99,41,659,0,1,2,2,30119.292,FEASIBLE,4041.000000,3.3198,14.4992
2026-09-03T22:46:44.316889+00:00,1,15,window-avg,sketch,window,10,1.0,56,239,81,94,44,675,0,1,2,2,5857.369,OPTIMAL,4040.000000,5.1802,16.7292
2026-09-03T22:46:49.343779+00:00,1,16,static,static,request,0,0.0,73,325,36,87,40,664,0,0,3,1,800.719,OPTIMAL,36.000000,42.9445,100.9587
2026-09-03T22:47:00.001592+00:00,1,16,dynamic,sketch,p50,0,0.0,73,258,46,100,41,728,0,0,14,5,10569.166,OPTIMAL,46.000000,0.7632,1.2993
2026-09-03T22:47:03.575246+00:00,1,16,reassign,static,request,10,1.0,73,324,78,89,41,665,0,0,0,0,3562.510,OPTIMAL,4038.000000,43.0514,100.9587
2026-09-03T22:47:07.422510+00:00,1,16,dynamic+reassign,sketch,p50,10,1.0,73,271,84,97,39,716,0,2,17,7,3787.126,OPTIMAL,4042.000000,0.7613,1.2193
2026-09-03T22:47:33.758519+00:00,1,16,es,es,p50,10,1.0,73,269,82,100,37,713,0,3,16,7,25441.298,OPTIMAL,4039.000000,0.7006,1.1095
2026-09-03T22:47:39.245693+00:00,1,16,p90,sketch,p90,10,1.0,73,310,79,87,47,682,0,1,19,7,5442.239,OPTIMAL,4038.000000,12.9734,13.8954
2026-09-03T22:47:49.704461+00:00,1,16,avg,sketch,avg,10,1.0,73,270,82,99,39,713,0,3,20,8,10401.939,OPTIMAL,4039.000000,0.0000,0.0000
2026-09-03T22:47:53.293842+00:00,1,16,p50-1.2xalloc,sketch,p50bump,10,1.0,73,282,80,97,42,701,0,4,14,5,3527.734,OPTIMAL,4036.000000,5.7816,25.3004
2026-09-03T22:47:59.009674+00:00,1,16,window-avg,sketch,window,10,1.0,73,271,82,99,37,712,0,3,12,5,5657.326,OPTIMAL,4039.000000,4.4312,14.3161
2026-09-03T22:48:03.495109+00:00,1,17,static,static,request,0,0.0,57,346,37,86,38,702,0,0,3,2,731.735,OPTIMAL,37.000000,39.4764,71.2649
2026-09-03T22:48:04.775735+00:00,1,17,dynamic,sketch,p50,0,0.0,57,269,47,104,43,771,0,0,23,7,1204.172,OPTIMAL,47.000000,0.6204,1.1802
2026-09-03T22:48:08.500648+00:00,1,17,reassign,static,request,10,1.0,57,343,76,88,37,702,0,0,8,4,3711.571,OPTIMAL,4036.000000,37.1842,69.2892
2026-09-03T22:48:38.673221+00:00,1,17,dynamic+reassign,sketch,p50,10,1.0,57,284,85,97,45,761,0,0,15,5,30115.904,FEASIBLE,4045.000000,0.6276,1.1268
2026-09-03T22:49:09.481470+00:00,1,17,es,es,p50,10,1.0,57,284,84,97,47,760,0,2,16,5,30134.472,FEASIBLE,4042.000000,0.6110,1.1497
2026-09-03T22:49:11.362764+00:00,1,17,p90,sketch,p90,10,1.0,57,328,71,92,30,712,0,5,13,5,1818.500,OPTIMAL,3630.000000,12.7504,14.0381
2026-09-03T22:49:41.235562+00:00,1,17,avg,sketch,avg,10,1.0,57,285,86,99,46,759,0,0,20,7,29814.786,OPTIMAL,4046.000000,0.0000,0.0000
2026-09-03T22:50:11.416342+00:00,1,17,p50-1.2xalloc,sketch,p50bump,10,1.0,57,299,82,94,45,746,0,3,19,5,30120.592,FEASIBLE,4039.000000,6.1745,17.6449
2026-09-03T22:50:41.624816+00:00,1,17,window-avg,sketch,window,10,1.0,57,286,83,99,43,755,0,2,28,9,30149.097,FEASIBLE,4041.000000,5.9477,16.4148
2026-09-03T22:50:48.521852+00:00,1,18,static,static,request,0,0.0,57,366,43,88,41,743,0,0,1,1,2461.241,OPTIMAL,43.000000,35.7813,70.1569
2026-09-03T22:51:18.772471+00:00,1,18,dynamic,sketch,p50,0,0.0,57,279,48,101,51,822,0,0,28,9,30189.687,FEASIBLE,48.000000,0.6494,1.2774
2026-09-03T22:51:24.069441+00:00,1,18,reassign,static,request,10,1.0,57,364,82,86,44,746,0,0,7,3,5287.034,OPTIMAL,4042.000000,35.3106,67.2939
2026-09-03T22:51:31.876434+00:00,1,18,dynamic+reassign,sketch,p50,10,1.0,57,296,87,97,47,808,0,2,7,3,7750.293,OPTIMAL,4045.000000,0.6243,1.2291
2026-09-03T22:52:02.569631+00:00,1,18,es,es,p50,10,1.0,57,297,85,94,48,808,0,2,6,3,30107.601,FEASIBLE,4043.000000,0.5395,1.1801
2026-09-03T22:52:09.933568+00:00,1,18,p90,sketch,p90,10,1.0,57,350,86,88,50,762,0,1,9,3,7316.553,OPTIMAL,4045.000000,13.2058,14.3074
2026-09-03T22:52:20.459412+00:00,1,18,avg,sketch,avg,10,1.0,57,296,84,96,47,806,0,2,11,4,10471.702,OPTIMAL,4042.000000,0.0000,0.0000
2026-09-03T22:52:50.627700+00:00,1,18,p50-1.2xalloc,sketch,p50bump,10,1.0,57,314,84,96,42,788,0,4,7,3,30110.522,FEASIBLE,4040.000000,5.0813,20.2316
2026-09-03T22:53:02.723249+00:00,1,18,window-avg,sketch,window,10,1.0,57,300,84,95,48,803,0,1,11,4,12036.145,OPTIMAL,4043.000000,3.1723,10.2151
2026-09-03T22:53:24.549255+00:00,1,19,static,static,request,0,0.0,56,379,43,92,39,782,0,0,2,2,18145.800,OPTIMAL,43.000000,42.8423,90.1609
2026-09-03T22:53:25.262521+00:00,1,19,dynamic,sketch,p50,0,0.0,56,287,43,99,45,867,0,0,14,8,645.637,OPTIMAL,43.000000,0.6653,1.2520
2026-09-03T22:53:37.525394+00:00,1,19,reassign,static,request,10,1.0,56,378,81,91,36,782,0,0,5,3,12253.363,OPTIMAL,4041.000000,38.7825,86.1801
2026-09-03T22:53:47.220505+00:00,1,19,dynamic+reassign,sketch,p50,10,1.0,56,305,81,98,40,848,0,4,10,7,9632.259,OPTIMAL,4037.000000,0.7193,1.3789
2026-09-03T22:53:59.527980+00:00,1,19,es,es,p50,10,1.0,56,308,83,98,39,847,0,2,16,7,11082.604,OPTIMAL,4041.000000,0.6517,1.3691
2026-09-03T22:54:04.596224+00:00,1,19,p90,sketch,p90,10,1.0,56,360,82,94,36,798,0,4,2,2,5011.510,OPTIMAL,4038.000000,12.9797,14.3632
2026-09-03T22:54:20.268118+00:00,1,19,avg,sketch,avg,10,1.0,56,308,83,96,43,849,0,4,16,8,15615.885,OPTIMAL,4039.000000,0.0000,0.0000
2026-09-03T22:54:25.613579+00:00,1,19,p50-1.2xalloc,sketch,p50bump,10,1.0,56,326,84,98,42,830,0,3,19,7,5285.149,OPTIMAL,4041.000000,5.0080,21.3593
2026-09-03T22:54:55.767425+00:00,1,19,window-avg,sketch,window,10,1.0,56,312,85,98,42,845,0,2,9,5,30099.054,FEASIBLE,4043.000000,3.2931,11.2359
2026-09-03T22:55:29.870699+00:00,1,20,static,static,request,0,0.0,77,413,38,92,38,820,0,0,5,3,30129.085,FEASIBLE,38.000000,47.6899,92.1983
2026-09-03T22:55:47.277238+00:00,1,20,dynamic,sketch,p50,0,0.0,77,321,47,101,45,912,0,0,11,3,17309.708,OPTIMAL,47.000000,0.6015,1.0664
2026-09-03T22:56:17.393066+00:00,1,20,reassign,static,request,10,1.0,77,414,81,90,42,824,0,0,9,4,30105.087,FEASIBLE,4041.000000,46.1606,90.2642
2026-09-03T22:56:28.895447+00:00,1,20,dynamic+reassign,sketch,p50,10,1.0,77,341,83,95,46,894,0,2,7,3,11439.958,OPTIMAL,4041.000000,0.6172,1.0664
2026-09-03T22:56:52.051969+00:00,1,20,es,es,p50,10,1.0,77,342,84,96,46,893,0,6,10,6,22567.852,OPTIMAL,4038.000000,0.5676,0.9689
2026-09-03T22:57:12.030057+00:00,1,20,p90,sketch,p90,10,1.0,77,395,79,95,38,836,0,3,5,3,19915.163,OPTIMAL,4036.000000,12.8962,14.0210
2026-09-03T22:57:42.204806+00:00,1,20,avg,sketch,avg,10,1.0,77,342,82,93,45,894,0,5,6,4,30116.719,FEASIBLE,4037.000000,0.0000,0.0000
2026-09-03T22:58:12.380913+00:00,1,20,p50-1.2xalloc,sketch,p50bump,10,1.0,77,359,82,92,48,878,0,7,17,6,30119.216,FEASIBLE,4035.000000,6.5184,28.4487
2026-09-03T22:58:40.791111+00:00,1,20,window-avg,sketch,window,10,1.0,77,344,82,95,45,890,0,3,12,6,28350.157,OPTIMAL,4039.000000,3.7946,10.5573
2026-09-03T22:58:48.587224+00:00,1,21,static,static,request,0,0.0,42,417,40,84,48,868,0,0,1,1,3655.517,OPTIMAL,40.000000,43.3314,86.6613
2026-09-03T22:59:01.705373+00:00,1,21,dynamic,sketch,p50,0,0.0,42,316,49,106,44,956,0,0,10,4,13052.322,OPTIMAL,49.000000,0.5944,1.1686
2026-09-03T22:59:21.881588+00:00,1,21,reassign,static,request,10,1.0,42,415,79,85,44,868,0,0,1,1,20165.835,OPTIMAL,4039.000000,44.2391,86.6613
2026-09-03T22:59:24.712497+00:00,1,21,dynamic+reassign,sketch,p50,10,1.0,42,340,83,100,38,932,0,1,12,6,2767.606,OPTIMAL,4042.000000,0.6537,1.2302
2026-09-03T22:59:29.246936+00:00,1,21,es,es,p50,10,1.0,42,340,82,101,37,930,0,2,28,10,3684.183,OPTIMAL,4040.000000,0.5791,1.1061
2026-09-03T22:59:41.316631+00:00,1,21,p90,sketch,p90,10,1.0,42,398,78,87,46,882,0,3,9,4,12018.622,OPTIMAL,4035.000000,12.9934,14.2433
2026-09-03T22:59:54.510769+00:00,1,21,avg,sketch,avg,10,1.0,42,342,81,101,33,927,0,4,22,8,13129.987,OPTIMAL,4037.000000,0.0000,0.0000
2026-09-03T23:00:11.174113+00:00,1,21,p50-1.2xalloc,sketch,p50bump,10,1.0,42,359,83,97,38,916,0,5,13,7,16604.511,OPTIMAL,4038.000000,4.4702,17.5095
2026-09-03T23:00:25.743508+00:00,1,21,window-avg,sketch,window,10,1.0,42,344,84,100,39,929,0,1,9,4,14507.410,OPTIMAL,4043.000000,5.2481,17.7481
2026-09-03T23:00:40.205461+00:00,1,22,static,static,request,0,0.0,55,432,39,84,39,907,0,0,5,3,9983.112,OPTIMAL,39.000000,37.9662,86.3869
2026-09-03T23:00:41.307661+00:00,1,22,dynamic,sketch,p50,0,0.0,55,322,43,110,39,995,0,0,20,7,1025.709,OPTIMAL,43.000000,0.5931,1.1021
2026-09-03T23:00:54.077954+00:00,1,22,reassign,static,request,10,1.0,55,431,78,85,38,906,0,0,5,3,12760.974,OPTIMAL,4038.000000,38.5445,86.3869
2026-09-03T23:00:56.224916+00:00,1,22,dynamic+reassign,sketch,p50,10,1.0,55,352,86,103,43,975,0,1,24,7,2083.626,OPTIMAL,4045.000000,0.6036,1.0493
2026-09-03T23:01:15.467913+00:00,1,22,es,es,p50,10,1.0,55,353,88,103,46,976,0,2,26,8,18884.828,OPTIMAL,4046.000000,0.5426,1.0000
2026-09-03T23:01:44.541359+00:00,1,22,p90,sketch,p90,10,1.0,55,415,82,89,40,922,0,3,6,3,29022.228,OPTIMAL,4039.000000,12.6640,13.5725
2026-09-03T23:02:07.584062+00:00,1,22,avg,sketch,avg,10,1.0,55,356,88,101,48,975,0,3,19,7,22984.223,OPTIMAL,4045.000000,0.0000,0.0000
2026-09-03T23:02:17.287621+00:00,1,22,p50-1.2xalloc,sketch,p50bump,10,1.0,55,371,86,100,43,959,0,3,8,4,9643.574,OPTIMAL,4043.000000,6.0594,24.0864
2026-09-03T23:02:25.581706+00:00,1,22,window-avg,sketch,window,10,1.0,55,355,89,103,46,975,0,2,14,6,8246.658,OPTIMAL,4047.000000,2.7609,8.8480
2026-09-03T23:02:30.687146+00:00,1,23,static,static,request,0,0.0,74,467,40,90,34,941,0,0,5,4,1165.445,OPTIMAL,40.000000,41.6258,82.5949
2026-09-03T23:02:42.321266+00:00,1,23,dynamic,sketch,p50,0,0.0,74,353,43,102,51,1046,0,0,19,9,11555.814,OPTIMAL,43.000000,0.6251,1.1386
2026-09-03T23:03:11.021647+00:00,1,23,reassign,static,request,10,1.0,74,467,82,90,37,943,0,0,6,4,28690.233,OPTIMAL,4042.000000,37.5225,75.6039
2026-09-03T23:03:15.727201+00:00,1,23,dynamic+reassign,sketch,p50,10,1.0,74,380,82,106,39,1014,0,3,19,7,4635.159,OPTIMAL,4039.000000,0.6489,1.1608
2026-09-03T23:03:37.025879+00:00,1,23,es,es,p50,10,1.0,74,379,82,107,38,1014,0,3,24,8,20361.579,OPTIMAL,4039.000000,0.5606,1.0691
2026-09-03T23:03:41.168918+00:00,1,23,p90,sketch,p90,10,1.0,74,447,85,91,43,965,0,1,2,2,4091.325,OPTIMAL,4044.000000,12.8872,14.1055
2026-09-03T23:04:11.345749+00:00,1,23,avg,sketch,avg,10,1.0,74,382,83,107,37,1012,0,3,17,7,30113.177,FEASIBLE,4040.000000,0.0000,0.0000
2026-09-03T23:04:41.771511+00:00,1,23,p50-1.2xalloc,sketch,p50bump,10,1.0,74,399,84,105,39,998,0,3,18,8,30360.502,FEASIBLE,4041.000000,4.1864,16.8368
2026-09-03T23:04:54.018659+00:00,1,23,window-avg,sketch,window,10,1.0,74,380,80,110,33,1008,0,3,18,9,12173.598,OPTIMAL,4037.000000,3.5322,12.8510
2026-09-03T23:05:02.886240+00:00,1,24,static,static,request,0,0.0,68,495,44,95,39,980,0,0,2,2,5062.019,OPTIMAL,44.000000,40.0962,94.0546
2026-09-03T23:05:33.044572+00:00,1,24,dynamic,sketch,p50,0,0.0,68,378,43,98,47,1093,0,0,19,6,30094.133,FEASIBLE,43.000000,0.6067,1.1719
2026-09-03T23:06:03.160028+00:00,1,24,reassign,static,request,10,1.0,68,493,81,95,36,979,0,0,2,2,30105.441,FEASIBLE,4041.000000,37.5963,69.7213
2026-09-03T23:06:23.966231+00:00,1,24,dynamic+reassign,sketch,p50,10,1.0,68,406,84,103,47,1061,0,2,11,5,20750.638,OPTIMAL,4042.000000,0.5763,1.0817
2026-09-03T23:06:54.830925+00:00,1,24,es,es,p50,10,1.0,68,405,82,103,46,1060,0,2,17,6,30113.454,FEASIBLE,4040.000000,0.5121,1.0834
2026-09-03T23:07:11.201891+00:00,1,24,p90,sketch,p90,10,1.0,68,470,81,101,31,996,0,1,7,3,16309.381,OPTIMAL,4040.000000,13.0971,14.3211
2026-09-03T23:07:19.700753+00:00,1,24,avg,sketch,avg,10,1.0,68,407,81,105,43,1055,0,3,31,9,8430.339,OPTIMAL,4038.000000,0.0000,0.0000
2026-09-03T23:07:49.876692+00:00,1,24,p50-1.2xalloc,sketch,p50bump,10,1.0,68,423,83,102,46,1044,0,4,22,7,30115.425,FEASIBLE,4039.000000,4.1953,19.6468
2026-09-03T23:08:10.588897+00:00,1,24,window-avg,sketch,window,10,1.0,68,408,85,102,53,1061,0,3,15,6,20649.895,OPTIMAL,4042.000000,5.1347,17.8134
2026-09-03T23:08:17.142097+00:00,1,25,static,static,request,0,0.0,60,511,40,96,39,1019,0,0,13,8,2045.877,OPTIMAL,40.000000,40.6985,83.9019
2026-09-03T23:08:47.278495+00:00,1,25,dynamic,sketch,p50,0,0.0,60,395,40,100,38,1131,0,0,13,5,30065.476,FEASIBLE,40.000000,0.6717,1.2506
2026-09-03T23:08:57.130025+00:00,1,25,reassign,static,request,10,1.0,60,512,80,94,41,1020,0,0,9,6,9841.259,OPTIMAL,4040.000000,41.5540,83.9019
2026-09-03T23:09:07.125517+00:00,1,25,dynamic+reassign,sketch,p50,10,1.0,60,422,81,93,51,1112,0,1,15,6,9946.112,OPTIMAL,4040.000000,0.5943,1.2319
2026-09-03T23:09:15.798373+00:00,1,25,es,es,p50,10,1.0,60,423,79,90,52,1112,0,0,25,8,8044.188,OPTIMAL,4039.000000,0.5831,1.1840
2026-09-03T23:09:39.975295+00:00,1,25,p90,sketch,p90,10,1.0,60,489,78,94,45,1041,0,6,12,6,24117.720,OPTIMAL,4032.000000,12.7692,14.3395
2026-09-03T23:09:54.116863+00:00,1,25,avg,sketch,avg,10,1.0,60,426,81,93,53,1108,0,0,18,7,14085.378,OPTIMAL,4041.000000,0.0000,0.0000
2026-09-03T23:10:02.437824+00:00,1,25,p50-1.2xalloc,sketch,p50bump,10,1.0,60,440,79,96,45,1089,0,3,29,9,8257.795,OPTIMAL,4036.000000,6.4161,22.8281
2026-09-03T23:10:07.525215+00:00,1,25,window-avg,sketch,window,10,1.0,60,423,80,94,48,1109,0,1,32,11,5023.891,OPTIMAL,4039.000000,5.2845,20.1737
2026-09-03T23:10:13.918044+00:00,1,26,static,static,request,0,0.0,71,542,39,95,40,1059,0,0,7,3,2405.041,OPTIMAL,39.000000,46.6785,83.3333
2026-09-03T23:10:44.174633+00:00,1,26,dynamic,sketch,p50,0,0.0,71,426,44,94,50,1181,0,0,28,9,30151.930,FEASIBLE,44.000000,0.6724,1.3346
2026-09-03T23:11:04.289140+00:00,1,26,reassign,static,request,10,1.0,71,543,81,96,39,1059,0,0,4,2,20103.587,OPTIMAL,4041.000000,47.8023,83.3333
2026-09-03T23:11:33.704006+00:00,1,26,dynamic+reassign,sketch,p50,10,1.0,71,452,82,97,38,1150,0,1,9,4,29351.425,OPTIMAL,4041.000000,0.6888,1.2933
2026-09-03T23:11:44.985760+00:00,1,26,es,es,p50,10,1.0,71,455,83,93,40,1152,0,1,13,3,10110.542,OPTIMAL,4042.000000,0.6003,1.0891
2026-09-03T23:11:48.736815+00:00,1,26,p90,sketch,p90,10,1.0,71,522,80,93,41,1082,0,1,1,1,3691.567,OPTIMAL,4039.000000,12.9605,14.3536
2026-09-03T23:11:54.633753+00:00,1,26,avg,sketch,avg,10,1.0,71,456,83,93,43,1151,0,1,8,3,5845.779,OPTIMAL,4042.000000,0.0000,0.0000
2026-09-03T23:11:57.745177+00:00,1,26,p50-1.2xalloc,sketch,p50bump,10,1.0,71,472,83,98,41,1130,0,2,13,4,3055.085,OPTIMAL,4041.000000,5.0810,19.9399
2026-09-03T23:12:08.241955+00:00,1,26,window-avg,sketch,window,10,1.0,71,454,83,95,42,1151,0,0,13,4,10441.881,OPTIMAL,4043.000000,4.5243,13.2828
2026-09-03T23:12:12.242575+00:00,1,27,static,static,request,0,0.0,44,547,36,83,48,1107,0,0,12,5,495.993,OPTIMAL,36.000000,41.3303,77.4807
2026-09-03T23:12:16.131973+00:00,1,27,dynamic,sketch,p50,0,0.0,44,426,46,96,44,1225,0,0,25,9,3829.512,OPTIMAL,46.000000,0.6937,1.1998
2026-09-03T23:12:23.850466+00:00,1,27,reassign,static,request,10,1.0,44,546,75,84,47,1106,0,0,6,3,7707.681,OPTIMAL,4035.000000,39.9282,77.4807
2026-09-03T23:12:34.078269+00:00,1,27,dynamic+reassign,sketch,p50,10,1.0,44,454,86,93,50,1200,0,1,17,6,10172.379,OPTIMAL,4045.000000,0.6218,1.0691
2026-09-03T23:13:04.995497+00:00,1,27,es,es,p50,10,1.0,44,456,85,92,46,1198,0,2,20,6,30114.829,FEASIBLE,4043.000000,0.5400,1.0218
2026-09-03T23:13:21.162575+00:00,1,27,p90,sketch,p90,10,1.0,44,526,78,88,43,1125,0,7,14,5,16115.201,OPTIMAL,4031.000000,12.7822,14.3016
2026-09-03T23:13:51.323741+00:00,1,27,avg,sketch,avg,10,1.0,44,457,85,92,46,1197,0,2,13,4,30109.393,FEASIBLE,4043.000000,0.0000,0.0000
2026-09-03T23:14:17.225072+00:00,1,27,p50-1.2xalloc,sketch,p50bump,10,1.0,44,473,83,93,48,1178,0,4,14,5,25845.053,OPTIMAL,4039.000000,5.9197,22.1470
2026-09-03T23:14:47.371826+00:00,1,27,window-avg,sketch,window,10,1.0,44,455,85,94,46,1197,0,1,16,5,30093.055,FEASIBLE,4044.000000,2.9467,13.1127
2026-09-03T23:14:59.366710+00:00,1,28,static,static,request,0,0.0,54,565,40,83,40,1147,0,0,7,3,8359.406,OPTIMAL,40.000000,37.9641,80.8699
2026-09-03T23:15:01.353132+00:00,1,28,dynamic,sketch,p50,0,0.0,54,434,44,94,46,1271,0,0,15,8,1924.684,OPTIMAL,44.000000,0.6243,1.2643
2026-09-03T23:15:31.473178+00:00,1,28,reassign,static,request,10,1.0,54,565,81,83,42,1148,0,0,4,2,30110.691,FEASIBLE,4041.000000,36.3384,77.5693
2026-09-03T23:15:39.004388+00:00,1,28,dynamic+reassign,sketch,p50,10,1.0,54,462,84,96,41,1241,0,6,23,10,7472.722,OPTIMAL,4038.000000,0.7005,1.3744
2026-09-03T23:15:44.685906+00:00,1,28,es,es,p50,10,1.0,54,465,79,92,39,1237,0,4,14,7,4816.376,OPTIMAL,4035.000000,0.6479,1.2546
2026-09-03T23:16:14.862171+00:00,1,28,p90,sketch,p90,10,1.0,54,542,78,85,41,1166,0,2,18,8,30124.998,FEASIBLE,4036.000000,12.9004,14.5209
2026-09-03T23:16:33.056164+00:00,1,28,avg,sketch,avg,10,1.0,54,466,81,92,41,1238,0,5,17,9,18135.790,OPTIMAL,4036.000000,0.0000,0.0000
2026-09-03T23:16:42.161595+00:00,1,28,p50-1.2xalloc,sketch,p50bump,10,1.0,54,484,82,93,42,1220,0,2,22,7,9044.681,OPTIMAL,4040.000000,3.6352,13.6936
2026-09-03T23:16:48.839566+00:00,1,28,window-avg,sketch,window,10,1.0,54,464,81,92,43,1240,0,5,20,10,6623.482,OPTIMAL,4036.000000,3.2542,12.8857
2026-09-03T23:16:54.341287+00:00,1,29,static,static,request,0,0.0,55,580,39,84,38,1185,0,0,6,3,1032.035,OPTIMAL,39.000000,38.5354,71.5685
2026-09-03T23:17:00.926812+00:00,1,29,dynamic,sketch,p50,0,0.0,55,445,41,100,35,1306,0,0,12,6,6505.421,OPTIMAL,41.000000,0.6230,1.2519
2026-09-03T23:17:19.325308+00:00,1,29,reassign,static,request,10,1.0,55,579,80,84,39,1187,0,0,3,2,18388.049,OPTIMAL,4040.000000,38.7174,79.8135
2026-09-03T23:17:49.544968+00:00,1,29,dynamic+reassign,sketch,p50,10,1.0,55,473,80,91,45,1286,0,1,8,4,30159.053,FEASIBLE,4039.000000,0.6874,1.2833
2026-09-03T23:18:17.861990+00:00,1,29,es,es,p50,10,1.0,55,481,80,85,47,1284,0,1,7,4,27892.246,OPTIMAL,4039.000000,0.6735,1.2588
2026-09-03T23:18:24.420286+00:00,1,29,p90,sketch,p90,10,1.0,55,559,81,81,48,1214,0,4,13,6,6513.248,OPTIMAL,3740.000000,13.0034,13.7641
2026-09-03T23:18:48.924989+00:00,1,29,avg,sketch,avg,10,1.0,55,480,78,86,44,1282,0,2,13,4,24451.524,OPTIMAL,4036.000000,0.0000,0.0000
2026-09-03T23:19:04.205380+00:00,1,29,p50-1.2xalloc,sketch,p50bump,10,1.0,55,497,83,89,47,1267,0,3,14,7,15226.211,OPTIMAL,4040.000000,5.4576,22.5499
2026-09-03T23:19:34.367594+00:00,1,29,window-avg,sketch,window,10,1.0,55,478,79,87,44,1284,0,3,9,4,30107.609,FEASIBLE,4036.000000,5.1243,16.1069
2026-09-03T23:19:39.187299+00:00,2,0,static,static,request,0,0.0,66,66,66,66,0,0,0,0,0,0,163.352,OPTIMAL,66.000000,,
2026-09-03T23:19:39.434829+00:00,2,0,dynamic,sketch,p50,0,0.0,66,66,66,66,0,0,0,0,0,0,246.230,OPTIMAL,66.000000,,
2026-09-03T23:19:39.654674+00:00,2,0,reassign,static,request,10,1.0,66,66,66,66,0,0,0,0,0,0,218.644,OPTIMAL,66.000000,,
2026-09-03T23:19:39.826045+00:00,2,0,dynamic+reassign,sketch,p50,10,1.0,66,66,66,66,0,0,0,0,0,0,170.414,OPTIMAL,66.000000,,
2026-09-03T23:19:39.995909+00:00,2,0,es,es,p50,10,1.0,66,66,66,66,0,0,0,0,0,0,168.956,OPTIMAL,66.000000,,
2026-09-03T23:19:40.147400+00:00,2,0,p90,sketch,p90,10,1.0,66,66,66,66,0,0,0,0,0,0,150.646,OPTIMAL,66.000000,,
2026-09-03T23:19:40.275080+00:00,2,0,avg,sketch,avg,10,1.0,66,66,66,66,0,0,0,0,0,0,126.981,OPTIMAL,66.000000,,
2026-09-03T23:19:40.403282+00:00,2,0,p50-1.2xalloc,sketch,p50bump,10,1.0,66,66,66,66,0,0,0,0,0,0,127.521,OPTIMAL,66.000000,,
2026-09-03T23:19:40.531417+00:00,2,0,window-avg,sketch,window,10,1.0,66,66,66,66,0,0,0,0,0,0,127.442,OPTIMAL,66.000000,,
2026-09-03T23:19:44.702202+00:00,2,1,static,static,request,0,0.0,61,61,43,102,7,7,0,0,6,2,325.925,OPTIMAL,43.000000,47.4007,94.1960
2026-09-03T23:19:46.328484+00:00,2,1,dynamic,sketch,p50,0,0.0,61,61,50,109,7,7,0,0,6,2,1560.761,OPTIMAL,50.000000,0.6776,1.2347
2026-09-03T23:19:57.865327+00:00,2,1,reassign,static,request,10,1.0,61,61,79,102,7,7,0,0,6,2,11528.618,OPTIMAL,3643.000000,47.4007,94.1960
2026-09-03T23:20:28.078628+00:00,2,1,dynamic+reassign,sketch,p50,10,1.0,61,61,89,108,7,7,0,1,6,2,30153.048,FEASIBLE,4048.000000,0.6776,1.2347
2026-09-03T23:20:52.898151+00:00,2,1,es,es,p50,10,1.0,61,61,90,109,7,7,0,1,6,2,24178.023,OPTIMAL,4049.000000,0.6332,1.2152
2026-09-03T23:21:17.549132+00:00,2,1,p90,sketch,p90,10,1.0,61,61,86,105,7,7,0,2,6,2,24599.406,OPTIMAL,4044.000000,12.7771,14.2185
2026-09-03T23:21:47.795910+00:00,2,1,avg,sketch,avg,10,1.0,61,61,89,108,7,7,0,1,6,2,30183.091,FEASIBLE,4048.000000,0.0000,0.0000
2026-09-03T23:22:17.974780+00:00,2,1,p50-1.2xalloc,sketch,p50bump,10,1.0,61,61,88,107,7,7,0,4,6,2,30115.120,FEASIBLE,4044.000000,4.9787,21.4814
2026-09-03T23:22:48.221873+00:00,2,1,window-avg,sketch,window,10,1.0,61,61,89,108,7,7,0,1,6,2,30183.753,FEASIBLE,4048.000000,0.0000,0.0000
2026-09-03T23:22:57.630127+00:00,2,2,static,static,request,0,0.0,55,73,48,111,39,46,0,0,2,2,4997.434,OPTIMAL,48.000000,39.9265,92.2946
2026-09-03T23:23:27.825110+00:00,2,2,dynamic,sketch,p50,0,0.0,55,66,47,118,38,45,0,0,26,7,30124.325,FEASIBLE,47.000000,0.6695,1.1399
2026-09-03T23:23:57.936570+00:00,2,2,reassign,static,request,10,1.0,55,73,87,110,39,46,0,0,2,2,30100.181,FEASIBLE,4047.000000,39.0008,88.2927
2026-09-03T23:24:08.878881+00:00,2,2,dynamic+reassign,sketch,p50,10,1.0,55,67,89,118,39,46,0,2,12,5,10868.183,OPTIMAL,4047.000000,0.6695,1.1399
2026-09-03T23:24:32.002760+00:00,2,2,es,es,p50,10,1.0,55,66,88,118,39,46,0,5,12,5,22187.766,OPTIMAL,4043.000000,0.6288,1.1079
2026-09-03T23:24:42.446500+00:00,2,2,p90,sketch,p90,10,1.0,55,70,85,112,38,45,0,6,9,4,10374.955,OPTIMAL,4039.000000,13.0465,14.4938
2026-09-03T23:24:49.155798+00:00,2,2,avg,sketch,avg,10,1.0,55,67,89,119,38,45,0,5,24,9,6638.976,OPTIMAL,4044.000000,0.0000,0.0000
2026-09-03T23:25:19.339703+00:00,2,2,p50-1.2xalloc,sketch,p50bump,10,1.0,55,68,87,116,38,45,0,6,9,5,30117.355,FEASIBLE,4041.000000,4.1161,15.8087
2026-09-03T23:25:34.510711+00:00,2,2,window-avg,sketch,window,10,1.0,55,67,89,119,38,45,0,4,24,9,15097.282,OPTIMAL,4045.000000,3.5961,11.4937
2026-09-03T23:25:59.531259+00:00,2,3,static,static,request,0,0.0,64,89,55,113,53,99,0,0,9,5,20595.075,OPTIMAL,55.000000,43.4051,80.9116
2026-09-03T23:26:21.131340+00:00,2,3,dynamic,sketch,p50,0,0.0,64,83,61,121,58,103,0,0,34,11,21533.695,OPTIMAL,61.000000,0.5936,1.0384
2026-09-03T23:26:51.285038+00:00,2,3,reassign,static,request,10,1.0,64,90,94,111,53,99,0,0,3,3,30142.018,FEASIBLE,4054.000000,44.6913,86.9312
2026-09-03T23:27:21.474144+00:00,2,3,dynamic+reassign,sketch,p50,10,1.0,64,82,98,119,57,103,0,2,29,9,30121.836,FEASIBLE,4056.000000,0.5849,1.0384
2026-09-03T23:27:52.989184+00:00,2,3,es,es,p50,10,1.0,64,82,97,120,55,101,0,3,27,8,30124.613,FEASIBLE,4054.000000,0.5369,1.0068
2026-09-03T23:28:23.161093+00:00,2,3,p90,sketch,p90,10,1.0,64,89,95,113,54,99,0,4,6,4,30109.680,FEASIBLE,4051.000000,12.9886,13.9247
2026-09-03T23:28:40.985504+00:00,2,3,avg,sketch,avg,10,1.0,64,82,99,120,58,103,0,2,24,9,17757.952,OPTIMAL,4057.000000,0.0000,0.0000
2026-09-03T23:29:11.142796+00:00,2,3,p50-1.2xalloc,sketch,p50bump,10,1.0,64,85,100,119,57,102,0,2,13,5,30092.027,FEASIBLE,4058.000000,3.1257,14.2803
2026-09-03T23:29:41.332361+00:00,2,3,window-avg,sketch,window,10,1.0,64,82,97,121,55,100,0,5,38,12,30120.002,FEASIBLE,4052.000000,5.8177,18.1209
2026-09-03T23:30:15.427382+00:00,2,4,static,static,request,0,0.0,56,90,46,107,52,151,0,0,8,4,30084.467,FEASIBLE,46.000000,43.8578,88.5692
2026-09-03T23:30:20.071530+00:00,2,4,dynamic,sketch,p50,0,0.0,56,78,48,117,52,155,0,0,22,7,4569.433,OPTIMAL,48.000000,0.6081,1.3214
2026-09-03T23:30:48.563713+00:00,2,4,reassign,static,request,10,1.0,56,92,89,107,53,152,0,0,2,2,28479.526,OPTIMAL,4049.000000,44.1905,88.5692
2026-09-03T23:31:18.747295+00:00,2,4,dynamic+reassign,sketch,p50,10,1.0,56,80,90,115,54,157,0,3,16,6,30112.834,FEASIBLE,4047.000000,0.6126,1.3214
2026-09-03T23:31:50.052374+00:00,2,4,es,es,p50,10,1.0,56,81,90,113,57,158,0,2,32,9,30110.766,FEASIBLE,4048.000000,0.5692,1.2579
2026-09-03T23:32:20.240630+00:00,2,4,p90,sketch,p90,10,1.0,56,90,89,108,54,153,0,4,4,3,30118.953,FEASIBLE,4045.000000,12.7876,13.9279
2026-09-03T23:32:50.411895+00:00,2,4,avg,sketch,avg,10,1.0,56,79,87,115,52,155,0,2,23,8,30097.206,FEASIBLE,4045.000000,0.0000,0.0000
2026-09-03T23:33:20.618571+00:00,2,4,p50-1.2xalloc,sketch,p50bump,10,1.0,56,81,87,117,49,151,0,5,27,9,30129.660,FEASIBLE,4042.000000,3.8793,14.6827
2026-09-03T23:33:50.807347+00:00,2,4,window-avg,sketch,window,10,1.0,56,81,89,115,55,155,0,1,27,7,30115.120,FEASIBLE,4048.000000,2.8147,9.9741
2026-09-03T23:34:24.575538+00:00,2,5,static,static,request,0,0.0,69,113,40,101,46,197,0,0,19,9,30066.636,FEASIBLE,40.000000,40.7646,86.0193
2026-09-03T23:34:31.761338+00:00,2,5,dynamic,sketch,p50,0,0.0,69,99,47,115,49,204,0,0,31,11,7111.562,OPTIMAL,47.000000,0.6422,1.1520
2026-09-03T23:34:41.193954+00:00,2,5,reassign,static,request,10,1.0,69,112,77,103,42,194,0,0,13,7,9421.218,OPTIMAL,3938.000000,40.9903,86.0193
2026-09-03T23:35:11.381781+00:00,2,5,dynamic+reassign,sketch,p50,10,1.0,69,99,85,114,46,203,0,4,22,8,30114.466,FEASIBLE,4041.000000,0.6590,1.1520
2026-09-03T23:35:28.427047+00:00,2,5,es,es,p50,10,1.0,69,100,83,112,44,202,0,4,33,10,16401.602,OPTIMAL,4039.000000,0.6287,1.1662
2026-09-03T23:35:58.614650+00:00,2,5,p90,sketch,p90,10,1.0,69,110,77,104,41,194,0,6,13,6,30118.591,FEASIBLE,4031.000000,13.2299,14.6561
2026-09-03T23:36:28.802386+00:00,2,5,avg,sketch,avg,10,1.0,69,101,85,109,51,206,0,4,18,7,30120.026,FEASIBLE,4041.000000,0.0000,0.0000
2026-09-03T23:36:58.979047+00:00,2,5,p50-1.2xalloc,sketch,p50bump,10,1.0,69,103,81,108,50,201,0,5,34,11,30107.988,FEASIBLE,4036.000000,6.0673,27.1337
2026-09-03T23:37:16.993585+00:00,2,5,window-avg,sketch,window,10,1.0,69,101,86,112,49,204,0,2,29,10,17944.812,OPTIMAL,4044.000000,4.9963,19.2242
2026-09-03T23:37:37.808162+00:00,2,6,static,static,request,0,0.0,67,140,42,99,44,241,0,0,9,3,15888.824,OPTIMAL,42.000000,49.8014,95.4448
2026-09-03T23:37:41.623148+00:00,2,6,dynamic,sketch,p50,0,0.0,67,119,50,114,51,255,0,0,5,3,3744.437,OPTIMAL,50.000000,0.5954,1.1300
2026-09-03T23:38:05.475604+00:00,2,6,reassign,static,request,10,1.0,67,141,83,100,46,240,0,0,8,2,23841.452,OPTIMAL,4043.000000,49.5347,95.4448
2026-09-03T23:38:29.263705+00:00,2,6,dynamic+reassign,sketch,p50,10,1.0,67,121,88,111,51,254,0,3,11,5,23718.333,OPTIMAL,4045.000000,0.5660,1.0722
2026-09-03T23:38:47.167032+00:00,2,6,es,es,p50,10,1.0,67,124,87,112,47,249,0,1,10,3,17078.595,OPTIMAL,4046.000000,0.5698,1.0755
2026-09-03T23:39:17.328242+00:00,2,6,p90,sketch,p90,10,1.0,67,140,87,102,49,243,0,1,6,2,30101.463,FEASIBLE,4046.000000,13.0072,14.2584
2026-09-03T23:39:47.494693+00:00,2,6,avg,sketch,avg,10,1.0,67,123,89,112,46,252,0,1,17,4,30099.382,FEASIBLE,4048.000000,0.0000,0.0000
2026-09-03T23:40:17.741433+00:00,2,6,p50-1.2xalloc,sketch,p50bump,10,1.0,67,129,90,106,52,253,0,4,8,3,30185.602,FEASIBLE,4046.000000,3.9897,17.1670
2026-09-03T23:40:47.925445+00:00,2,6,window-avg,sketch,window,10,1.0,67,122,88,111,49,253,0,0,10,2,30116.426,FEASIBLE,4048.000000,4.6682,17.6101
2026-09-03T23:41:05.289254+00:00,2,7,static,static,request,0,0.0,69,167,43,93,49,290,0,0,1,1,13069.899,OPTIMAL,43.000000,41.6607,94.5218
2026-09-03T23:41:18.891516+00:00,2,7,dynamic,sketch,p50,0,0.0,69,138,53,118,49,304,0,0,15,4,13529.283,OPTIMAL,53.000000,0.6144,1.0885
2026-09-03T23:41:36.908864+00:00,2,7,reassign,static,request,10,1.0,69,167,81,94,47,287,0,0,1,1,17998.682,OPTIMAL,4041.000000,44.4779,95.6342
2026-09-03T23:41:48.612483+00:00,2,7,dynamic+reassign,sketch,p50,10,1.0,69,142,90,112,49,303,0,0,1,1,11633.611,OPTIMAL,4050.000000,0.5808,1.0360
2026-09-03T23:42:01.354949+00:00,2,7,es,es,p50,10,1.0,69,146,91,110,53,302,0,0,25,5,12208.417,OPTIMAL,4051.000000,0.5518,1.0259
2026-09-03T23:42:31.536562+00:00,2,7,p90,sketch,p90,10,1.0,69,162,88,101,49,292,0,1,8,2,30120.329,FEASIBLE,4047.000000,13.0784,14.2179
2026-09-03T23:43:01.734218+00:00,2,7,avg,sketch,avg,10,1.0,69,143,91,111,52,304,0,0,5,2,30128.585,FEASIBLE,4051.000000,0.0000,0.0000
2026-09-03T23:43:32.001004+00:00,2,7,p50-1.2xalloc,sketch,p50bump,10,1.0,69,148,90,109,47,300,0,3,3,2,30198.219,FEASIBLE,4047.000000,3.7856,14.0341
2026-09-03T23:44:02.183997+00:00,2,7,window-avg,sketch,window,10,1.0,69,143,91,113,49,302,0,1,7,2,30109.470,FEASIBLE,4050.000000,3.1593,8.9972
2026-09-03T23:44:07.433759+00:00,2,8,static,static,request,0,0.0,52,176,44,98,39,329,0,0,10,4,906.717,OPTIMAL,44.000000,42.5747,94.8240
2026-09-03T23:44:37.636662+00:00,2,8,dynamic,sketch,p50,0,0.0,52,137,47,112,53,357,0,0,43,12,30132.418,FEASIBLE,47.000000,0.6375,1.1626
2026-09-03T23:44:44.148255+00:00,2,8,reassign,static,request,10,1.0,52,178,85,96,43,330,0,0,11,4,6499.560,OPTIMAL,4045.000000,44.3066,95.1830
2026-09-03T23:45:14.334564+00:00,2,8,dynamic+reassign,sketch,p50,10,1.0,52,144,89,106,55,358,0,3,25,8,30120.584,FEASIBLE,4046.000000,0.6610,1.1813
2026-09-03T23:45:45.401155+00:00,2,8,es,es,p50,10,1.0,52,147,86,108,48,350,0,3,28,9,30182.341,FEASIBLE,4043.000000,0.6425,1.1543
2026-09-03T23:46:15.577928+00:00,2,8,p90,sketch,p90,10,1.0,52,166,81,103,39,331,0,6,14,7,30109.107,FEASIBLE,4035.000000,13.0088,14.2295
2026-09-03T23:46:45.759412+00:00,2,8,avg,sketch,avg,10,1.0,52,144,86,107,50,354,0,3,18,7,30112.347,FEASIBLE,4043.000000,0.0000,0.0000
2026-09-03T23:47:15.929215+00:00,2,8,p50-1.2xalloc,sketch,p50bump,10,1.0,52,150,85,107,47,347,0,2,31,9,30100.093,FEASIBLE,4043.000000,5.5400,23.6206
2026-09-03T23:47:46.107737+00:00,2,8,window-avg,sketch,window,10,1.0,52,144,86,107,52,354,0,2,19,7,30110.547,FEASIBLE,4044.000000,2.2749,8.4853
2026-09-03T23:47:56.072507+00:00,2,9,static,static,request,0,0.0,46,178,41,97,42,371,0,0,5,3,6247.192,OPTIMAL,41.000000,45.6886,76.5663
2026-09-03T23:48:26.219852+00:00,2,9,dynamic,sketch,p50,0,0.0,46,136,47,107,52,409,0,0,18,5,30081.834,FEASIBLE,47.000000,0.6312,1.2020
2026-09-03T23:48:45.407159+00:00,2,9,reassign,static,request,10,1.0,46,179,83,96,43,373,0,0,9,3,19175.580,OPTIMAL,4043.000000,46.1281,76.5663
2026-09-03T23:49:15.576910+00:00,2,9,dynamic+reassign,sketch,p50,10,1.0,46,141,87,105,48,406,0,2,17,5,30114.225,FEASIBLE,4045.000000,0.6355,1.2122
2026-09-03T23:49:46.399470+00:00,2,9,es,es,p50,10,1.0,46,147,88,104,52,402,0,3,19,6,30114.370,FEASIBLE,4045.000000,0.6242,1.1245
2026-09-03T23:50:16.550832+00:00,2,9,p90,sketch,p90,10,1.0,46,171,88,97,54,385,0,2,8,3,30094.836,FEASIBLE,4046.000000,13.0001,14.1678
2026-09-03T23:50:36.298600+00:00,2,9,avg,sketch,avg,10,1.0,46,144,89,105,51,405,0,2,17,6,19693.443,OPTIMAL,4047.000000,0.0000,0.0000
2026-09-03T23:51:05.162891+00:00,2,9,p50-1.2xalloc,sketch,p50bump,10,1.0,46,151,88,104,51,398,0,2,15,5,28801.529,OPTIMAL,4046.000000,5.5573,22.1656
2026-09-03T23:51:35.345446+00:00,2,9,window-avg,sketch,window,10,1.0,46,144,88,106,49,403,0,4,9,4,30116.452,FEASIBLE,4044.000000,5.6996,16.3781
2026-09-03T23:51:44.130772+00:00,2,10,static,static,request,0,0.0,57,194,47,94,50,421,0,0,13,7,3944.136,OPTIMAL,47.000000,39.6448,73.5795
2026-09-03T23:52:14.264408+00:00,2,10,dynamic,sketch,p50,0,0.0,57,146,47,104,50,459,0,0,22,8,30070.322,FEASIBLE,47.000000,0.6791,1.1524
2026-09-03T23:52:38.668719+00:00,2,10,reassign,static,request,10,1.0,57,193,84,95,45,418,0,0,6,5,24393.743,OPTIMAL,4044.000000,40.7015,80.1488
2026-09-03T23:52:43.768970+00:00,2,10,dynamic+reassign,sketch,p50,10,1.0,57,151,84,102,47,453,0,2,19,7,5034.828,OPTIMAL,4042.000000,0.6954,1.1605
2026-09-03T23:52:56.257935+00:00,2,10,es,es,p50,10,1.0,57,156,86,106,44,446,0,2,14,6,11900.224,OPTIMAL,4044.000000,0.6552,1.0855
2026-09-03T23:52:58.403579+00:00,2,10,p90,sketch,p90,10,1.0,57,180,83,97,43,428,0,3,12,7,2086.026,OPTIMAL,4040.000000,12.8540,14.0066
2026-09-03T23:53:28.622438+00:00,2,10,avg,sketch,avg,10,1.0,57,152,86,104,47,452,0,3,12,6,30159.703,FEASIBLE,4043.000000,0.0000,0.0000
2026-09-03T23:53:50.552274+00:00,2,10,p50-1.2xalloc,sketch,p50bump,10,1.0,57,160,86,108,42,440,0,5,9,6,21863.184,OPTIMAL,4041.000000,4.9828,18.2904
2026-09-03T23:54:20.729940+00:00,2,10,window-avg,sketch,window,10,1.0,57,153,84,106,44,447,0,3,15,7,30110.561,FEASIBLE,4041.000000,4.3455,15.8174
2026-09-03T23:54:29.362552+00:00,2,11,static,static,request,0,0.0,61,208,42,95,41,462,0,0,3,3,4952.795,OPTIMAL,42.000000,32.7031,67.6751
2026-09-03T23:54:30.260714+00:00,2,11,dynamic,sketch,p50,0,0.0,61,160,46,103,47,506,0,0,16,6,818.556,OPTIMAL,46.000000,0.6082,1.1728
2026-09-03T23:54:35.917083+00:00,2,11,reassign,static,request,10,1.0,61,210,83,93,45,463,0,0,3,3,5646.405,OPTIMAL,4043.000000,31.2816,67.6751
2026-09-03T23:55:06.109183+00:00,2,11,dynamic+reassign,sketch,p50,10,1.0,61,168,85,100,47,500,0,1,19,7,30134.923,FEASIBLE,4044.000000,0.5476,1.1472
2026-09-03T23:55:24.656682+00:00,2,11,es,es,p50,10,1.0,61,171,85,99,52,498,0,1,9,5,17257.375,OPTIMAL,4044.000000,0.5490,1.0971
2026-09-03T23:55:33.194742+00:00,2,11,p90,sketch,p90,10,1.0,61,198,84,98,43,471,0,3,10,4,8479.775,OPTIMAL,4041.000000,12.8060,13.9839
2026-09-03T23:55:45.421016+00:00,2,11,avg,sketch,avg,10,1.0,61,167,87,101,50,502,0,2,9,5,12170.288,OPTIMAL,4045.000000,0.0000,0.0000
2026-09-03T23:55:54.862357+00:00,2,11,p50-1.2xalloc,sketch,p50bump,10,1.0,61,175,80,96,52,492,0,4,15,6,9379.859,OPTIMAL,4036.000000,4.3916,13.9601
2026-09-03T23:56:04.146228+00:00,2,11,window-avg,sketch,window,10,1.0,61,170,87,98,55,502,0,0,12,5,9230.496,OPTIMAL,4047.000000,3.9523,15.4449
2026-09-03T23:56:09.344099+00:00,2,12,static,static,request,0,0.0,59,225,39,94,40,502,0,0,11,5,633.428,OPTIMAL,39.000000,42.2862,80.8948
2026-09-03T23:56:13.354633+00:00,2,12,dynamic,sketch,p50,0,0.0,59,173,46,105,44,550,0,0,18,6,3937.716,OPTIMAL,46.000000,0.6309,1.2205
2026-09-03T23:56:20.151697+00:00,2,12,reassign,static,request,10,1.0,59,226,81,96,38,501,0,0,14,7,6787.182,OPTIMAL,4041.000000,41.9377,80.9930
2026-09-03T23:56:27.169382+00:00,2,12,dynamic+reassign,sketch,p50,10,1.0,59,182,87,102,45,545,0,0,16,4,6957.592,OPTIMAL,4047.000000,0.6603,1.2432
2026-09-03T23:56:58.541747+00:00,2,12,es,es,p50,10,1.0,59,185,87,102,44,542,0,1,19,6,30109.016,FEASIBLE,4046.000000,0.6122,1.1511
2026-09-03T23:57:28.716358+00:00,2,12,p90,sketch,p90,10,1.0,59,213,82,100,40,511,0,4,10,5,30112.499,FEASIBLE,4038.000000,13.1485,14.5250
2026-09-03T23:57:39.445437+00:00,2,12,avg,sketch,avg,10,1.0,59,179,86,106,41,543,0,0,1,1,10666.452,OPTIMAL,4046.000000,0.0000,0.0000
2026-09-03T23:57:56.905794+00:00,2,12,p50-1.2xalloc,sketch,p50bump,10,1.0,59,194,86,100,42,534,0,2,16,5,17399.098,OPTIMAL,4044.000000,4.9348,14.3976
2026-09-03T23:58:16.621325+00:00,2,12,window-avg,sketch,window,10,1.0,59,182,88,103,43,545,0,1,14,4,19655.320,OPTIMAL,4047.000000,3.8576,13.7398
2026-09-03T23:58:23.547562+00:00,2,13,static,static,request,0,0.0,61,247,43,95,42,544,0,0,1,1,2605.021,OPTIMAL,43.000000,40.2004,78.1771
2026-09-03T23:58:25.033808+00:00,2,13,dynamic,sketch,p50,0,0.0,61,188,42,104,43,593,0,0,14,4,1411.101,OPTIMAL,42.000000,0.6669,1.0969
2026-09-03T23:58:27.418495+00:00,2,13,reassign,static,request,10,1.0,61,246,83,97,42,543,0,0,4,3,2373.100,OPTIMAL,4043.000000,38.8266,77.9340
2026-09-03T23:58:48.944023+00:00,2,13,dynamic+reassign,sketch,p50,10,1.0,61,196,80,101,41,586,0,0,11,4,21462.216,OPTIMAL,4040.000000,0.6609,1.2231
2026-09-03T23:59:19.600352+00:00,2,13,es,es,p50,10,1.0,61,199,81,102,41,583,0,1,17,6,30108.647,FEASIBLE,4040.000000,0.6398,1.2322
2026-09-03T23:59:49.774222+00:00,2,13,p90,sketch,p90,10,1.0,61,232,84,97,47,558,0,0,5,4,30113.050,FEASIBLE,4044.000000,12.8806,14.7688
2026-09-03T23:59:54.851803+00:00,2,13,avg,sketch,avg,10,1.0,61,194,82,103,45,588,0,1,18,5,5009.732,OPTIMAL,4041.000000,0.0000,0.0000
2026-09-04T00:00:08.175248+00:00,2,13,p50-1.2xalloc,sketch,p50bump,10,1.0,61,209,85,100,45,579,0,1,8,3,13263.949,OPTIMAL,4044.000000,4.5432,19.0032
2026-09-04T00:00:18.913606+00:00,2,13,window-avg,sketch,window,10,1.0,61,195,80,103,40,585,0,2,23,6,10667.128,OPTIMAL,4038.000000,2.7013,9.4871
2026-09-04T00:00:25.233884+00:00,2,14,static,static,request,0,0.0,68,272,37,91,41,585,0,0,5,2,2033.365,OPTIMAL,37.000000,45.8027,78.5516
2026-09-04T00:00:55.385923+00:00,2,14,dynamic,sketch,p50,0,0.0,68,214,40,104,40,633,0,0,12,5,30081.839,FEASIBLE,40.000000,0.6961,1.3455
2026-09-04T00:01:08.126114+00:00,2,14,reassign,static,request,10,1.0,68,271,78,93,42,585,0,0,6,2,12727.946,OPTIMAL,4038.000000,47.1512,88.6020
2026-09-04T00:01:11.302380+00:00,2,14,dynamic+reassign,sketch,p50,10,1.0,68,224,77,97,41,627,0,2,11,5,3107.848,OPTIMAL,4035.000000,0.6764,1.2997
2026-09-04T00:01:16.534401+00:00,2,14,es,es,p50,10,1.0,68,226,77,101,38,621,0,3,13,5,3983.445,OPTIMAL,4034.000000,0.6283,1.2775
2026-09-04T00:01:44.988410+00:00,2,14,p90,sketch,p90,10,1.0,68,256,83,101,39,597,0,3,13,4,28392.314,OPTIMAL,4040.000000,13.0944,14.4449
2026-09-04T00:02:00.762406+00:00,2,14,avg,sketch,avg,10,1.0,68,220,80,101,42,630,0,3,13,5,15707.504,OPTIMAL,4037.000000,0.0000,0.0000
2026-09-04T00:02:09.685195+00:00,2,14,p50-1.2xalloc,sketch,p50bump,10,1.0,68,232,77,99,38,617,0,4,16,6,8852.905,OPTIMAL,4033.000000,5.1910,23.6921
2026-09-04T00:02:19.245185+00:00,2,14,window-avg,sketch,window,10,1.0,68,223,78,99,42,627,0,3,18,7,9497.176,OPTIMAL,4035.000000,5.6282,20.9614
2026-09-04T00:02:36.551745+00:00,2,15,static,static,request,0,0.0,56,291,36,90,37,622,0,0,3,3,13059.104,OPTIMAL,36.000000,40.3682,92.6529
2026-09-04T00:02:37.041534+00:00,2,15,dynamic,sketch,p50,0,0.0,56,230,39,97,46,679,0,0,32,10,418.180,OPTIMAL,39.000000,0.6513,1.1600
2026-09-04T00:02:38.821435+00:00,2,15,reassign,static,request,10,1.0,56,289,71,92,33,618,0,0,3,3,1768.645,OPTIMAL,3932.000000,40.1927,92.6529
2026-09-04T00:02:59.551051+00:00,2,15,dynamic+reassign,sketch,p50,10,1.0,56,243,83,96,44,671,0,2,24,7,20671.121,OPTIMAL,4041.000000,0.5971,0.9959
2026-09-04T00:03:03.491726+00:00,2,15,es,es,p50,10,1.0,56,245,79,96,44,665,0,1,24,7,2903.276,OPTIMAL,4038.000000,0.5264,0.9841
2026-09-04T00:03:05.736329+00:00,2,15,p90,sketch,p90,10,1.0,56,269,72,95,38,635,0,10,19,8,2175.409,OPTIMAL,4022.000000,13.2906,14.6888
2026-09-04T00:03:25.743687+00:00,2,15,avg,sketch,avg,10,1.0,56,236,80,98,43,673,0,4,34,12,19946.647,OPTIMAL,4036.000000,0.0000,0.0000
2026-09-04T00:03:52.205189+00:00,2,15,p50-1.2xalloc,sketch,p50bump,10,1.0,56,251,82,99,42,659,0,6,18,6,26397.591,OPTIMAL,4036.000000,5.0325,19.1061
2026-09-04T00:03:55.778539+00:00,2,15,window-avg,sketch,window,10,1.0,56,241,82,99,42,669,0,2,19,6,3507.728,OPTIMAL,4040.000000,3.4458,10.6024
2026-09-04T00:04:00.504132+00:00,2,16,static,static,request,0,0.0,73,328,36,88,38,660,0,0,1,1,732.064,OPTIMAL,36.000000,39.4401,87.3096
2026-09-04T00:04:01.586994+00:00,2,16,dynamic,sketch,p50,0,0.0,73,264,43,97,43,722,0,0,17,6,1010.609,OPTIMAL,43.000000,0.7613,1.4282
2026-09-04T00:04:13.834669+00:00,2,16,reassign,static,request,10,1.0,73,330,78,87,43,661,0,0,4,4,12233.585,OPTIMAL,4038.000000,39.5532,92.8091
2026-09-04T00:04:24.646224+00:00,2,16,dynamic+reassign,sketch,p50,10,1.0,73,273,83,100,39,710,0,0,12,3,10755.314,OPTIMAL,4043.000000,0.7096,1.2536
2026-09-04T00:04:30.663365+00:00,2,16,es,es,p50,10,1.0,73,279,85,94,47,712,0,0,22,6,4978.796,OPTIMAL,4045.000000,0.6649,1.2560
2026-09-04T00:04:53.156132+00:00,2,16,p90,sketch,p90,10,1.0,73,310,80,88,47,682,0,1,10,4,22438.401,OPTIMAL,4039.000000,12.8977,14.1044
2026-09-04T00:05:23.312950+00:00,2,16,avg,sketch,avg,10,1.0,73,269,83,102,39,712,0,0,16,5,30093.727,FEASIBLE,4043.000000,0.0000,0.0000
2026-09-04T00:05:41.461137+00:00,2,16,p50-1.2xalloc,sketch,p50bump,10,1.0,73,282,80,97,42,701,0,4,18,5,18084.950,OPTIMAL,4036.000000,5.0360,19.4121
2026-09-04T00:06:11.630181+00:00,2,16,window-avg,sketch,window,10,1.0,73,272,83,99,43,712,0,1,14,5,30115.644,FEASIBLE,4042.000000,3.1094,9.0446
2026-09-04T00:06:15.869961+00:00,2,17,static,static,request,0,0.0,57,349,37,85,40,700,0,0,1,1,844.781,OPTIMAL,37.000000,44.5376,82.4134
2026-09-04T00:06:20.408789+00:00,2,17,dynamic,sketch,p50,0,0.0,57,278,47,102,42,764,0,0,14,5,4475.310,OPTIMAL,47.000000,0.5841,1.0098
2026-09-04T00:06:21.911627+00:00,2,17,reassign,static,request,10,1.0,57,349,74,84,37,698,0,0,5,3,1492.219,OPTIMAL,4034.000000,43.0366,82.4134
2026-09-04T00:06:38.726623+00:00,2,17,dynamic+reassign,sketch,p50,10,1.0,57,287,87,101,46,756,0,1,13,4,16765.836,OPTIMAL,4046.000000,0.6515,1.1111
2026-09-04T00:06:55.629666+00:00,2,17,es,es,p50,10,1.0,57,291,86,101,39,751,0,1,15,5,15973.094,OPTIMAL,4045.000000,0.5561,1.0350
2026-09-04T00:07:05.498698+00:00,2,17,p90,sketch,p90,10,1.0,57,327,82,94,36,718,0,1,12,4,9812.411,OPTIMAL,4041.000000,13.2306,14.5175
2026-09-04T00:07:35.814756+00:00,2,17,avg,sketch,avg,10,1.0,57,283,86,96,52,764,0,0,7,2,30261.457,FEASIBLE,4046.000000,0.0000,0.0000
2026-09-04T00:08:05.995169+00:00,2,17,p50-1.2xalloc,sketch,p50bump,10,1.0,57,299,83,96,44,745,0,2,8,3,30127.863,FEASIBLE,4041.000000,3.5585,14.1150
2026-09-04T00:08:14.473064+00:00,2,17,window-avg,sketch,window,10,1.0,57,286,86,100,45,757,0,0,7,2,8415.457,OPTIMAL,4046.000000,4.5821,12.1389
2026-09-04T00:08:19.068363+00:00,2,18,static,static,request,0,0.0,57,369,43,87,41,741,0,0,4,3,724.673,OPTIMAL,43.000000,30.7192,60.8245
2026-09-04T00:08:24.047453+00:00,2,18,dynamic,sketch,p50,0,0.0,57,288,48,99,51,815,0,0,10,4,4907.925,OPTIMAL,48.000000,0.6267,1.1009
2026-09-04T00:08:37.767368+00:00,2,18,reassign,static,request,10,1.0,57,372,80,86,38,736,0,0,9,5,13708.627,OPTIMAL,4040.000000,29.8806,57.4868
2026-09-04T00:09:08.039684+00:00,2,18,dynamic+reassign,sketch,p50,10,1.0,57,297,85,98,48,804,0,1,9,4,30211.554,FEASIBLE,4044.000000,0.6124,1.0299
2026-09-04T00:09:38.837556+00:00,2,18,es,es,p50,10,1.0,57,302,85,102,44,795,0,3,27,7,30120.512,FEASIBLE,4042.000000,0.5634,0.9719
2026-09-04T00:09:44.735079+00:00,2,18,p90,sketch,p90,10,1.0,57,342,82,92,44,762,0,4,15,6,5842.322,OPTIMAL,4038.000000,13.1897,14.8103
2026-09-04T00:10:14.899328+00:00,2,18,avg,sketch,avg,10,1.0,57,294,85,98,43,807,0,3,15,6,30110.105,FEASIBLE,4042.000000,0.0000,0.0000
2026-09-04T00:10:37.504538+00:00,2,18,p50-1.2xalloc,sketch,p50bump,10,1.0,57,313,86,98,44,789,0,5,10,4,22547.051,OPTIMAL,4041.000000,5.5607,16.7897
2026-09-04T00:10:41.640695+00:00,2,18,window-avg,sketch,window,10,1.0,57,297,86,100,46,803,0,1,21,7,4074.405,OPTIMAL,4045.000000,4.0025,11.6978
2026-09-04T00:11:15.712991+00:00,2,19,static,static,request,0,0.0,56,382,41,92,36,777,0,0,1,1,30066.515,FEASIBLE,41.000000,41.1361,84.3744
2026-09-04T00:11:22.166181+00:00,2,19,dynamic,sketch,p50,0,0.0,56,296,43,96,46,861,0,0,20,6,6356.943,OPTIMAL,43.000000,0.7394,1.2898
2026-09-04T00:11:52.357480+00:00,2,19,reassign,static,request,10,1.0,56,388,82,89,39,775,0,0,1,1,30181.503,FEASIBLE,4042.000000,44.6113,86.6671
2026-09-04T00:11:57.288619+00:00,2,19,dynamic+reassign,sketch,p50,10,1.0,56,308,82,98,42,846,0,0,14,4,4867.371,OPTIMAL,4042.000000,0.7603,1.2898
2026-09-04T00:12:02.716404+00:00,2,19,es,es,p50,10,1.0,56,313,85,101,46,841,0,2,18,6,4959.512,OPTIMAL,4043.000000,0.6879,1.1991
2026-09-04T00:12:08.024381+00:00,2,19,p90,sketch,p90,10,1.0,56,356,84,91,45,807,0,4,16,5,5256.774,OPTIMAL,4040.000000,13.1458,14.0275
2026-09-04T00:12:38.198705+00:00,2,19,avg,sketch,avg,10,1.0,56,305,82,98,42,849,0,2,21,6,30114.923,FEASIBLE,4040.000000,0.0000,0.0000
2026-09-04T00:13:08.380073+00:00,2,19,p50-1.2xalloc,sketch,p50bump,10,1.0,56,323,83,98,43,832,0,3,11,3,30118.907,FEASIBLE,4040.000000,5.2741,20.8933
2026-09-04T00:13:22.408094+00:00,2,19,window-avg,sketch,window,10,1.0,56,307,83,100,43,846,0,2,26,8,13965.972,OPTIMAL,4041.000000,5.8382,20.5431
2026-09-04T00:13:27.637399+00:00,2,20,static,static,request,0,0.0,77,418,43,91,44,821,0,0,10,3,724.936,OPTIMAL,43.000000,46.1910,95.5590
2026-09-04T00:13:28.143069+00:00,2,20,dynamic,sketch,p50,0,0.0,77,330,44,101,39,900,0,0,12,5,431.834,OPTIMAL,44.000000,0.7199,1.2655
2026-09-04T00:13:43.286580+00:00,2,20,reassign,static,request,10,1.0,77,423,80,90,39,814,0,0,8,3,15131.701,OPTIMAL,4040.000000,46.3974,101.9657
2026-09-04T00:13:58.027702+00:00,2,20,dynamic+reassign,sketch,p50,10,1.0,77,343,82,91,49,895,0,2,10,3,14687.662,OPTIMAL,4040.000000,0.7193,1.2655
2026-09-04T00:14:08.969747+00:00,2,20,es,es,p50,10,1.0,77,345,79,96,44,885,0,6,10,5,10164.003,OPTIMAL,4033.000000,0.6391,1.1750
2026-09-04T00:14:19.457599+00:00,2,20,p90,sketch,p90,10,1.0,77,389,80,96,35,842,0,3,10,5,10429.000,OPTIMAL,4037.000000,13.1917,14.6494
2026-09-04T00:14:49.627157+00:00,2,20,avg,sketch,avg,10,1.0,77,340,80,91,47,896,0,3,17,6,30112.585,FEASIBLE,4037.000000,0.0000,0.0000
2026-09-04T00:15:19.937474+00:00,2,20,p50-1.2xalloc,sketch,p50bump,10,1.0,77,357,82,93,47,879,0,1,17,6,30253.036,FEASIBLE,4041.000000,4.3581,12.5465
2026-09-04T00:15:45.242803+00:00,2,20,window-avg,sketch,window,10,1.0,77,341,83,95,48,894,0,1,17,6,25246.833,OPTIMAL,4042.000000,3.8872,16.4985
2026-09-04T00:15:50.343942+00:00,2,21,static,static,request,0,0.0,42,417,40,86,45,866,0,0,4,2,1112.338,OPTIMAL,40.000000,50.3840,105.1260
2026-09-04T00:15:51.474809+00:00,2,21,dynamic,sketch,p50,0,0.0,42,328,45,104,42,942,0,0,31,11,1054.548,OPTIMAL,45.000000,0.6548,1.2662
2026-09-04T00:15:54.783293+00:00,2,21,reassign,static,request,10,1.0,42,425,80,85,45,859,0,0,8,3,3296.524,OPTIMAL,4040.000000,43.6241,87.1156
2026-09-04T00:15:57.753515+00:00,2,21,dynamic+reassign,sketch,p50,10,1.0,42,343,82,99,34,929,0,2,16,6,2911.291,OPTIMAL,4040.000000,0.6574,1.2495
2026-09-04T00:16:02.795104+00:00,2,21,es,es,p50,10,1.0,42,348,82,98,40,925,0,4,13,6,3934.940,OPTIMAL,4038.000000,0.5762,1.1303
2026-09-04T00:16:32.993490+00:00,2,21,p90,sketch,p90,10,1.0,42,391,78,85,49,891,0,3,16,6,30150.381,FEASIBLE,4035.000000,13.2199,14.2275
2026-09-04T00:17:03.159706+00:00,2,21,avg,sketch,avg,10,1.0,42,342,83,99,35,931,0,4,17,6,30105.605,FEASIBLE,4039.000000,0.0000,0.0000
2026-09-04T00:17:33.329994+00:00,2,21,p50-1.2xalloc,sketch,p50bump,10,1.0,42,357,81,99,35,914,0,5,19,8,30107.162,FEASIBLE,4036.000000,4.7526,19.0212
2026-09-04T00:17:41.197493+00:00,2,21,window-avg,sketch,window,10,1.0,42,340,82,101,36,930,0,1,22,8,7804.078,OPTIMAL,4041.000000,3.6976,10.7550
2026-09-04T00:17:47.258663+00:00,2,22,static,static,request,0,0.0,55,432,36,85,37,903,0,0,8,3,1830.388,OPTIMAL,36.000000,42.5868,83.7657
2026-09-04T00:17:48.537249+00:00,2,22,dynamic,sketch,p50,0,0.0,55,338,45,106,43,985,0,0,11,4,1200.178,OPTIMAL,45.000000,0.7052,1.2865
2026-09-04T00:18:08.674166+00:00,2,22,reassign,static,request,10,1.0,55,440,81,83,43,902,0,0,10,3,20124.467,OPTIMAL,4041.000000,45.0836,83.7657
2026-09-04T00:18:21.143095+00:00,2,22,dynamic+reassign,sketch,p50,10,1.0,55,356,89,102,46,975,0,2,22,7,12406.158,OPTIMAL,4047.000000,0.6760,1.2216
2026-09-04T00:18:34.947556+00:00,2,22,es,es,p50,10,1.0,55,361,89,99,48,973,0,1,15,6,12986.413,OPTIMAL,4048.000000,0.6358,1.1516
2026-09-04T00:18:37.832729+00:00,2,22,p90,sketch,p90,10,1.0,55,408,81,92,34,925,0,2,8,2,2827.658,OPTIMAL,4039.000000,12.9138,14.6238
2026-09-04T00:18:44.266370+00:00,2,22,avg,sketch,avg,10,1.0,55,354,88,102,45,976,0,2,8,4,6377.594,OPTIMAL,4046.000000,0.0000,0.0000
2026-09-04T00:18:54.862489+00:00,2,22,p50-1.2xalloc,sketch,p50bump,10,1.0,55,371,83,98,44,958,0,4,16,5,10536.586,OPTIMAL,4039.000000,4.5596,18.4092
2026-09-04T00:19:25.139547+00:00,2,22,window-avg,sketch,window,10,1.0,55,353,87,100,48,978,0,1,10,4,30216.600,FEASIBLE,4046.000000,3.4315,11.9368
2026-09-04T00:19:32.720794+00:00,2,23,static,static,request,0,0.0,74,470,41,90,36,939,0,0,4,4,3996.410,OPTIMAL,41.000000,42.7319,84.4395
2026-09-04T00:19:34.467615+00:00,2,23,dynamic,sketch,p50,0,0.0,74,367,43,105,44,1029,0,0,30,8,1677.407,OPTIMAL,43.000000,0.6894,1.1203
2026-09-04T00:19:37.366927+00:00,2,23,reassign,static,request,10,1.0,74,473,79,92,30,932,0,0,5,3,2890.196,OPTIMAL,4039.000000,41.9996,82.3896
2026-09-04T00:20:07.532491+00:00,2,23,dynamic+reassign,sketch,p50,10,1.0,74,381,78,106,34,1009,0,4,26,8,30098.605,FEASIBLE,4034.000000,0.6672,1.1602
2026-09-04T00:20:38.063811+00:00,2,23,es,es,p50,10,1.0,74,386,79,106,32,1005,0,3,22,8,30101.917,FEASIBLE,4036.000000,0.6042,1.0502
2026-09-04T00:20:40.304142+00:00,2,23,p90,sketch,p90,10,1.0,74,441,82,92,42,967,0,2,15,6,2186.132,OPTIMAL,4040.000000,13.0859,14.4306
2026-09-04T00:20:50.727279+00:00,2,23,avg,sketch,avg,10,1.0,74,380,80,107,35,1011,0,3,27,9,10357.961,OPTIMAL,4037.000000,0.0000,0.0000
2026-09-04T00:20:58.658724+00:00,2,23,p50-1.2xalloc,sketch,p50bump,10,1.0,74,402,84,101,41,999,0,2,12,4,7869.068,OPTIMAL,4042.000000,4.5593,17.5063
2026-09-04T00:21:28.853002+00:00,2,23,window-avg,sketch,window,10,1.0,74,380,81,104,37,1015,0,4,16,6,30131.620,FEASIBLE,4037.000000,3.9914,12.4315
2026-09-04T00:22:03.052665+00:00,2,24,static,static,request,0,0.0,68,497,41,94,37,976,0,0,11,6,30106.305,FEASIBLE,41.000000,40.7832,81.9481
2026-09-04T00:22:04.308866+00:00,2,24,dynamic,sketch,p50,0,0.0,68,392,43,104,44,1073,0,0,20,8,1183.889,OPTIMAL,43.000000,0.5845,1.0637
2026-09-04T00:22:13.953281+00:00,2,24,reassign,static,request,10,1.0,68,502,84,94,42,974,0,0,7,4,9634.429,OPTIMAL,4044.000000,41.8371,84.4322
2026-09-04T00:22:18.446615+00:00,2,24,dynamic+reassign,sketch,p50,10,1.0,68,411,84,101,49,1058,0,3,23,8,4429.661,OPTIMAL,4041.000000,0.6025,1.0368
2026-09-04T00:22:35.243149+00:00,2,24,es,es,p50,10,1.0,68,415,82,101,47,1052,0,3,22,8,16249.426,OPTIMAL,4039.000000,0.6148,1.0336
2026-09-04T00:23:02.930378+00:00,2,24,p90,sketch,p90,10,1.0,68,467,81,98,35,1002,0,4,10,6,27624.322,OPTIMAL,4037.000000,12.9939,14.3000
2026-09-04T00:23:09.067202+00:00,2,24,avg,sketch,avg,10,1.0,68,408,80,102,45,1056,0,3,25,8,6066.780,OPTIMAL,4037.000000,0.0000,0.0000
2026-09-04T00:23:39.261156+00:00,2,24,p50-1.2xalloc,sketch,p50bump,10,1.0,68,426,80,100,41,1040,0,6,18,7,30129.094,FEASIBLE,4034.000000,3.7696,14.7645
2026-09-04T00:24:05.526105+00:00,2,24,window-avg,sketch,window,10,1.0,68,407,82,104,42,1057,0,2,30,10,26193.812,OPTIMAL,4040.000000,5.1719,16.9006
2026-09-04T00:24:12.643793+00:00,2,25,static,static,request,0,0.0,60,516,42,95,41,1017,0,0,4,3,3387.825,OPTIMAL,42.000000,48.3998,97.0321
2026-09-04T00:24:27.215510+00:00,2,25,dynamic,sketch,p50,0,0.0,60,409,41,94,51,1124,0,0,23,8,14504.235,OPTIMAL,41.000000,0.6204,1.1289
2026-09-04T00:24:30.169281+00:00,2,25,reassign,static,request,10,1.0,60,518,80,99,35,1009,0,0,4,3,2941.736,OPTIMAL,4040.000000,44.4038,95.8568
2026-09-04T00:25:00.347087+00:00,2,25,dynamic+reassign,sketch,p50,10,1.0,60,427,81,93,49,1107,0,3,11,5,30115.596,FEASIBLE,4038.000000,0.5638,1.0756
2026-09-04T00:25:14.536821+00:00,2,25,es,es,p50,10,1.0,60,433,81,92,50,1102,0,2,10,4,13508.613,OPTIMAL,4039.000000,0.5603,1.0490
2026-09-04T00:25:36.649202+00:00,2,25,p90,sketch,p90,10,1.0,60,486,80,95,43,1045,0,2,14,4,22050.681,OPTIMAL,4038.000000,12.8187,14.0488
2026-09-04T00:25:46.586617+00:00,2,25,avg,sketch,avg,10,1.0,60,428,80,91,51,1107,0,3,16,7,9878.596,OPTIMAL,4037.000000,0.0000,0.0000
2026-09-04T00:25:58.701194+00:00,2,25,p50-1.2xalloc,sketch,p50bump,10,1.0,60,446,81,96,45,1085,0,2,9,4,12054.491,OPTIMAL,4039.000000,5.5128,21.5846
2026-09-04T00:26:05.676149+00:00,2,25,window-avg,sketch,window,10,1.0,60,425,81,91,54,1111,0,3,21,7,6917.789,OPTIMAL,4038.000000,4.6829,13.3566
2026-09-04T00:26:10.944192+00:00,2,26,static,static,request,0,0.0,71,545,40,94,41,1058,0,0,8,4,1430.851,OPTIMAL,40.000000,43.6429,89.4744
2026-09-04T00:26:11.514550+00:00,2,26,dynamic,sketch,p50,0,0.0,71,439,44,96,42,1166,0,0,15,7,506.383,OPTIMAL,44.000000,0.7071,1.1942
2026-09-04T00:26:31.775634+00:00,2,26,reassign,static,request,10,1.0,71,549,79,94,44,1053,0,0,5,4,20248.829,OPTIMAL,4039.000000,41.2381,89.4744
2026-09-04T00:26:44.849052+00:00,2,26,dynamic+reassign,sketch,p50,10,1.0,71,457,82,93,42,1149,0,2,17,7,13013.163,OPTIMAL,4040.000000,0.6290,1.0933
2026-09-04T00:27:16.191422+00:00,2,26,es,es,p50,10,1.0,71,463,82,93,41,1143,0,1,19,7,30118.021,FEASIBLE,4041.000000,0.6147,1.1698
2026-09-04T00:27:18.999217+00:00,2,26,p90,sketch,p90,10,1.0,71,517,76,91,40,1085,0,2,19,6,2745.793,OPTIMAL,4034.000000,12.6954,13.8210
2026-09-04T00:27:39.126186+00:00,2,26,avg,sketch,avg,10,1.0,71,459,83,92,42,1149,0,1,18,6,20073.480,OPTIMAL,4042.000000,0.0000,0.0000
2026-09-04T00:27:51.163704+00:00,2,26,p50-1.2xalloc,sketch,p50bump,10,1.0,71,476,80,93,43,1128,0,4,19,10,11978.121,OPTIMAL,4036.000000,4.7071,15.5355
2026-09-04T00:28:03.847830+00:00,2,26,window-avg,sketch,window,10,1.0,71,455,84,92,43,1154,0,0,11,4,12629.357,OPTIMAL,4044.000000,4.3332,15.6638
2026-09-04T00:28:08.189147+00:00,2,27,static,static,request,0,0.0,44,549,34,85,43,1101,0,0,1,1,365.128,OPTIMAL,34.000000,35.1731,65.8807
2026-09-04T00:28:38.338769+00:00,2,27,dynamic,sketch,p50,0,0.0,44,439,44,91,49,1215,0,0,10,4,30084.081,FEASIBLE,44.000000,0.6024,1.0733
2026-09-04T00:28:40.205764+00:00,2,27,reassign,static,request,10,1.0,44,554,77,84,47,1100,0,0,9,5,1855.584,OPTIMAL,4037.000000,35.0763,65.3853
2026-09-04T00:29:10.527795+00:00,2,27,dynamic+reassign,sketch,p50,10,1.0,44,459,87,94,46,1195,0,2,11,5,30275.778,FEASIBLE,4045.000000,0.5396,1.0635
2026-09-04T00:29:24.494527+00:00,2,27,es,es,p50,10,1.0,44,465,85,93,45,1188,0,3,21,7,13304.937,OPTIMAL,4042.000000,0.5624,1.0572
2026-09-04T00:29:29.210807+00:00,2,27,p90,sketch,p90,10,1.0,44,525,80,88,43,1128,0,0,11,3,4657.926,OPTIMAL,4040.000000,12.7465,13.9091
2026-09-04T00:29:34.333059+00:00,2,27,avg,sketch,avg,10,1.0,44,460,85,94,43,1192,0,3,19,7,5068.347,OPTIMAL,4042.000000,0.0000,0.0000
2026-09-04T00:29:38.679450+00:00,2,27,p50-1.2xalloc,sketch,p50bump,10,1.0,44,480,83,90,46,1174,0,0,18,6,4293.385,OPTIMAL,4043.000000,2.9783,10.1496
2026-09-04T00:30:08.835149+00:00,2,27,window-avg,sketch,window,10,1.0,44,455,85,96,41,1195,0,2,26,9,30108.260,FEASIBLE,4043.000000,5.0027,28.8648
2026-09-04T00:30:13.907485+00:00,2,28,static,static,request,0,0.0,54,569,38,84,39,1140,0,0,1,1,779.743,OPTIMAL,38.000000,43.8645,72.2213
2026-09-04T00:30:15.031722+00:00,2,28,dynamic,sketch,p50,0,0.0,54,449,45,92,44,1259,0,0,5,3,1063.888,OPTIMAL,45.000000,0.5744,0.9881
2026-09-04T00:30:27.558519+00:00,2,28,reassign,static,request,10,1.0,54,571,78,87,35,1135,0,0,1,1,12515.042,OPTIMAL,4038.000000,43.8066,76.3315
2026-09-04T00:30:34.914786+00:00,2,28,dynamic+reassign,sketch,p50,10,1.0,54,466,81,97,38,1233,0,4,28,11,7292.616,OPTIMAL,4037.000000,0.6077,1.1215
2026-09-04T00:31:06.273057+00:00,2,28,es,es,p50,10,1.0,54,474,82,96,39,1227,0,2,16,8,30116.624,FEASIBLE,4040.000000,0.5485,0.9841
2026-09-04T00:31:07.923889+00:00,2,28,p90,sketch,p90,10,1.0,54,539,79,87,40,1168,0,1,7,3,1595.580,OPTIMAL,4038.000000,12.7219,13.6641
2026-09-04T00:31:27.041540+00:00,2,28,avg,sketch,avg,10,1.0,54,469,84,96,42,1234,0,3,24,9,19061.583,OPTIMAL,4041.000000,0.0000,0.0000
2026-09-04T00:31:45.978134+00:00,2,28,p50-1.2xalloc,sketch,p50bump,10,1.0,54,491,83,91,42,1216,0,1,14,6,18890.238,OPTIMAL,4042.000000,4.7993,18.9399
2026-09-04T00:31:48.685043+00:00,2,28,window-avg,sketch,window,10,1.0,54,464,82,97,41,1236,0,2,19,8,2643.923,OPTIMAL,4040.000000,5.5652,13.4662
2026-09-04T00:31:56.954619+00:00,2,29,static,static,request,0,0.0,55,586,41,81,44,1184,0,0,17,7,4546.001,OPTIMAL,41.000000,41.1027,79.7790
2026-09-04T00:32:01.263569+00:00,2,29,dynamic,sketch,p50,0,0.0,55,459,39,97,34,1293,0,0,29,9,4241.344,OPTIMAL,39.000000,0.5973,1.1239
2026-09-04T00:32:03.500091+00:00,2,29,reassign,static,request,10,1.0,55,588,79,81,45,1180,0,0,7,5,2225.845,OPTIMAL,4039.000000,39.2520,79.0664
2026-09-04T00:32:29.755505+00:00,2,29,dynamic+reassign,sketch,p50,10,1.0,55,480,79,92,44,1277,0,2,19,6,26197.786,OPTIMAL,4037.000000,0.6171,1.2037
2026-09-04T00:32:39.310482+00:00,2,29,es,es,p50,10,1.0,55,487,81,90,47,1274,0,1,21,8,9057.543,OPTIMAL,4040.000000,0.5334,1.1964
2026-09-04T00:32:59.465805+00:00,2,29,p90,sketch,p90,10,1.0,55,555,81,83,45,1213,0,6,7,4,20105.979,OPTIMAL,4035.000000,13.0034,14.4494
2026-09-04T00:33:05.495396+00:00,2,29,avg,sketch,avg,10,1.0,55,480,79,93,42,1276,0,2,14,5,5967.658,OPTIMAL,4037.000000,0.0000,0.0000
2026-09-04T00:33:35.644075+00:00,2,29,p50-1.2xalloc,sketch,p50bump,10,1.0,55,503,82,87,46,1262,0,4,20,8,30098.534,FEASIBLE,4038.000000,7.1953,24.5653
2026-09-04T00:34:05.887850+00:00,2,29,window-avg,sketch,window,10,1.0,55,477,81,91,47,1283,0,1,27,8,30185.704,FEASIBLE,4040.000000,3.3261,14.7303
