timestamp_utc,run,epoch,scenario,estimator,rule,gamma,lam,arrivals,pending_before,assigned,running,completed_this_epoch,completed_total,evicted_total,moves_this_epoch,constrained_tasks,overcommitted_nodes,mean_grant_ratio,solver_ms,solver_status,objective,est_cpu_err_mean,est_cpu_err_p90
2026-09-08T05:59:45.531246+00:00,0,0,static,static,request,10,1.0,38,38,38,38,0,0,0,0,0,0,1.0000,64.196,OPTIMAL,38.000000,,
2026-09-08T05:59:45.580755+00:00,0,0,p50,sketch,p50,10,1.0,38,38,38,38,0,0,0,0,0,0,1.0000,49.058,OPTIMAL,38.000000,,
2026-09-08T05:59:45.630152+00:00,0,0,p50-1.2xalloc,sketch,p50bump,10,1.0,38,38,38,38,0,0,0,0,0,0,1.0000,49.002,OPTIMAL,38.000000,,
2026-09-08T05:59:45.680943+00:00,0,0,avg-p50p75-1.2xalloc,sketch,avgp50p75bump,10,1.0,38,38,38,38,0,0,0,0,0,0,1.0000,50.387,OPTIMAL,38.000000,,
2026-09-08T05:59:45.730232+00:00,0,0,window-avg,sketch,window,10,1.0,38,38,38,38,0,0,0,0,0,0,1.0000,48.877,OPTIMAL,38.000000,,
2026-09-08T05:59:49.586118+00:00,0,1,static,static,request,10,1.0,23,23,61,61,0,0,0,0,0,0,1.0000,109.461,OPTIMAL,3823.000000,49.4041,89.3712
2026-09-08T05:59:49.747581+00:00,0,1,p50,sketch,p50,10,1.0,23,23,61,61,0,0,0,0,0,0,1.0000,124.929,OPTIMAL,3823.000000,8.3981,9.5742
2026-09-08T05:59:49.905411+00:00,0,1,p50-1.2xalloc,sketch,p50bump,10,1.0,23,23,61,61,0,0,0,0,0,0,1.0000,120.198,OPTIMAL,3823.000000,8.3981,9.5742
2026-09-08T05:59:50.057832+00:00,0,1,avg-p50p75-1.2xalloc,sketch,avgp50p75bump,10,1.0,23,23,61,61,0,0,0,0,0,0,1.0000,114.367,OPTIMAL,3823.000000,3.3033,3.6230
2026-09-08T05:59:50.263366+00:00,0,1,window-avg,sketch,window,10,1.0,23,23,61,61,0,0,0,0,0,0,1.0000,168.043,OPTIMAL,3823.000000,2.0807,6.0524
2026-09-08T05:59:54.430244+00:00,0,2,static,static,request,10,1.0,36,36,76,89,8,8,0,0,7,0,0.9956,433.506,OPTIMAL,4036.000000,48.1508,101.9821
2026-09-08T05:59:54.694186+00:00,0,2,p50,sketch,p50,10,1.0,36,36,76,89,8,8,0,0,33,0,0.9448,211.361,OPTIMAL,4036.000000,13.1323,26.8458
2026-09-08T05:59:54.955666+00:00,0,2,p50-1.2xalloc,sketch,p50bump,10,1.0,36,36,76,89,8,8,0,1,13,1,0.9928,208.966,OPTIMAL,4035.000000,8.6050,10.3338
2026-09-08T05:59:55.355453+00:00,0,2,avg-p50p75-1.2xalloc,sketch,avgp50p75bump,10,1.0,36,36,76,89,8,8,0,1,7,0,0.9956,345.898,OPTIMAL,4035.000000,4.9910,12.9657
2026-09-08T05:59:55.748453+00:00,0,2,window-avg,sketch,window,10,1.0,36,36,76,89,8,8,0,0,28,0,0.9618,341.196,OPTIMAL,4036.000000,9.2130,22.3108
2026-09-08T05:59:59.717141+00:00,0,3,static,static,request,10,1.0,34,34,48,103,10,18,0,0,8,1,0.9953,283.793,OPTIMAL,2424.000000,46.5046,87.9616
2026-09-08T06:00:00.199936+00:00,0,3,p50,sketch,p50,10,1.0,34,34,72,112,9,17,0,0,43,0,0.9266,407.673,OPTIMAL,4032.000000,13.4917,25.6814
2026-09-08T06:00:00.573355+00:00,0,3,p50-1.2xalloc,sketch,p50bump,10,1.0,34,34,73,112,10,18,0,2,26,5,0.9854,298.377,OPTIMAL,4031.000000,8.5852,10.3522
2026-09-08T06:00:01.078802+00:00,0,3,avg-p50p75-1.2xalloc,sketch,avgp50p75bump,10,1.0,34,34,70,109,10,18,0,3,4,1,0.9912,427.716,OPTIMAL,4027.000000,3.3967,3.8424
2026-09-08T06:00:01.496395+00:00,0,3,window-avg,sketch,window,10,1.0,34,34,72,112,9,17,0,2,39,1,0.9423,341.775,OPTIMAL,4030.000000,8.9546,20.9467
2026-09-08T06:00:06.851698+00:00,0,4,static,static,request,10,1.0,36,46,48,107,18,36,0,0,12,1,0.9934,1627.025,OPTIMAL,2622.000000,46.9349,96.7293
2026-09-08T06:00:07.573154+00:00,0,4,p50,sketch,p50,10,1.0,36,38,72,126,18,35,0,0,71,1,0.9101,628.769,OPTIMAL,4032.000000,14.0865,28.1619
2026-09-08T06:00:08.521789+00:00,0,4,p50-1.2xalloc,sketch,p50bump,10,1.0,36,37,69,123,18,36,0,4,34,7,0.9813,858.299,OPTIMAL,4025.000000,8.3149,10.1781
2026-09-08T06:00:10.406923+00:00,0,4,avg-p50p75-1.2xalloc,sketch,avgp50p75bump,10,1.0,36,40,69,121,17,35,0,2,15,2,0.9881,1793.233,OPTIMAL,4027.000000,3.0850,3.6979
2026-09-08T06:00:11.883760+00:00,0,4,window-avg,sketch,window,10,1.0,36,38,70,123,19,36,0,1,58,1,0.9320,1388.736,OPTIMAL,4029.000000,9.7305,20.4834
2026-09-08T06:00:37.426346+00:00,0,5,static,static,request,10,1.0,34,58,73,113,27,63,0,0,8,0,0.9935,21741.271,OPTIMAL,4033.000000,42.4023,90.3879
2026-09-08T06:00:42.417998+00:00,0,5,p50,sketch,p50,10,1.0,34,40,67,138,15,50,0,0,83,2,0.9001,4876.138,OPTIMAL,4027.000000,15.3494,33.5464
2026-09-08T06:01:00.459660+00:00,0,5,p50-1.2xalloc,sketch,p50bump,10,1.0,34,42,69,127,25,61,0,5,39,7,0.9768,17947.007,OPTIMAL,4024.000000,8.6910,10.4277
2026-09-08T06:01:02.267399+00:00,0,5,avg-p50p75-1.2xalloc,sketch,avgp50p75bump,10,1.0,34,45,71,123,29,64,0,2,23,4,0.9877,1706.810,OPTIMAL,4029.000000,4.4592,3.9248
2026-09-08T06:01:04.095155+00:00,0,5,window-avg,sketch,window,10,1.0,34,42,64,131,16,52,0,0,68,0,0.9261,1724.326,OPTIMAL,4024.000000,11.4662,27.3432
2026-09-08T06:01:09.302134+00:00,0,6,static,static,request,10,1.0,29,54,70,113,30,93,0,0,6,0,0.9938,1472.085,OPTIMAL,4030.000000,45.1691,93.7517
2026-09-08T06:01:10.231149+00:00,0,6,p50,sketch,p50,10,1.0,29,42,72,131,39,89,0,0,94,3,0.8903,835.469,OPTIMAL,4032.000000,14.6891,30.0454
2026-09-08T06:01:11.755521+00:00,0,6,p50-1.2xalloc,sketch,p50bump,10,1.0,29,42,72,124,35,96,0,3,32,7,0.9764,1432.906,OPTIMAL,4029.000000,8.5598,9.8227
2026-09-08T06:01:22.929771+00:00,0,6,avg-p50p75-1.2xalloc,sketch,avgp50p75bump,10,1.0,29,43,71,122,32,96,0,3,38,7,0.9866,11082.086,OPTIMAL,4028.000000,3.7910,3.8172
2026-09-08T06:01:29.701567+00:00,0,6,window-avg,sketch,window,10,1.0,29,47,72,126,37,89,0,0,75,0,0.9217,6674.206,OPTIMAL,4032.000000,10.0253,20.8666
2026-09-08T06:01:33.779259+00:00,0,7,static,static,request,10,1.0,28,52,43,113,19,112,0,0,9,0,0.9939,368.476,OPTIMAL,2419.000000,47.0360,86.6272
2026-09-08T06:01:34.426059+00:00,0,7,p50,sketch,p50,10,1.0,28,38,68,131,28,117,0,1,84,2,0.8855,547.874,OPTIMAL,4027.000000,15.5186,29.7472
2026-09-08T06:01:35.064621+00:00,0,7,p50-1.2xalloc,sketch,p50bump,10,1.0,28,38,66,125,25,121,0,6,28,7,0.9764,543.941,OPTIMAL,4020.000000,8.7586,9.9709
2026-09-08T06:01:35.698520+00:00,0,7,avg-p50p75-1.2xalloc,sketch,avgp50p75bump,10,1.0,28,40,61,121,24,120,0,5,27,6,0.9854,548.985,OPTIMAL,3818.000000,4.6119,12.8478
2026-09-08T06:01:36.902459+00:00,0,7,window-avg,sketch,window,10,1.0,28,43,68,126,28,117,0,1,68,2,0.9202,1110.220,OPTIMAL,4027.000000,11.3332,24.5783
2026-09-08T06:01:43.207534+00:00,0,8,static,static,request,10,1.0,27,60,68,112,31,143,0,0,12,0,0.9939,2585.100,OPTIMAL,3830.000000,39.3662,83.2546
2026-09-08T06:01:43.900127+00:00,0,8,p50,sketch,p50,10,1.0,27,37,67,126,32,149,0,1,90,1,0.8799,598.332,OPTIMAL,4026.000000,17.0134,33.7115
2026-09-08T06:01:45.276101+00:00,0,8,p50-1.2xalloc,sketch,p50bump,10,1.0,27,39,68,121,32,153,0,2,36,6,0.9753,1285.320,OPTIMAL,4026.000000,9.1364,10.8576
2026-09-08T06:01:46.105648+00:00,0,8,avg-p50p75-1.2xalloc,sketch,avgp50p75bump,10,1.0,27,44,70,117,34,154,0,6,29,7,0.9848,742.533,OPTIMAL,4024.000000,4.7315,13.8071
2026-09-08T06:01:46.783483+00:00,0,8,window-avg,sketch,window,10,1.0,27,42,70,124,32,149,0,0,77,0,0.9183,586.453,OPTIMAL,4030.000000,11.2754,25.1149
2026-09-08T06:02:08.848985+00:00,0,9,static,static,request,10,1.0,33,63,67,114,27,170,0,0,9,1,0.9945,18335.340,OPTIMAL,3829.000000,49.8262,92.6735
2026-09-08T06:02:09.968715+00:00,0,9,p50,sketch,p50,10,1.0,33,43,70,133,23,172,0,0,80,1,0.8778,1015.616,OPTIMAL,4030.000000,15.7067,31.3437
2026-09-08T06:02:12.207042+00:00,0,9,p50-1.2xalloc,sketch,p50bump,10,1.0,33,44,72,126,27,180,0,1,25,7,0.9770,2148.423,OPTIMAL,4031.000000,8.4303,9.6348
2026-09-08T06:02:14.541158+00:00,0,9,avg-p50p75-1.2xalloc,sketch,avgp50p75bump,10,1.0,33,47,72,124,25,179,0,0,8,3,0.9861,2242.540,OPTIMAL,4032.000000,3.3993,3.7606
2026-09-08T06:02:19.634210+00:00,0,9,window-avg,sketch,window,10,1.0,33,45,71,131,24,173,0,1,69,1,0.9173,4998.953,OPTIMAL,4030.000000,10.8784,25.7340
2026-09-08T06:02:23.650462+00:00,0,10,static,static,request,10,1.0,29,63,49,107,27,197,0,0,9,0,0.9942,295.455,OPTIMAL,2920.000000,46.6644,80.4504
2026-09-08T06:02:24.260059+00:00,0,10,p50,sketch,p50,10,1.0,29,42,64,128,29,201,0,0,92,1,0.8757,507.991,OPTIMAL,4024.000000,16.4569,31.1995
2026-09-08T06:02:24.932140+00:00,0,10,p50-1.2xalloc,sketch,p50bump,10,1.0,29,41,64,121,29,209,0,3,37,9,0.9770,574.960,OPTIMAL,4021.000000,8.7026,10.0674
2026-09-08T06:02:25.967754+00:00,0,10,avg-p50p75-1.2xalloc,sketch,avgp50p75bump,10,1.0,29,44,60,118,26,205,0,3,29,6,0.9858,940.366,OPTIMAL,4017.000000,3.6735,4.1262
2026-09-08T06:02:26.434288+00:00,0,10,window-avg,sketch,window,10,1.0,29,43,62,125,28,201,0,0,71,0,0.9162,365.450,OPTIMAL,4022.000000,10.9713,25.2583
2026-09-08T06:02:31.026846+00:00,0,11,static,static,request,10,1.0,36,79,65,110,27,224,0,0,3,0,0.9947,861.864,OPTIMAL,3530.000000,45.7940,87.8202
2026-09-08T06:02:32.414510+00:00,0,11,p50,sketch,p50,10,1.0,36,54,73,129,32,233,0,2,85,1,0.8738,1280.295,OPTIMAL,4031.000000,14.9556,30.7212
2026-09-08T06:02:34.754427+00:00,0,11,p50-1.2xalloc,sketch,p50bump,10,1.0,36,53,72,123,30,239,0,2,20,6,0.9775,2234.544,OPTIMAL,4030.000000,8.6290,10.3829
2026-09-08T06:02:37.111936+00:00,0,11,avg-p50p75-1.2xalloc,sketch,avgp50p75bump,10,1.0,36,60,72,120,30,235,0,1,16,4,0.9858,2269.451,OPTIMAL,4031.000000,3.8425,3.9865
2026-09-08T06:02:38.936404+00:00,0,11,window-avg,sketch,window,10,1.0,36,57,72,126,31,232,0,1,72,1,0.9153,1733.969,OPTIMAL,4031.000000,9.6075,21.7274
2026-09-08T06:02:45.361633+00:00,0,12,static,static,request,10,1.0,38,87,70,108,32,256,0,0,13,1,0.9940,2693.370,OPTIMAL,4030.000000,39.6274,76.4191
2026-09-08T06:02:48.147457+00:00,0,12,p50,sketch,p50,10,1.0,38,59,72,130,31,264,0,1,89,1,0.8714,2690.556,OPTIMAL,4031.000000,15.9771,30.2863
2026-09-08T06:02:50.627971+00:00,0,12,p50-1.2xalloc,sketch,p50bump,10,1.0,38,59,72,123,32,271,0,1,61,13,0.9759,2388.960,OPTIMAL,4031.000000,8.5664,9.9895
2026-09-08T06:03:03.814606+00:00,0,12,avg-p50p75-1.2xalloc,sketch,avgp50p75bump,10,1.0,38,66,75,120,35,270,0,3,44,8,0.9840,13097.683,OPTIMAL,4032.000000,4.1249,5.6852
2026-09-08T06:03:05.630925+00:00,0,12,window-avg,sketch,window,10,1.0,38,63,72,127,31,263,0,0,78,1,0.9124,1718.659,OPTIMAL,4032.000000,11.5023,25.0370
2026-09-08T06:03:11.499073+00:00,0,13,static,static,request,10,1.0,40,97,72,109,31,287,0,0,14,1,0.9939,2276.027,OPTIMAL,4032.000000,43.3013,90.7174
2026-09-08T06:03:24.345851+00:00,0,13,p50,sketch,p50,10,1.0,40,67,81,138,33,297,0,1,85,1,0.8717,12761.374,OPTIMAL,4040.000000,14.3874,29.8374
2026-09-08T06:04:24.532532+00:00,0,13,p50-1.2xalloc,sketch,p50bump,10,1.0,40,67,83,130,36,307,0,7,56,11,0.9740,60094.122,FEASIBLE,4036.000000,8.5148,9.9278
2026-09-08T06:04:39.380618+00:00,0,13,avg-p50p75-1.2xalloc,sketch,avgp50p75bump,10,1.0,40,71,77,127,30,300,0,7,19,4,0.9840,14755.351,OPTIMAL,4030.000000,4.3648,9.8686
2026-09-08T06:04:55.813794+00:00,0,13,window-avg,sketch,window,10,1.0,40,71,80,131,36,299,0,0,70,1,0.9127,16338.358,OPTIMAL,4040.000000,9.3896,24.7355
2026-09-08T06:04:59.784366+00:00,0,14,static,static,request,10,1.0,30,95,48,105,28,315,0,0,15,0,0.9935,328.808,OPTIMAL,2424.000000,40.6200,82.9695
2026-09-08T06:05:00.438849+00:00,0,14,p50,sketch,p50,10,1.0,30,56,65,129,34,331,0,1,92,2,0.8720,561.318,OPTIMAL,4024.000000,14.0829,25.7214
2026-09-08T06:05:00.955902+00:00,0,14,p50-1.2xalloc,sketch,p50bump,10,1.0,30,54,62,122,30,337,0,5,43,9,0.9741,429.269,OPTIMAL,4017.000000,9.2702,10.4312
2026-09-08T06:05:01.600572+00:00,0,14,avg-p50p75-1.2xalloc,sketch,avgp50p75bump,10,1.0,30,64,63,119,31,331,0,3,31,5,0.9830,557.704,OPTIMAL,4020.000000,4.0363,5.8289
2026-09-08T06:05:02.093498+00:00,0,14,window-avg,sketch,window,10,1.0,30,61,61,123,29,328,0,0,72,0,0.9126,393.455,OPTIMAL,4021.000000,10.3356,23.2019
2026-09-08T06:05:06.388433+00:00,0,15,static,static,request,10,1.0,39,110,59,103,26,341,0,0,9,0,0.9935,680.276,OPTIMAL,3524.000000,44.9378,81.4778
2026-09-08T06:05:19.108183+00:00,0,15,p50,sketch,p50,10,1.0,39,70,76,134,31,362,0,2,80,2,0.8724,12611.178,OPTIMAL,4034.000000,14.8007,29.1850
2026-09-08T06:05:20.927118+00:00,0,15,p50-1.2xalloc,sketch,p50bump,10,1.0,39,71,75,124,33,370,0,0,27,7,0.9748,1726.409,OPTIMAL,4035.000000,8.5308,9.8014
2026-09-08T06:05:23.368180+00:00,0,15,avg-p50p75-1.2xalloc,sketch,avgp50p75bump,10,1.0,39,80,76,121,34,365,0,2,21,4,0.9834,2356.152,OPTIMAL,4034.000000,3.5919,3.9162
2026-09-08T06:05:26.239730+00:00,0,15,window-avg,sketch,window,10,1.0,39,79,77,127,33,361,0,0,65,0,0.9131,2783.859,OPTIMAL,4037.000000,11.9414,25.8899
2026-09-08T06:05:33.674058+00:00,0,16,static,static,request,10,1.0,21,107,63,93,33,374,0,0,5,0,0.9937,3698.475,OPTIMAL,4023.000000,50.3289,95.2952
2026-09-08T06:05:34.840117+00:00,0,16,p50,sketch,p50,10,1.0,21,55,65,122,37,399,0,1,82,0,0.8726,1071.215,OPTIMAL,4024.000000,14.5540,28.7674
2026-09-08T06:05:35.743820+00:00,0,16,p50-1.2xalloc,sketch,p50bump,10,1.0,21,57,67,113,38,408,0,0,20,4,0.9753,817.579,OPTIMAL,4027.000000,8.8946,10.2409
2026-09-08T06:05:37.038781+00:00,0,16,avg-p50p75-1.2xalloc,sketch,avgp50p75bump,10,1.0,21,65,64,114,31,396,0,4,15,4,0.9838,1203.274,OPTIMAL,4020.000000,4.6013,15.6294
2026-09-08T06:05:38.288658+00:00,0,16,window-avg,sketch,window,10,1.0,21,63,67,119,35,396,0,3,59,1,0.9132,1159.291,OPTIMAL,4024.000000,9.9694,21.4611
2026-09-08T06:05:42.369630+00:00,0,17,static,static,request,10,1.0,38,122,53,96,18,392,0,0,9,0,0.9936,365.838,OPTIMAL,3221.000000,37.5768,79.8135
2026-09-08T06:05:44.785322+00:00,0,17,p50,sketch,p50,10,1.0,38,68,71,128,25,424,0,0,87,1,0.8713,2323.526,OPTIMAL,4031.000000,16.9442,37.1114
2026-09-08T06:05:54.700400+00:00,0,17,p50-1.2xalloc,sketch,p50bump,10,1.0,38,68,69,125,17,425,0,5,27,7,0.9752,9821.844,OPTIMAL,4024.000000,8.9034,10.2803
2026-09-08T06:05:56.528805+00:00,0,17,avg-p50p75-1.2xalloc,sketch,avgp50p75bump,10,1.0,38,79,69,121,22,418,0,4,26,6,0.9835,1736.796,OPTIMAL,4025.000000,4.0502,4.3581
2026-09-08T06:06:05.610237+00:00,0,17,window-avg,sketch,window,10,1.0,38,74,70,128,21,417,0,1,68,1,0.9125,8988.681,OPTIMAL,4029.000000,10.9808,28.9413
2026-09-08T06:06:09.918346+00:00,0,18,static,static,request,10,1.0,30,131,60,94,23,415,0,0,10,1,0.9934,568.594,OPTIMAL,3921.000000,38.0202,74.0502
2026-09-08T06:06:10.428801+00:00,0,18,p50,sketch,p50,10,1.0,30,67,62,128,22,446,0,1,84,1,0.8706,408.996,OPTIMAL,4021.000000,16.0782,33.7027
2026-09-08T06:06:12.351119+00:00,0,18,p50-1.2xalloc,sketch,p50bump,10,1.0,30,69,63,121,27,452,0,5,56,13,0.9740,1827.360,OPTIMAL,4018.000000,8.3501,9.7130
2026-09-08T06:06:13.128451+00:00,0,18,avg-p50p75-1.2xalloc,sketch,avgp50p75bump,10,1.0,30,80,63,117,27,445,0,3,27,4,0.9836,685.767,OPTIMAL,4020.000000,4.1114,5.7097
2026-09-08T06:06:13.925706+00:00,0,18,window-avg,sketch,window,10,1.0,30,74,62,125,25,442,0,0,70,0,0.9115,698.973,OPTIMAL,4022.000000,12.6598,28.3015
2026-09-08T06:06:18.071384+00:00,0,19,static,static,request,10,1.0,45,155,50,95,19,434,0,0,12,1,0.9932,570.502,OPTIMAL,3020.000000,39.9650,90.5607
2026-09-08T06:06:19.349531+00:00,0,19,p50,sketch,p50,10,1.0,45,90,71,124,35,481,0,2,89,0,0.8696,1188.371,OPTIMAL,4029.000000,16.6037,31.1548
2026-09-08T06:06:26.091603+00:00,0,19,p50-1.2xalloc,sketch,p50bump,10,1.0,45,91,69,116,34,486,0,1,39,10,0.9738,6666.218,OPTIMAL,4028.000000,8.7135,10.0747
2026-09-08T06:06:28.449997+00:00,0,19,avg-p50p75-1.2xalloc,sketch,avgp50p75bump,10,1.0,45,102,67,109,35,480,0,8,26,6,0.9831,2281.538,OPTIMAL,4019.000000,4.4384,7.2621
2026-09-08T06:06:29.661684+00:00,0,19,window-avg,sketch,window,10,1.0,45,97,67,117,35,477,0,2,72,1,0.9104,1125.240,OPTIMAL,4025.000000,10.9820,26.3475
2026-09-08T06:06:33.894252+00:00,0,20,static,static,request,10,1.0,40,175,56,90,25,459,0,0,7,0,0.9933,680.989,OPTIMAL,3620.000000,43.3429,80.8807
2026-09-08T06:06:36.205752+00:00,0,20,p50,sketch,p50,10,1.0,40,99,69,127,26,507,0,0,81,1,0.8698,2208.903,OPTIMAL,4029.000000,14.3823,27.0837
2026-09-08T06:06:37.688174+00:00,0,20,p50-1.2xalloc,sketch,p50bump,10,1.0,40,102,68,117,27,513,0,3,30,5,0.9736,1393.778,OPTIMAL,4025.000000,8.7844,10.2565
2026-09-08T06:06:39.493112+00:00,0,20,avg-p50p75-1.2xalloc,sketch,avgp50p75bump,10,1.0,40,115,67,107,29,509,0,2,27,6,0.9833,1729.900,OPTIMAL,4025.000000,3.4519,4.0454
2026-09-08T06:06:40.443683+00:00,0,20,window-avg,sketch,window,10,1.0,40,110,67,118,26,503,0,2,71,1,0.9098,867.537,OPTIMAL,4025.000000,10.6781,22.0830
2026-09-08T06:06:44.952276+00:00,0,21,static,static,request,10,1.0,36,191,48,78,29,488,0,0,9,1,0.9932,596.381,OPTIMAL,3117.000000,46.2134,97.0990
2026-09-08T06:06:46.408303+00:00,0,21,p50,sketch,p50,10,1.0,36,106,72,119,40,547,0,4,84,2,0.8699,1356.194,OPTIMAL,4028.000000,13.9019,26.1783
2026-09-08T06:06:51.203431+00:00,0,21,p50-1.2xalloc,sketch,p50bump,10,1.0,36,110,70,114,33,546,0,3,39,8,0.9737,4712.657,OPTIMAL,4027.000000,9.1436,10.3837
2026-09-08T06:06:52.370517+00:00,0,21,avg-p50p75-1.2xalloc,sketch,avgp50p75bump,10,1.0,36,124,71,111,27,536,0,6,18,6,0.9833,1086.194,OPTIMAL,4025.000000,4.4117,8.2935
2026-09-08T06:06:54.344838+00:00,0,21,window-avg,sketch,window,10,1.0,36,119,69,114,33,536,0,0,67,1,0.9100,1889.805,OPTIMAL,4029.000000,10.1614,21.2099
2026-09-08T06:06:58.531524+00:00,0,22,static,static,request,10,1.0,37,211,50,79,16,504,0,0,11,2,0.9931,467.565,OPTIMAL,3317.000000,44.8535,93.6164
2026-09-08T06:07:00.683312+00:00,0,22,p50,sketch,p50,10,1.0,37,111,70,129,20,567,0,1,68,2,0.8702,2044.352,OPTIMAL,4029.000000,14.6118,30.2739
2026-09-08T06:07:01.827073+00:00,0,22,p50-1.2xalloc,sketch,p50bump,10,1.0,37,117,66,116,24,570,0,2,38,8,0.9741,1051.135,OPTIMAL,4024.000000,8.5176,9.8593
2026-09-08T06:07:03.497424+00:00,0,22,avg-p50p75-1.2xalloc,sketch,avgp50p75bump,10,1.0,37,130,64,111,24,560,0,7,30,7,0.9834,1584.697,OPTIMAL,4017.000000,4.0787,9.5818
2026-09-08T06:07:05.442561+00:00,0,22,window-avg,sketch,window,10,1.0,37,127,69,115,28,564,0,0,58,0,0.9100,1861.104,OPTIMAL,4029.000000,11.6586,27.9982
2026-09-08T06:07:11.110904+00:00,0,23,static,static,request,10,1.0,33,227,66,80,25,529,0,0,10,1,0.9928,1934.034,OPTIMAL,4026.000000,45.3033,82.9027
2026-09-08T06:07:12.079980+00:00,0,23,p50,sketch,p50,10,1.0,33,114,65,125,29,596,0,1,92,1,0.8698,868.892,OPTIMAL,4024.000000,15.1487,28.1212
2026-09-08T06:07:13.742422+00:00,0,23,p50-1.2xalloc,sketch,p50bump,10,1.0,33,124,67,110,33,603,0,4,38,8,0.9734,1579.939,OPTIMAL,4023.000000,8.6389,10.0849
2026-09-08T06:07:15.986696+00:00,0,23,avg-p50p75-1.2xalloc,sketch,avgp50p75bump,10,1.0,33,139,65,107,29,589,0,8,28,6,0.9828,2161.468,OPTIMAL,4017.000000,3.9215,5.1543
2026-09-08T06:07:17.980860+00:00,0,23,window-avg,sketch,window,10,1.0,33,131,70,118,27,591,0,0,73,2,0.9097,1907.039,OPTIMAL,4030.000000,10.3284,24.4399
2026-09-08T06:07:21.905642+00:00,0,24,static,static,request,10,1.0,43,244,45,87,13,542,0,0,6,0,0.9929,196.306,OPTIMAL,2520.000000,45.0548,88.1231
2026-09-08T06:07:25.263002+00:00,0,24,p50,sketch,p50,10,1.0,43,132,71,123,33,629,0,0,81,1,0.8700,3256.299,OPTIMAL,4031.000000,15.0456,31.5744
2026-09-08T06:07:33.370350+00:00,0,24,p50-1.2xalloc,sketch,p50bump,10,1.0,43,140,70,112,28,631,0,3,22,6,0.9737,8024.622,OPTIMAL,4027.000000,9.1243,10.4213
2026-09-08T06:07:35.751749+00:00,0,24,avg-p50p75-1.2xalloc,sketch,avgp50p75bump,10,1.0,43,157,63,105,25,614,0,7,11,3,0.9831,2299.747,OPTIMAL,4016.000000,5.8266,20.1874
2026-09-08T06:07:39.388274+00:00,0,24,window-avg,sketch,window,10,1.0,43,144,65,118,25,616,0,1,61,1,0.9099,3546.284,OPTIMAL,4024.000000,10.1506,24.1868
2026-09-08T06:07:44.078884+00:00,0,25,static,static,request,10,1.0,39,263,60,87,23,565,0,0,13,1,0.9926,963.573,OPTIMAL,3723.000000,44.1740,95.5320
2026-09-08T06:07:44.951867+00:00,0,25,p50,sketch,p50,10,1.0,39,140,69,123,29,658,0,2,79,2,0.8701,766.887,OPTIMAL,4027.000000,14.7030,30.2036
2026-09-08T06:07:45.840203+00:00,0,25,p50-1.2xalloc,sketch,p50bump,10,1.0,39,149,66,114,24,655,0,2,26,6,0.9742,787.748,OPTIMAL,4024.000000,8.5162,9.9171
2026-09-08T06:07:48.587633+00:00,0,25,avg-p50p75-1.2xalloc,sketch,avgp50p75bump,10,1.0,39,173,64,103,26,640,0,3,15,2,0.9833,2655.783,OPTIMAL,4021.000000,4.8770,11.2641
2026-09-08T06:07:49.638862+00:00,0,25,window-avg,sketch,window,10,1.0,39,158,66,111,33,649,0,0,73,2,0.9097,967.890,OPTIMAL,4026.000000,9.8901,23.8407
2026-09-08T06:07:53.730861+00:00,0,26,static,static,request,10,1.0,31,271,50,89,20,585,0,0,10,1,0.9926,362.149,OPTIMAL,2822.000000,50.4638,107.8405
2026-09-08T06:07:54.968207+00:00,0,26,p50,sketch,p50,10,1.0,31,142,67,130,20,678,0,0,82,0,0.8695,1136.740,OPTIMAL,4027.000000,16.0294,30.7021
2026-09-08T06:07:56.747987+00:00,0,26,p50-1.2xalloc,sketch,p50bump,10,1.0,31,154,68,115,27,682,0,0,41,8,0.9739,1693.603,OPTIMAL,4028.000000,8.9275,10.0367
2026-09-08T06:07:58.200572+00:00,0,26,avg-p50p75-1.2xalloc,sketch,avgp50p75bump,10,1.0,31,180,63,99,27,667,0,1,14,2,0.9835,1374.206,OPTIMAL,4022.000000,4.1410,4.4921
2026-09-08T06:07:59.162001+00:00,0,26,window-avg,sketch,window,10,1.0,31,163,67,114,24,673,0,1,71,0,0.9094,877.527,OPTIMAL,4026.000000,12.5684,28.3955
2026-09-08T06:08:03.294735+00:00,0,27,static,static,request,10,1.0,39,288,54,88,22,607,0,0,18,1,0.9924,413.266,OPTIMAL,3321.000000,42.5611,84.4032
2026-09-08T06:08:04.073880+00:00,0,27,p50,sketch,p50,10,1.0,39,154,66,129,27,705,0,1,84,1,0.8689,678.359,OPTIMAL,4025.000000,17.5355,34.6938
2026-09-08T06:08:05.338918+00:00,0,27,p50-1.2xalloc,sketch,p50bump,10,1.0,39,165,66,115,26,708,0,6,34,8,0.9739,1177.782,OPTIMAL,4020.000000,8.7317,10.2338
2026-09-08T06:08:07.714085+00:00,0,27,avg-p50p75-1.2xalloc,sketch,avgp50p75bump,10,1.0,39,196,67,103,23,690,0,8,16,4,0.9834,2298.449,OPTIMAL,4019.000000,4.1463,4.6399
2026-09-08T06:08:09.280363+00:00,0,27,window-avg,sketch,window,10,1.0,39,175,67,120,21,694,0,1,67,1,0.9089,1475.960,OPTIMAL,4026.000000,11.0560,26.5814
2026-09-08T06:08:13.549402+00:00,0,28,static,static,request,10,1.0,39,306,50,88,20,627,0,0,12,0,0.9923,539.848,OPTIMAL,3020.000000,47.9233,102.8460
2026-09-08T06:08:14.502212+00:00,0,28,p50,sketch,p50,10,1.0,39,167,71,127,33,738,0,0,88,1,0.8686,857.676,OPTIMAL,4031.000000,16.0786,31.8749
2026-09-08T06:08:15.306220+00:00,0,28,p50-1.2xalloc,sketch,p50bump,10,1.0,39,178,64,117,22,730,0,3,25,5,0.9742,713.469,OPTIMAL,4021.000000,8.5340,9.7546
2026-09-08T06:08:16.839880+00:00,0,28,avg-p50p75-1.2xalloc,sketch,avgp50p75bump,10,1.0,39,208,63,105,21,711,0,5,27,4,0.9833,1452.415,OPTIMAL,4018.000000,4.5916,4.7424
2026-09-08T06:08:17.361344+00:00,0,28,window-avg,sketch,window,10,1.0,39,187,64,121,23,717,0,0,64,1,0.9087,427.714,OPTIMAL,4024.000000,11.0305,25.5790
2026-09-08T06:08:22.244739+00:00,0,29,static,static,request,10,1.0,34,320,46,87,20,647,0,0,13,1,0.9921,1129.920,OPTIMAL,2719.000000,45.5158,92.6162
2026-09-08T06:08:25.554538+00:00,0,29,p50,sketch,p50,10,1.0,34,170,68,126,29,767,0,0,84,2,0.8684,3197.577,OPTIMAL,4028.000000,15.1393,31.4217
2026-09-08T06:08:27.637549+00:00,0,29,p50-1.2xalloc,sketch,p50bump,10,1.0,34,188,72,114,35,765,0,0,17,4,0.9748,2001.183,OPTIMAL,4032.000000,8.9223,9.8126
2026-09-08T06:08:28.971760+00:00,0,29,avg-p50p75-1.2xalloc,sketch,avgp50p75bump,10,1.0,34,219,68,105,28,739,0,3,10,4,0.9836,1256.012,OPTIMAL,4025.000000,5.2622,19.5744
2026-09-08T06:08:30.277079+00:00,0,29,window-avg,sketch,window,10,1.0,34,197,68,118,31,748,0,0,68,1,0.9083,1218.899,OPTIMAL,4028.000000,11.3028,25.1723
2026-09-08T06:08:34.772367+00:00,0,30,static,static,request,10,1.0,38,339,57,84,23,670,0,0,13,2,0.9921,775.951,OPTIMAL,3720.000000,41.3347,85.1771
2026-09-08T06:08:36.056629+00:00,0,30,p50,sketch,p50,10,1.0,38,180,72,130,28,795,0,0,85,1,0.8682,1188.715,OPTIMAL,4032.000000,16.0485,31.4810
2026-09-08T06:08:37.757888+00:00,0,30,p50-1.2xalloc,sketch,p50bump,10,1.0,38,194,70,116,28,793,0,1,26,5,0.9750,1616.107,OPTIMAL,4029.000000,8.5260,9.9386
2026-09-08T06:08:39.035024+00:00,0,30,avg-p50p75-1.2xalloc,sketch,avgp50p75bump,10,1.0,38,229,70,107,28,767,0,1,23,5,0.9837,1198.435,OPTIMAL,4029.000000,3.2270,3.8210
2026-09-08T06:08:40.721039+00:00,0,30,window-avg,sketch,window,10,1.0,38,207,69,113,34,782,0,0,70,1,0.9081,1603.732,OPTIMAL,4029.000000,10.6896,22.7895
2026-09-08T06:08:44.959978+00:00,0,31,static,static,request,10,1.0,27,346,57,81,23,693,0,0,8,1,0.9919,500.972,OPTIMAL,3720.000000,42.5536,89.8317
2026-09-08T06:08:47.165744+00:00,0,31,p50,sketch,p50,10,1.0,27,175,73,128,35,830,0,2,89,2,0.8670,2113.663,OPTIMAL,4031.000000,17.7126,33.1819
2026-09-08T06:08:51.169495+00:00,0,31,p50-1.2xalloc,sketch,p50bump,10,1.0,27,191,67,120,23,816,0,4,46,10,0.9746,3911.596,OPTIMAL,4023.000000,8.5570,9.8884
2026-09-08T06:08:52.873834+00:00,0,31,avg-p50p75-1.2xalloc,sketch,avgp50p75bump,10,1.0,27,226,67,109,25,792,0,8,35,9,0.9834,1621.065,OPTIMAL,4019.000000,5.0384,11.2844
2026-09-08T06:08:54.333745+00:00,0,31,window-avg,sketch,window,10,1.0,27,205,69,119,23,805,0,0,75,1,0.9074,1372.827,OPTIMAL,4029.000000,12.0747,28.2040
2026-09-08T06:08:59.547189+00:00,0,32,static,static,request,10,1.0,36,362,56,89,15,708,0,0,9,0,0.9918,1495.266,OPTIMAL,3323.000000,40.9234,93.3345
2026-09-08T06:09:03.708903+00:00,0,32,p50,sketch,p50,10,1.0,36,178,71,129,30,860,0,0,73,0,0.8675,4050.892,OPTIMAL,4031.000000,14.3335,32.3805
2026-09-08T06:09:04.548809+00:00,0,32,p50-1.2xalloc,sketch,p50bump,10,1.0,36,200,71,115,36,852,0,0,37,8,0.9749,753.575,OPTIMAL,4031.000000,8.5441,9.7174
2026-09-08T06:09:07.122635+00:00,0,32,avg-p50p75-1.2xalloc,sketch,avgp50p75bump,10,1.0,36,235,68,114,23,815,0,3,19,4,0.9836,2487.561,OPTIMAL,4025.000000,3.8099,3.5569
2026-09-08T06:09:08.448093+00:00,0,32,window-avg,sketch,window,10,1.0,36,212,70,118,31,836,0,0,59,0,0.9073,1239.041,OPTIMAL,4030.000000,10.6902,25.6050
2026-09-08T06:09:13.565938+00:00,0,33,static,static,request,10,1.0,29,368,51,89,21,729,0,0,11,1,0.9917,1294.666,OPTIMAL,3021.000000,43.4414,90.5109
2026-09-08T06:09:14.543667+00:00,0,33,p50,sketch,p50,10,1.0,29,176,66,128,27,887,0,1,89,1,0.8673,863.157,OPTIMAL,4025.000000,15.6562,29.1664
2026-09-08T06:09:17.174887+00:00,0,33,p50-1.2xalloc,sketch,p50bump,10,1.0,29,198,68,115,28,880,0,3,14,5,0.9754,2532.558,OPTIMAL,4025.000000,8.7276,10.0083
2026-09-08T06:09:19.497461+00:00,0,33,avg-p50p75-1.2xalloc,sketch,avgp50p75bump,10,1.0,29,236,69,115,28,843,0,0,23,4,0.9836,2236.878,OPTIMAL,4029.000000,4.0725,3.8069
2026-09-08T06:09:21.580951+00:00,0,33,window-avg,sketch,window,10,1.0,29,211,71,120,29,865,0,0,62,0,0.9075,1996.387,OPTIMAL,4031.000000,11.4755,27.6542
2026-09-08T06:09:25.865479+00:00,0,34,static,static,request,10,1.0,32,379,48,87,21,750,0,0,9,1,0.9916,592.122,OPTIMAL,2919.000000,52.3246,91.2943
2026-09-08T06:09:26.924278+00:00,0,34,p50,sketch,p50,10,1.0,32,182,68,127,29,916,0,1,80,0,0.8671,962.797,OPTIMAL,4027.000000,16.3953,35.2569
2026-09-08T06:09:29.966570+00:00,0,34,p50-1.2xalloc,sketch,p50bump,10,1.0,32,202,68,115,28,908,0,3,27,6,0.9756,2958.416,OPTIMAL,4025.000000,8.9095,10.4346
2026-09-08T06:09:30.832158+00:00,0,34,avg-p50p75-1.2xalloc,sketch,avgp50p75bump,10,1.0,32,239,68,108,35,878,0,1,16,4,0.9840,785.160,OPTIMAL,4027.000000,4.6482,4.8754
2026-09-08T06:09:31.686891+00:00,0,34,window-avg,sketch,window,10,1.0,32,212,66,120,26,891,0,0,65,0,0.9077,765.190,OPTIMAL,4026.000000,11.3629,26.0969
2026-09-08T06:09:36.528950+00:00,0,35,static,static,request,10,1.0,34,394,62,88,24,774,0,0,11,1,0.9916,1137.034,OPTIMAL,3725.000000,52.4926,98.2637
2026-09-08T06:09:39.122961+00:00,0,35,p50,sketch,p50,10,1.0,34,188,69,126,30,946,0,1,77,1,0.8668,2500.293,OPTIMAL,4028.000000,15.7592,35.9472
2026-09-08T06:09:40.016592+00:00,0,35,p50-1.2xalloc,sketch,p50bump,10,1.0,34,208,71,114,32,940,0,1,25,5,0.9757,810.246,OPTIMAL,4030.000000,8.3505,9.7009
2026-09-08T06:09:40.762822+00:00,0,35,avg-p50p75-1.2xalloc,sketch,avgp50p75bump,10,1.0,34,245,65,112,21,899,0,6,24,6,0.9836,660.303,OPTIMAL,4019.000000,4.2620,6.3643
2026-09-08T06:09:41.641070+00:00,0,35,window-avg,sketch,window,10,1.0,34,220,69,119,30,921,0,1,61,0,0.9077,790.267,OPTIMAL,4028.000000,12.3819,29.0681
2026-09-08T06:09:45.728382+00:00,0,36,static,static,request,10,1.0,29,398,49,84,22,796,0,0,10,1,0.9916,355.028,OPTIMAL,3118.000000,49.6530,91.2261
2026-09-08T06:09:47.462581+00:00,0,36,p50,sketch,p50,10,1.0,29,188,69,118,37,983,0,0,88,1,0.8664,1643.776,OPTIMAL,4029.000000,15.8434,31.9585
2026-09-08T06:09:53.846483+00:00,0,36,p50-1.2xalloc,sketch,p50bump,10,1.0,29,206,70,117,27,967,0,2,16,5,0.9759,6299.158,OPTIMAL,4028.000000,8.5448,9.9543
2026-09-08T06:09:54.779921+00:00,0,36,avg-p50p75-1.2xalloc,sketch,avgp50p75bump,10,1.0,29,249,67,106,33,932,0,2,14,3,0.9838,853.046,OPTIMAL,4025.000000,3.3898,3.7653
2026-09-08T06:09:56.408584+00:00,0,36,window-avg,sketch,window,10,1.0,29,220,68,122,25,946,0,1,69,1,0.9079,1536.972,OPTIMAL,4027.000000,9.4808,19.6844
2026-09-08T06:10:04.825961+00:00,0,37,static,static,request,10,1.0,34,414,64,90,18,814,0,1,8,1,0.9916,4676.485,OPTIMAL,4023.000000,49.0081,90.7450
2026-09-08T06:10:05.649985+00:00,0,37,p50,sketch,p50,10,1.0,34,193,68,118,28,1011,0,0,78,0,0.8663,730.445,OPTIMAL,4028.000000,15.5830,33.7578
2026-09-08T06:10:06.496513+00:00,0,37,p50-1.2xalloc,sketch,p50bump,10,1.0,34,210,68,116,29,996,0,2,36,8,0.9759,758.723,OPTIMAL,4026.000000,8.8601,10.4245
2026-09-08T06:10:07.568228+00:00,0,37,avg-p50p75-1.2xalloc,sketch,avgp50p75bump,10,1.0,34,256,70,110,26,958,0,3,12,2,0.9841,989.069,OPTIMAL,4027.000000,3.9279,3.6347
2026-09-08T06:10:08.984702+00:00,0,37,window-avg,sketch,window,10,1.0,34,226,66,115,33,979,0,0,69,0,0.9077,1330.641,OPTIMAL,4026.000000,11.0907,27.4794
2026-09-08T06:10:16.556284+00:00,0,38,static,static,request,10,1.0,28,418,68,90,28,842,0,0,14,1,0.9913,3812.038,OPTIMAL,4028.000000,44.1613,78.8650
2026-09-08T06:10:17.550285+00:00,0,38,p50,sketch,p50,10,1.0,28,193,72,118,32,1043,0,0,81,3,0.8665,909.119,OPTIMAL,4032.000000,14.2514,27.5435
2026-09-08T06:10:18.472186+00:00,0,38,p50-1.2xalloc,sketch,p50bump,10,1.0,28,210,69,110,35,1031,0,2,34,7,0.9757,841.508,OPTIMAL,4027.000000,8.4321,9.6697
2026-09-08T06:10:19.269454+00:00,0,38,avg-p50p75-1.2xalloc,sketch,avgp50p75bump,10,1.0,28,254,62,107,25,983,0,6,26,7,0.9840,712.897,OPTIMAL,4016.000000,4.7378,9.1335
2026-09-08T06:10:20.346843+00:00,0,38,window-avg,sketch,window,10,1.0,28,228,66,110,31,1010,0,0,61,1,0.9075,993.400,OPTIMAL,4026.000000,10.3343,26.8906
2026-09-08T06:10:24.877981+00:00,0,39,static,static,request,10,1.0,39,429,54,91,24,866,0,0,10,0,0.9912,813.942,OPTIMAL,2925.000000,45.3541,91.8637
2026-09-08T06:10:26.595850+00:00,0,39,p50,sketch,p50,10,1.0,39,200,65,123,20,1063,0,3,66,2,0.8673,1606.655,OPTIMAL,4022.000000,14.5808,31.6013
2026-09-08T06:10:28.750407+00:00,0,39,p50-1.2xalloc,sketch,p50bump,10,1.0,39,220,69,115,24,1055,0,2,26,6,0.9756,2056.337,OPTIMAL,4027.000000,8.7706,9.6889
2026-09-08T06:10:30.687206+00:00,0,39,avg-p50p75-1.2xalloc,sketch,avgp50p75bump,10,1.0,39,271,67,101,33,1016,0,3,22,6,0.9840,1857.910,OPTIMAL,4024.000000,3.7893,3.8513
2026-09-08T06:10:32.480590+00:00,0,39,window-avg,sketch,window,10,1.0,39,241,68,109,29,1039,0,2,56,2,0.9075,1714.550,OPTIMAL,4026.000000,10.7757,27.9782
2026-09-08T06:10:36.813971+00:00,0,40,static,static,request,10,1.0,27,431,52,96,18,884,0,0,8,0,0.9913,624.469,OPTIMAL,2923.000000,43.3311,82.0624
2026-09-08T06:10:39.466389+00:00,0,40,p50,sketch,p50,10,1.0,27,202,70,118,35,1098,0,1,81,0,0.8672,2551.064,OPTIMAL,4029.000000,15.4256,30.0938
2026-09-08T06:10:40.322064+00:00,0,40,p50-1.2xalloc,sketch,p50bump,10,1.0,27,218,66,119,22,1077,0,2,23,5,0.9759,764.998,OPTIMAL,4024.000000,8.6579,9.9621
2026-09-08T06:10:45.379512+00:00,0,40,avg-p50p75-1.2xalloc,sketch,avgp50p75bump,10,1.0,27,271,67,105,23,1039,0,2,21,4,0.9840,4978.795,OPTIMAL,4025.000000,3.2426,3.6919
2026-09-08T06:10:46.130532+00:00,0,40,window-avg,sketch,window,10,1.0,27,240,70,117,22,1061,0,0,61,0,0.9075,667.107,OPTIMAL,4030.000000,11.6643,23.5729
2026-09-08T06:10:50.331156+00:00,0,41,static,static,request,10,1.0,28,436,54,97,21,905,0,0,10,0,0.9912,485.488,OPTIMAL,3222.000000,37.0794,73.2277
2026-09-08T06:11:07.076511+00:00,0,41,p50,sketch,p50,10,1.0,28,200,73,123,28,1126,0,0,77,2,0.8673,16656.414,OPTIMAL,4033.000000,15.5891,33.4498
2026-09-08T06:11:08.248258+00:00,0,41,p50-1.2xalloc,sketch,p50bump,10,1.0,28,220,69,110,38,1115,0,0,36,7,0.9757,1084.383,OPTIMAL,4029.000000,9.0441,10.4256
2026-09-08T06:11:09.945461+00:00,0,41,avg-p50p75-1.2xalloc,sketch,avgp50p75bump,10,1.0,28,272,70,105,30,1069,0,5,9,2,0.9842,1620.135,OPTIMAL,4025.000000,5.0182,16.1274
2026-09-08T06:11:12.380857+00:00,0,41,window-avg,sketch,window,10,1.0,28,238,69,116,30,1091,0,1,68,0,0.9074,2350.459,OPTIMAL,4028.000000,10.6290,25.9241
2026-09-08T06:11:16.306263+00:00,0,42,static,static,request,10,1.0,36,450,53,92,26,931,0,0,13,0,0.9912,226.867,OPTIMAL,3221.000000,39.3300,79.3512
2026-09-08T06:11:18.828325+00:00,0,42,p50,sketch,p50,10,1.0,36,203,73,125,31,1157,0,0,73,0,0.8676,2419.804,OPTIMAL,4033.000000,14.2985,26.4692
2026-09-08T06:11:24.918574+00:00,0,42,p50-1.2xalloc,sketch,p50bump,10,1.0,36,227,73,113,30,1145,0,0,18,4,0.9760,6009.731,OPTIMAL,4033.000000,8.3944,9.7889
2026-09-08T06:11:26.609435+00:00,0,42,avg-p50p75-1.2xalloc,sketch,avgp50p75bump,10,1.0,36,278,66,111,20,1089,0,5,10,1,0.9844,1607.447,OPTIMAL,4021.000000,4.3154,6.7831
2026-09-08T06:11:27.511466+00:00,0,42,window-avg,sketch,window,10,1.0,36,245,66,114,28,1119,0,1,63,0,0.9074,815.949,OPTIMAL,4025.000000,11.0701,26.1813
2026-09-08T06:11:33.162774+00:00,0,43,static,static,request,10,1.0,37,466,63,88,27,958,0,0,7,0,0.9912,1935.095,OPTIMAL,4023.000000,46.8646,92.9612
2026-09-08T06:11:34.285326+00:00,0,43,p50,sketch,p50,10,1.0,37,207,71,133,23,1180,0,0,77,0,0.8676,1018.429,OPTIMAL,4031.000000,15.6934,29.7742
2026-09-08T06:11:35.406180+00:00,0,43,p50-1.2xalloc,sketch,p50bump,10,1.0,37,231,67,117,23,1168,0,6,38,7,0.9757,1031.195,OPTIMAL,4021.000000,8.5273,9.9272
2026-09-08T06:11:36.206756+00:00,0,43,avg-p50p75-1.2xalloc,sketch,avgp50p75bump,10,1.0,37,289,68,104,35,1124,0,7,31,7,0.9839,722.883,OPTIMAL,4021.000000,4.2522,6.0728
2026-09-08T06:11:45.604337+00:00,0,43,window-avg,sketch,window,10,1.0,37,256,71,116,29,1148,0,1,65,1,0.9071,9311.498,OPTIMAL,4030.000000,12.6064,30.0624
2026-09-08T06:11:50.237372+00:00,0,44,static,static,request,10,1.0,27,470,53,92,19,977,0,0,5,0,0.9913,879.018,OPTIMAL,3023.000000,47.1083,86.9436
2026-09-08T06:11:52.844016+00:00,0,44,p50,sketch,p50,10,1.0,27,203,72,129,36,1216,0,0,88,0,0.8677,2509.111,OPTIMAL,4032.000000,15.0314,30.6443
2026-09-08T06:11:53.821503+00:00,0,44,p50-1.2xalloc,sketch,p50bump,10,1.0,27,231,68,118,27,1195,0,2,27,4,0.9756,888.524,OPTIMAL,4026.000000,8.6975,10.3791
2026-09-08T06:11:55.734506+00:00,0,44,avg-p50p75-1.2xalloc,sketch,avgp50p75bump,10,1.0,27,288,68,109,23,1147,0,1,12,2,0.9841,1831.411,OPTIMAL,4027.000000,5.2705,18.4813
2026-09-08T06:11:57.974835+00:00,0,44,window-avg,sketch,window,10,1.0,27,252,67,120,23,1171,0,0,65,1,0.9071,2149.863,OPTIMAL,4027.000000,10.4762,21.5917
2026-09-08T06:12:02.115017+00:00,0,45,static,static,request,10,1.0,33,480,52,85,26,1003,0,0,12,2,0.9912,316.628,OPTIMAL,3319.000000,53.9480,93.9296
2026-09-08T06:12:03.371494+00:00,0,45,p50,sketch,p50,10,1.0,33,204,70,137,22,1238,0,0,85,0,0.8679,1133.407,OPTIMAL,4030.000000,14.7096,30.7445
2026-09-08T06:12:05.887671+00:00,0,45,p50-1.2xalloc,sketch,p50bump,10,1.0,33,236,70,116,32,1227,0,2,22,4,0.9758,2416.649,OPTIMAL,4028.000000,9.2347,10.7971
2026-09-08T06:12:07.104765+00:00,0,45,avg-p50p75-1.2xalloc,sketch,avgp50p75bump,10,1.0,33,293,71,112,28,1175,0,2,25,6,0.9841,1134.346,OPTIMAL,4029.000000,3.4182,4.1972
2026-09-08T06:12:08.761628+00:00,0,45,window-avg,sketch,window,10,1.0,33,258,70,121,29,1200,0,0,74,1,0.9073,1567.502,OPTIMAL,4030.000000,9.9133,21.4859
2026-09-08T06:12:12.943813+00:00,0,46,static,static,request,10,1.0,31,492,50,84,20,1023,0,0,3,0,0.9913,361.720,OPTIMAL,3119.000000,53.7776,92.9000
2026-09-08T06:12:14.861281+00:00,0,46,p50,sketch,p50,10,1.0,31,205,67,135,29,1267,0,0,93,3,0.8676,1792.445,OPTIMAL,4027.000000,15.9851,33.2984
2026-09-08T06:12:18.204439+00:00,0,46,p50-1.2xalloc,sketch,p50bump,10,1.0,31,237,70,121,25,1252,0,1,24,5,0.9759,3247.928,OPTIMAL,4029.000000,8.6795,9.9403
2026-09-08T06:12:19.069058+00:00,0,46,avg-p50p75-1.2xalloc,sketch,avgp50p75bump,10,1.0,31,293,62,116,21,1196,0,4,26,5,0.9841,771.854,OPTIMAL,3721.000000,3.9349,6.8186
2026-09-08T06:12:21.170655+00:00,0,46,window-avg,sketch,window,10,1.0,31,259,69,120,30,1230,0,1,67,3,0.9076,2010.707,OPTIMAL,4028.000000,10.7852,23.5454
2026-09-08T06:12:26.249978+00:00,0,47,static,static,request,10,1.0,45,518,62,81,25,1048,0,0,8,1,0.9914,1304.784,OPTIMAL,4022.000000,46.1510,104.5080
2026-09-08T06:12:27.409383+00:00,0,47,p50,sketch,p50,10,1.0,45,223,62,125,32,1299,0,1,91,1,0.8671,1039.290,OPTIMAL,4021.000000,17.9602,35.5312
2026-09-08T06:12:29.135987+00:00,0,47,p50-1.2xalloc,sketch,p50bump,10,1.0,45,252,65,120,26,1278,0,3,25,6,0.9758,1619.175,OPTIMAL,4022.000000,8.8296,10.1919
2026-09-08T06:12:31.848409+00:00,0,47,avg-p50p75-1.2xalloc,sketch,avgp50p75bump,10,1.0,45,313,68,111,33,1229,0,4,25,6,0.9841,2615.015,OPTIMAL,4024.000000,4.6028,6.5824
2026-09-08T06:12:32.529019+00:00,0,47,window-avg,sketch,window,10,1.0,45,275,68,120,28,1258,0,2,66,1,0.9075,589.788,OPTIMAL,4026.000000,11.1172,24.0095
2026-09-08T06:12:37.240617+00:00,0,48,static,static,request,10,1.0,45,541,58,85,20,1068,0,0,6,0,0.9914,978.727,OPTIMAL,3424.000000,40.6762,91.9746
2026-09-08T06:12:38.401622+00:00,0,48,p50,sketch,p50,10,1.0,45,246,64,122,27,1326,0,0,88,0,0.8665,1047.991,OPTIMAL,4024.000000,18.3122,37.2323
2026-09-08T06:12:39.721754+00:00,0,48,p50-1.2xalloc,sketch,p50bump,10,1.0,45,272,61,114,27,1305,0,4,29,6,0.9760,1211.928,OPTIMAL,4017.000000,8.4547,9.6544
2026-09-08T06:12:45.765875+00:00,0,48,avg-p50p75-1.2xalloc,sketch,avgp50p75bump,10,1.0,45,330,70,116,25,1254,0,3,17,5,0.9843,5942.854,OPTIMAL,4027.000000,4.2830,3.6970
2026-09-08T06:12:46.470760+00:00,0,48,window-avg,sketch,window,10,1.0,45,292,64,128,16,1274,0,1,71,1,0.9073,601.465,OPTIMAL,4023.000000,12.2182,27.7481
2026-09-08T06:12:50.902660+00:00,0,49,static,static,request,10,1.0,28,545,57,91,18,1086,0,0,12,0,0.9914,677.148,OPTIMAL,3324.000000,37.9564,70.4545
2026-09-08T06:12:52.234981+00:00,0,49,p50,sketch,p50,10,1.0,28,250,66,115,33,1359,0,1,87,1,0.8659,1227.853,OPTIMAL,4025.000000,16.0416,31.3424
2026-09-08T06:12:54.301896+00:00,0,49,p50-1.2xalloc,sketch,p50bump,10,1.0,28,279,62,106,30,1335,0,5,28,6,0.9759,1967.846,OPTIMAL,4017.000000,8.7102,9.6602
2026-09-08T06:12:55.209225+00:00,0,49,avg-p50p75-1.2xalloc,sketch,avgp50p75bump,10,1.0,28,328,64,120,21,1275,0,6,32,8,0.9841,807.913,OPTIMAL,3919.000000,4.8920,13.6106
2026-09-08T06:12:56.141240+00:00,0,49,window-avg,sketch,window,10,1.0,28,296,65,116,37,1311,0,1,80,1,0.9068,839.724,OPTIMAL,4024.000000,12.5311,27.0511
2026-09-08T06:13:00.349768+00:00,0,50,static,static,request,10,1.0,38,559,64,85,30,1116,0,0,5,0,0.9914,459.509,OPTIMAL,4024.000000,41.2067,81.4056
2026-09-08T06:13:01.179187+00:00,0,50,p50,sketch,p50,10,1.0,38,262,67,115,27,1386,0,0,76,0,0.8661,741.146,OPTIMAL,4027.000000,14.5575,27.1774
2026-09-08T06:13:03.897450+00:00,0,50,p50-1.2xalloc,sketch,p50bump,10,1.0,38,295,64,102,28,1363,0,2,16,4,0.9761,2639.972,OPTIMAL,4022.000000,8.3843,9.5823
2026-09-08T06:13:04.941538+00:00,0,50,avg-p50p75-1.2xalloc,sketch,avgp50p75bump,10,1.0,38,341,63,113,30,1305,0,3,28,5,0.9843,953.765,OPTIMAL,4020.000000,3.4645,3.8836
2026-09-08T06:13:05.992371+00:00,0,50,window-avg,sketch,window,10,1.0,38,309,61,107,30,1341,0,0,62,0,0.9068,967.099,OPTIMAL,4021.000000,10.6333,25.6503
2026-09-08T06:13:10.603161+00:00,0,51,static,static,request,10,1.0,29,564,55,93,14,1130,0,0,10,1,0.9914,805.388,OPTIMAL,3322.000000,40.0283,67.6336
2026-09-08T06:13:11.915395+00:00,0,51,p50,sketch,p50,10,1.0,29,264,62,118,19,1405,0,3,79,1,0.8659,1200.750,OPTIMAL,4019.000000,14.6571,30.6366
2026-09-08T06:13:15.833359+00:00,0,51,p50-1.2xalloc,sketch,p50bump,10,1.0,29,300,65,106,21,1384,0,6,31,8,0.9761,3824.219,OPTIMAL,4019.000000,8.5070,9.6417
2026-09-08T06:13:17.222807+00:00,0,51,avg-p50p75-1.2xalloc,sketch,avgp50p75bump,10,1.0,29,347,48,104,26,1331,0,5,17,4,0.9844,1302.048,OPTIMAL,3112.000000,5.8511,18.0183
2026-09-08T06:13:18.013964+00:00,0,51,window-avg,sketch,window,10,1.0,29,317,60,105,22,1363,0,0,62,0,0.9068,707.212,OPTIMAL,4020.000000,10.0752,21.0146
2026-09-08T06:13:26.265125+00:00,0,52,static,static,request,10,1.0,25,567,66,90,30,1160,0,0,17,2,0.9913,4505.837,OPTIMAL,3927.000000,40.6318,90.9466
2026-09-08T06:13:30.134678+00:00,0,52,p50,sketch,p50,10,1.0,25,267,63,110,31,1436,0,0,81,1,0.8660,3780.748,OPTIMAL,4023.000000,15.0599,30.0531
2026-09-08T06:13:31.763582+00:00,0,52,p50-1.2xalloc,sketch,p50bump,10,1.0,25,300,67,106,27,1411,0,3,28,6,0.9761,1550.100,OPTIMAL,4024.000000,8.3238,9.7647
2026-09-08T06:13:34.031958+00:00,0,52,avg-p50p75-1.2xalloc,sketch,avgp50p75bump,10,1.0,25,355,65,96,33,1364,0,4,17,6,0.9844,2192.442,OPTIMAL,4021.000000,3.2556,3.5275
2026-09-08T06:13:34.982856+00:00,0,52,window-avg,sketch,window,10,1.0,25,322,65,109,21,1384,0,2,62,1,0.9069,869.149,OPTIMAL,4023.000000,11.6221,26.8499
2026-09-08T06:13:39.971621+00:00,0,53,static,static,request,10,1.0,24,564,55,97,17,1177,0,0,7,0,0.9914,1270.397,OPTIMAL,3124.000000,42.6786,89.5771
2026-09-08T06:13:51.501996+00:00,0,53,p50,sketch,p50,10,1.0,24,268,68,112,26,1462,0,1,78,1,0.8660,11430.655,OPTIMAL,4027.000000,14.4731,27.8112
2026-09-08T06:13:54.431384+00:00,0,53,p50-1.2xalloc,sketch,p50bump,10,1.0,24,297,64,104,26,1437,0,5,29,6,0.9759,2842.676,OPTIMAL,4019.000000,8.8709,10.0080
2026-09-08T06:13:55.804285+00:00,0,53,avg-p50p75-1.2xalloc,sketch,avgp50p75bump,10,1.0,24,354,64,104,16,1380,0,3,12,3,0.9844,1293.751,OPTIMAL,4021.000000,5.4918,20.8771
2026-09-08T06:13:57.343827+00:00,0,53,window-avg,sketch,window,10,1.0,24,321,67,106,30,1414,0,0,66,1,0.9068,1462.061,OPTIMAL,4027.000000,10.4773,24.3582
2026-09-08T06:14:01.939737+00:00,0,54,static,static,request,10,1.0,42,582,52,98,22,1199,0,0,11,0,0.9914,877.422,OPTIMAL,2923.000000,43.2844,80.9890
2026-09-08T06:14:08.496144+00:00,0,54,p50,sketch,p50,10,1.0,42,282,68,113,27,1489,0,1,82,3,0.8658,6456.320,OPTIMAL,4027.000000,16.3821,31.4680
2026-09-08T06:14:10.299451+00:00,0,54,p50-1.2xalloc,sketch,p50bump,10,1.0,42,315,65,107,22,1459,0,5,45,9,0.9755,1721.800,OPTIMAL,4020.000000,9.1998,10.2352
2026-09-08T06:14:11.753450+00:00,0,54,avg-p50p75-1.2xalloc,sketch,avgp50p75bump,10,1.0,42,372,65,99,30,1410,0,5,18,6,0.9845,1376.226,OPTIMAL,4020.000000,4.4961,10.6093
2026-09-08T06:14:12.357780+00:00,0,54,window-avg,sketch,window,10,1.0,42,336,60,106,20,1434,0,0,62,2,0.9067,517.811,OPTIMAL,4020.000000,11.3579,27.3427
2026-09-08T06:14:16.648409+00:00,0,55,static,static,request,10,1.0,48,607,54,95,27,1226,0,0,14,0,0.9913,541.451,OPTIMAL,3024.000000,46.2110,96.6533
2026-09-08T06:14:17.475695+00:00,0,55,p50,sketch,p50,10,1.0,48,302,67,116,24,1513,0,0,79,2,0.8655,723.693,OPTIMAL,4027.000000,16.2439,33.7776
2026-09-08T06:14:19.276701+00:00,0,55,p50-1.2xalloc,sketch,p50bump,10,1.0,48,338,67,106,28,1487,0,1,24,7,0.9756,1708.889,OPTIMAL,4026.000000,8.2338,9.7121
2026-09-08T06:14:20.044861+00:00,0,55,avg-p50p75-1.2xalloc,sketch,avgp50p75bump,10,1.0,48,395,58,100,17,1427,0,4,27,7,0.9844,681.317,OPTIMAL,4014.000000,3.9860,4.7055
2026-09-08T06:14:21.075136+00:00,0,55,window-avg,sketch,window,10,1.0,48,364,68,105,29,1463,0,1,67,2,0.9062,954.247,OPTIMAL,4027.000000,12.2263,26.2017
2026-09-08T06:14:25.219728+00:00,0,56,static,static,request,10,1.0,36,619,53,96,21,1247,0,0,9,0,0.9912,402.025,OPTIMAL,3122.000000,41.3170,87.1902
2026-09-08T06:14:27.056872+00:00,0,56,p50,sketch,p50,10,1.0,36,311,65,117,24,1537,0,0,66,0,0.8660,1742.892,OPTIMAL,4025.000000,13.0377,23.8394
2026-09-08T06:14:28.456723+00:00,0,56,p50-1.2xalloc,sketch,p50bump,10,1.0,36,347,69,109,26,1513,0,1,25,5,0.9758,1319.922,OPTIMAL,4028.000000,9.1736,10.9946
2026-09-08T06:14:30.092530+00:00,0,56,avg-p50p75-1.2xalloc,sketch,avgp50p75bump,10,1.0,36,413,66,97,29,1456,0,3,18,4,0.9844,1561.955,OPTIMAL,4023.000000,4.7581,17.4596
2026-09-08T06:14:32.070119+00:00,0,56,window-avg,sketch,window,10,1.0,36,372,69,110,24,1487,0,1,51,1,0.9063,1897.668,OPTIMAL,4028.000000,9.8267,20.1983
2026-09-08T06:14:36.211675+00:00,0,57,static,static,request,10,1.0,30,627,53,96,21,1268,0,0,21,1,0.9910,427.917,OPTIMAL,3221.000000,45.2959,90.5107
2026-09-08T06:14:37.430016+00:00,0,57,p50,sketch,p50,10,1.0,30,316,61,115,23,1560,0,0,81,1,0.8658,1109.192,OPTIMAL,4021.000000,15.7626,28.1598
2026-09-08T06:14:38.606046+00:00,0,57,p50-1.2xalloc,sketch,p50bump,10,1.0,30,348,66,115,20,1533,0,4,26,6,0.9760,1074.963,OPTIMAL,4022.000000,8.5704,10.0824
2026-09-08T06:14:39.582232+00:00,0,57,avg-p50p75-1.2xalloc,sketch,avgp50p75bump,10,1.0,30,417,66,101,22,1478,0,1,12,3,0.9845,887.455,OPTIMAL,4025.000000,4.2508,4.0098
2026-09-08T06:14:41.889822+00:00,0,57,window-avg,sketch,window,10,1.0,30,373,72,113,29,1516,0,0,60,0,0.9065,2213.069,OPTIMAL,4032.000000,9.5831,21.7055
2026-09-08T06:14:45.924922+00:00,0,58,static,static,request,10,1.0,32,638,46,97,17,1285,0,0,6,0,0.9911,279.224,OPTIMAL,2818.000000,44.9144,84.8046
2026-09-08T06:14:46.760762+00:00,0,58,p50,sketch,p50,10,1.0,32,327,64,113,26,1586,0,0,76,1,0.8657,736.311,OPTIMAL,4024.000000,16.0078,29.3261
2026-09-08T06:14:47.718058+00:00,0,58,p50-1.2xalloc,sketch,p50bump,10,1.0,32,354,58,111,22,1555,0,3,30,7,0.9759,866.154,OPTIMAL,4015.000000,8.6396,9.7369
2026-09-08T06:14:48.602521+00:00,0,58,avg-p50p75-1.2xalloc,sketch,avgp50p75bump,10,1.0,32,423,68,105,24,1502,0,2,21,4,0.9845,805.507,OPTIMAL,4026.000000,3.6793,3.7565
2026-09-08T06:14:49.368834+00:00,0,58,window-avg,sketch,window,10,1.0,32,373,63,121,15,1531,0,0,58,0,0.9066,672.159,OPTIMAL,4023.000000,11.1386,24.1005
2026-09-08T06:14:53.898005+00:00,0,59,static,static,request,10,1.0,28,648,60,88,29,1314,0,0,8,0,0.9911,777.040,OPTIMAL,4020.000000,53.0502,108.4599
2026-09-08T06:14:56.069925+00:00,0,59,p50,sketch,p50,10,1.0,28,331,68,116,25,1611,0,1,83,1,0.8653,2067.462,OPTIMAL,4027.000000,16.8785,33.0343
2026-09-08T06:14:57.782581+00:00,0,59,p50-1.2xalloc,sketch,p50bump,10,1.0,28,364,64,106,29,1584,0,3,34,8,0.9759,1626.371,OPTIMAL,4021.000000,8.4059,10.2579
2026-09-08T06:15:00.023395+00:00,0,59,avg-p50p75-1.2xalloc,sketch,avgp50p75bump,10,1.0,28,423,67,105,27,1529,0,5,21,2,0.9846,2159.691,OPTIMAL,4022.000000,4.7011,11.6152
2026-09-08T06:15:00.661798+00:00,0,59,window-avg,sketch,window,10,1.0,28,378,56,116,21,1552,0,3,73,1,0.9063,540.974,OPTIMAL,4013.000000,12.2340,26.9253
2026-09-08T06:15:06.830591+00:00,0,60,static,static,request,10,1.0,49,677,63,80,31,1345,0,0,6,0,0.9912,2412.414,OPTIMAL,4023.000000,52.5152,92.5372
2026-09-08T06:15:07.699465+00:00,0,60,p50,sketch,p50,10,1.0,49,352,71,119,28,1639,0,2,79,1,0.8653,779.753,OPTIMAL,4029.000000,15.6352,36.3871
2026-09-08T06:15:09.059679+00:00,0,60,p50-1.2xalloc,sketch,p50bump,10,1.0,49,389,64,100,30,1614,0,3,40,9,0.9757,1280.826,OPTIMAL,4021.000000,8.7118,10.2480
2026-09-08T06:15:10.374958+00:00,0,60,avg-p50p75-1.2xalloc,sketch,avgp50p75bump,10,1.0,49,445,56,107,18,1547,0,5,19,4,0.9846,1228.934,OPTIMAL,3615.000000,4.2807,9.5138
2026-09-08T06:15:11.019471+00:00,0,60,window-avg,sketch,window,10,1.0,49,411,61,105,32,1584,0,0,83,1,0.9056,561.774,OPTIMAL,4021.000000,14.2868,27.7606
2026-09-08T06:15:15.411020+00:00,0,61,static,static,request,10,1.0,36,690,42,85,12,1357,0,0,9,1,0.9912,629.725,OPTIMAL,2517.000000,46.0878,84.3840
2026-09-08T06:15:22.466155+00:00,0,61,p50,sketch,p50,10,1.0,36,357,71,124,26,1665,0,1,77,2,0.8652,6946.516,OPTIMAL,4030.000000,16.0062,35.8776
2026-09-08T06:15:23.461039+00:00,0,61,p50-1.2xalloc,sketch,p50bump,10,1.0,36,401,69,109,20,1634,0,2,13,3,0.9758,914.136,OPTIMAL,4027.000000,8.7534,10.0025
2026-09-08T06:15:24.438963+00:00,0,61,avg-p50p75-1.2xalloc,sketch,avgp50p75bump,10,1.0,36,461,58,104,21,1568,0,5,34,7,0.9845,892.542,OPTIMAL,4013.000000,4.2472,5.8561
2026-09-08T06:15:25.491203+00:00,0,61,window-avg,sketch,window,10,1.0,36,426,63,108,20,1604,0,1,71,1,0.9052,969.678,OPTIMAL,4022.000000,13.0822,27.9277
2026-09-08T06:15:29.390652+00:00,0,62,static,static,request,10,1.0,36,709,40,85,16,1373,0,0,12,2,0.9911,168.798,OPTIMAL,2416.000000,46.8411,87.5992
2026-09-08T06:15:30.142863+00:00,0,62,p50,sketch,p50,10,1.0,36,362,66,120,30,1695,0,0,81,2,0.8651,643.797,OPTIMAL,4026.000000,16.4787,36.5674
2026-09-08T06:15:35.210220+00:00,0,62,p50-1.2xalloc,sketch,p50bump,10,1.0,36,408,74,111,32,1666,0,4,35,9,0.9760,4975.962,OPTIMAL,4030.000000,9.2408,10.5045
2026-09-08T06:15:36.193757+00:00,0,62,avg-p50p75-1.2xalloc,sketch,avgp50p75bump,10,1.0,36,479,63,94,33,1601,0,3,25,7,0.9844,907.769,OPTIMAL,4020.000000,3.3293,3.6818
2026-09-08T06:15:37.098978+00:00,0,62,window-avg,sketch,window,10,1.0,36,439,68,109,27,1631,0,3,73,4,0.9049,824.376,OPTIMAL,4025.000000,11.7323,27.5124
2026-09-08T06:15:41.500205+00:00,0,63,static,static,request,10,1.0,39,732,54,78,25,1398,0,0,8,1,0.9910,661.245,OPTIMAL,3618.000000,46.8428,94.9791
2026-09-08T06:15:42.651843+00:00,0,63,p50,sketch,p50,10,1.0,39,375,65,122,23,1718,0,0,77,1,0.8649,1055.761,OPTIMAL,4025.000000,16.6082,31.9089
2026-09-08T06:15:43.520122+00:00,0,63,p50-1.2xalloc,sketch,p50bump,10,1.0,39,413,65,113,23,1689,0,3,36,9,0.9759,780.734,OPTIMAL,4022.000000,8.8410,10.3527
2026-09-08T06:15:44.269038+00:00,0,63,avg-p50p75-1.2xalloc,sketch,avgp50p75bump,10,1.0,39,495,63,93,24,1625,0,3,17,3,0.9844,676.359,OPTIMAL,4020.000000,4.6617,14.0723
2026-09-08T06:15:46.647426+00:00,0,63,window-avg,sketch,window,10,1.0,39,450,71,114,26,1657,0,0,64,0,0.9047,2294.428,OPTIMAL,4031.000000,11.9159,26.5190
2026-09-08T06:15:51.356607+00:00,0,64,static,static,request,10,1.0,33,747,49,81,18,1416,0,0,2,0,0.9911,957.857,OPTIMAL,2821.000000,46.2828,96.6804
2026-09-08T06:15:54.407735+00:00,0,64,p50,sketch,p50,10,1.0,33,383,72,122,32,1750,0,1,84,1,0.8645,2959.378,OPTIMAL,4031.000000,16.9994,34.6790
2026-09-08T06:15:55.151192+00:00,0,64,p50-1.2xalloc,sketch,p50bump,10,1.0,33,421,66,108,31,1720,0,2,35,10,0.9760,660.722,OPTIMAL,4024.000000,9.0824,9.8698
2026-09-08T06:15:57.114034+00:00,0,64,avg-p50p75-1.2xalloc,sketch,avgp50p75bump,10,1.0,33,505,68,101,20,1645,0,2,16,4,0.9843,1887.796,OPTIMAL,4026.000000,4.0552,4.2554
2026-09-08T06:15:58.671102+00:00,0,64,window-avg,sketch,window,10,1.0,33,452,71,115,30,1687,0,0,66,0,0.9047,1473.019,OPTIMAL,4031.000000,10.6278,24.9084
2026-09-08T06:16:03.423896+00:00,0,65,static,static,request,10,1.0,39,765,57,83,18,1434,0,0,6,1,0.9911,1001.252,OPTIMAL,3720.000000,46.7392,86.6174
2026-09-08T06:16:04.497837+00:00,0,65,p50,sketch,p50,10,1.0,39,390,69,123,28,1778,0,0,84,0,0.8642,978.992,OPTIMAL,4029.000000,16.6536,32.2479
2026-09-08T06:16:05.811961+00:00,0,65,p50-1.2xalloc,sketch,p50bump,10,1.0,39,434,68,113,23,1743,0,4,38,10,0.9760,1228.158,OPTIMAL,4024.000000,8.8928,10.1205
2026-09-08T06:16:07.214815+00:00,0,65,avg-p50p75-1.2xalloc,sketch,avgp50p75bump,10,1.0,39,516,71,106,26,1671,0,3,17,3,0.9844,1325.700,OPTIMAL,4028.000000,4.6221,9.4992
2026-09-08T06:16:09.582440+00:00,0,65,window-avg,sketch,window,10,1.0,39,460,67,115,27,1714,0,1,66,2,0.9048,2281.134,OPTIMAL,4026.000000,10.7873,29.8147
2026-09-08T06:16:13.768044+00:00,0,66,static,static,request,10,1.0,32,777,52,82,21,1455,0,0,7,0,0.9911,427.175,OPTIMAL,3220.000000,48.4432,88.9809
2026-09-08T06:16:15.415734+00:00,0,66,p50,sketch,p50,10,1.0,32,393,70,128,25,1803,0,0,79,0,0.8643,1549.878,OPTIMAL,4030.000000,15.1954,29.2096
2026-09-08T06:16:17.843162+00:00,0,66,p50-1.2xalloc,sketch,p50bump,10,1.0,32,438,70,114,29,1772,0,5,33,8,0.9761,2341.484,OPTIMAL,4025.000000,8.9485,9.9288
2026-09-08T06:16:18.468055+00:00,0,66,avg-p50p75-1.2xalloc,sketch,avgp50p75bump,10,1.0,32,517,66,107,25,1696,0,1,15,3,0.9845,541.395,OPTIMAL,4025.000000,5.2210,19.4331
2026-09-08T06:16:19.667499+00:00,0,66,window-avg,sketch,window,10,1.0,32,465,69,117,27,1741,0,0,62,0,0.9049,1113.134,OPTIMAL,4029.000000,10.8243,27.5706
2026-09-08T06:16:24.222562+00:00,0,67,static,static,request,10,1.0,44,801,53,83,21,1476,0,0,1,0,0.9912,744.355,OPTIMAL,3122.000000,41.9223,96.7537
2026-09-08T06:16:25.588382+00:00,0,67,p50,sketch,p50,10,1.0,44,407,69,128,29,1832,0,2,87,1,0.8641,1251.164,OPTIMAL,4027.000000,15.4756,33.8276
2026-09-08T06:16:26.691181+00:00,0,67,p50-1.2xalloc,sketch,p50bump,10,1.0,44,452,70,117,27,1799,0,1,20,4,0.9763,1003.955,OPTIMAL,4029.000000,8.7911,10.0994
2026-09-08T06:16:29.707423+00:00,0,67,avg-p50p75-1.2xalloc,sketch,avgp50p75bump,10,1.0,44,535,68,106,29,1725,0,4,18,2,0.9845,2924.206,OPTIMAL,4024.000000,5.0487,14.6549
2026-09-08T06:16:30.521461+00:00,0,67,window-avg,sketch,window,10,1.0,44,480,67,117,27,1768,0,1,70,1,0.9048,726.341,OPTIMAL,4026.000000,10.5110,26.7027
2026-09-08T06:16:35.097232+00:00,0,68,static,static,request,10,1.0,24,803,52,85,20,1496,0,0,10,0,0.9912,780.059,OPTIMAL,3022.000000,48.0212,94.3528
2026-09-08T06:16:36.599661+00:00,0,68,p50,sketch,p50,10,1.0,24,402,67,127,28,1860,0,0,86,0,0.8640,1396.473,OPTIMAL,4027.000000,15.7266,30.1626
2026-09-08T06:16:37.428066+00:00,0,68,p50-1.2xalloc,sketch,p50bump,10,1.0,24,446,65,118,24,1823,0,6,46,8,0.9763,735.185,OPTIMAL,4019.000000,8.9378,10.3449
2026-09-08T06:16:38.474552+00:00,0,68,avg-p50p75-1.2xalloc,sketch,avgp50p75bump,10,1.0,24,531,65,107,27,1752,0,1,23,6,0.9846,966.431,OPTIMAL,3727.000000,3.3780,3.5954
2026-09-08T06:16:41.029954+00:00,0,68,window-avg,sketch,window,10,1.0,24,477,68,120,25,1793,0,0,72,1,0.9046,2466.566,OPTIMAL,4028.000000,10.8908,23.9121
2026-09-08T06:16:45.139825+00:00,0,69,static,static,request,10,1.0,21,802,50,88,18,1514,0,0,8,0,0.9912,359.217,OPTIMAL,2921.000000,42.4290,82.9156
2026-09-08T06:16:46.252068+00:00,0,69,p50,sketch,p50,10,1.0,21,396,62,118,31,1891,0,0,90,1,0.8639,1000.713,OPTIMAL,4022.000000,16.3802,29.9518
2026-09-08T06:16:47.279810+00:00,0,69,p50-1.2xalloc,sketch,p50bump,10,1.0,21,442,68,116,30,1853,0,3,31,5,0.9764,923.291,OPTIMAL,4025.000000,8.7367,10.1219
2026-09-08T06:16:48.582734+00:00,0,69,avg-p50p75-1.2xalloc,sketch,avgp50p75bump,10,1.0,21,524,64,110,21,1773,0,3,10,1,0.9846,1203.003,OPTIMAL,4021.000000,3.2687,3.8371
2026-09-08T06:16:49.856764+00:00,0,69,window-avg,sketch,window,10,1.0,21,470,70,123,27,1820,0,1,67,1,0.9048,1169.003,OPTIMAL,4029.000000,10.1661,25.1797
2026-09-08T06:16:54.333904+00:00,0,70,static,static,request,10,1.0,26,807,54,90,18,1532,0,0,14,1,0.9912,610.773,OPTIMAL,3420.000000,37.2807,75.6289
2026-09-08T06:16:55.216892+00:00,0,70,p50,sketch,p50,10,1.0,26,400,66,113,31,1922,0,0,77,2,0.8638,779.711,OPTIMAL,4026.000000,16.6250,34.3194
2026-09-08T06:16:58.529641+00:00,0,70,p50-1.2xalloc,sketch,p50bump,10,1.0,26,440,71,113,34,1887,0,3,30,7,0.9762,3216.919,OPTIMAL,4028.000000,8.7147,9.9723
2026-09-08T06:17:00.294178+00:00,0,70,avg-p50p75-1.2xalloc,sketch,avgp50p75bump,10,1.0,26,526,66,110,26,1799,0,4,24,5,0.9845,1679.425,OPTIMAL,4022.000000,4.3325,4.4999
2026-09-08T06:17:01.002326+00:00,0,70,window-avg,sketch,window,10,1.0,26,466,68,121,30,1850,0,0,73,1,0.9050,617.801,OPTIMAL,4028.000000,10.2514,23.0943
2026-09-08T06:17:05.084344+00:00,0,71,static,static,request,10,1.0,33,820,51,92,17,1549,0,0,14,1,0.9911,347.715,OPTIMAL,3219.000000,42.8296,83.9284
2026-09-08T06:17:06.783599+00:00,0,71,p50,sketch,p50,10,1.0,33,407,69,115,27,1949,0,0,75,1,0.8638,1597.048,OPTIMAL,4029.000000,16.2829,29.8229
2026-09-08T06:17:14.217803+00:00,0,71,p50-1.2xalloc,sketch,p50bump,10,1.0,33,442,64,112,25,1912,0,6,30,7,0.9762,7339.364,OPTIMAL,4018.000000,8.6861,10.1950
2026-09-08T06:17:15.059425+00:00,0,71,avg-p50p75-1.2xalloc,sketch,avgp50p75bump,10,1.0,33,533,63,106,27,1826,0,4,35,8,0.9844,757.531,OPTIMAL,4019.000000,5.2420,16.8555
2026-09-08T06:17:15.694400+00:00,0,71,window-avg,sketch,window,10,1.0,33,471,63,118,26,1876,0,1,77,1,0.9047,542.056,OPTIMAL,4022.000000,12.0762,27.1117
2026-09-08T06:17:19.810678+00:00,0,72,static,static,request,10,1.0,29,830,45,87,21,1570,0,0,11,0,0.9911,352.658,OPTIMAL,2916.000000,40.6421,85.6617
2026-09-08T06:17:21.635273+00:00,0,72,p50,sketch,p50,10,1.0,29,407,71,114,32,1981,0,1,73,1,0.8636,1738.788,OPTIMAL,4030.000000,16.4017,31.5967
2026-09-08T06:17:22.743405+00:00,0,72,p50-1.2xalloc,sketch,p50bump,10,1.0,29,447,70,113,29,1941,0,1,20,5,0.9763,1024.595,OPTIMAL,4029.000000,8.4930,9.7055
2026-09-08T06:17:24.787128+00:00,0,72,avg-p50p75-1.2xalloc,sketch,avgp50p75bump,10,1.0,29,539,68,105,29,1855,0,2,9,3,0.9845,1964.104,OPTIMAL,4026.000000,3.6662,3.8214
2026-09-08T06:17:25.752704+00:00,0,72,window-avg,sketch,window,10,1.0,29,477,64,109,33,1909,0,0,72,1,0.9047,881.414,OPTIMAL,4024.000000,11.4024,22.6539
2026-09-08T06:17:29.940518+00:00,0,73,static,static,request,10,1.0,31,845,46,77,27,1597,0,1,9,0,0.9911,416.082,OPTIMAL,2916.000000,35.8396,75.9422
2026-09-08T06:17:30.713297+00:00,0,73,p50,sketch,p50,10,1.0,31,407,70,123,21,2002,0,0,71,1,0.8638,680.783,OPTIMAL,4030.000000,14.9596,27.6259
2026-09-08T06:17:31.561685+00:00,0,73,p50-1.2xalloc,sketch,p50bump,10,1.0,31,448,71,113,31,1972,0,2,20,4,0.9764,765.672,OPTIMAL,4029.000000,8.9081,10.1275
2026-09-08T06:17:32.500389+00:00,0,73,avg-p50p75-1.2xalloc,sketch,avgp50p75bump,10,1.0,31,542,68,102,31,1886,0,3,15,3,0.9845,863.584,OPTIMAL,4025.000000,4.9716,13.9173
2026-09-08T06:17:33.730255+00:00,0,73,window-avg,sketch,window,10,1.0,31,484,69,109,29,1938,0,0,59,1,0.9047,1148.366,OPTIMAL,4029.000000,9.7353,23.9409
2026-09-08T06:17:38.552838+00:00,0,74,static,static,request,10,1.0,36,864,52,78,18,1615,0,0,11,1,0.9910,981.818,OPTIMAL,3319.000000,41.4612,91.1660
2026-09-08T06:17:39.514331+00:00,0,74,p50,sketch,p50,10,1.0,36,413,70,129,24,2026,0,0,80,1,0.8639,845.974,OPTIMAL,4030.000000,14.5182,30.5945
2026-09-08T06:17:41.789452+00:00,0,74,p50-1.2xalloc,sketch,p50bump,10,1.0,36,453,67,118,22,1994,0,2,33,6,0.9764,2169.824,OPTIMAL,4025.000000,8.6002,10.0993
2026-09-08T06:17:43.059635+00:00,0,74,avg-p50p75-1.2xalloc,sketch,avgp50p75bump,10,1.0,36,550,64,103,23,1909,0,3,4,0,0.9847,1188.126,OPTIMAL,4021.000000,4.2516,3.5395
2026-09-08T06:17:44.431038+00:00,0,74,window-avg,sketch,window,10,1.0,36,491,70,114,25,1963,0,0,58,0,0.9049,1288.366,OPTIMAL,4030.000000,9.8492,26.5326
2026-09-08T06:17:49.207618+00:00,0,75,static,static,request,10,1.0,30,875,55,81,17,1632,0,0,12,1,0.9910,993.293,OPTIMAL,3520.000000,39.0084,74.6855
2026-09-08T06:17:50.047895+00:00,0,75,p50,sketch,p50,10,1.0,30,413,64,129,24,2050,0,1,76,1,0.8640,717.164,OPTIMAL,4023.000000,14.4841,29.0566
2026-09-08T06:17:51.159382+00:00,0,75,p50-1.2xalloc,sketch,p50bump,10,1.0,30,456,70,117,31,2025,0,1,23,4,0.9765,1009.657,OPTIMAL,4029.000000,8.9412,10.5870
2026-09-08T06:17:52.707642+00:00,0,75,avg-p50p75-1.2xalloc,sketch,avgp50p75bump,10,1.0,30,556,68,107,24,1933,0,1,16,4,0.9846,1455.884,OPTIMAL,4027.000000,3.0032,3.6996
2026-09-08T06:17:54.490354+00:00,0,75,window-avg,sketch,window,10,1.0,30,491,66,115,25,1988,0,1,59,1,0.9049,1682.501,OPTIMAL,4025.000000,10.0758,25.5575
2026-09-08T06:17:59.113324+00:00,0,76,static,static,request,10,1.0,38,893,67,84,24,1656,0,0,10,0,0.9910,809.727,OPTIMAL,4027.000000,42.8616,80.4374
2026-09-08T06:18:00.002007+00:00,0,76,p50,sketch,p50,10,1.0,38,427,65,127,27,2077,0,0,89,1,0.8639,778.836,OPTIMAL,4025.000000,16.0871,33.5551
2026-09-08T06:18:00.880191+00:00,0,76,p50-1.2xalloc,sketch,p50bump,10,1.0,38,464,67,120,24,2049,0,3,31,7,0.9765,770.141,OPTIMAL,4024.000000,8.5698,9.7843
2026-09-08T06:18:02.366775+00:00,0,76,avg-p50p75-1.2xalloc,sketch,avgp50p75bump,10,1.0,38,566,68,109,26,1959,0,2,21,5,0.9847,1389.367,OPTIMAL,4026.000000,3.6233,3.9005
2026-09-08T06:18:03.438712+00:00,0,76,window-avg,sketch,window,10,1.0,38,503,69,117,27,2015,0,0,60,1,0.9051,971.104,OPTIMAL,4029.000000,9.6602,24.9952
2026-09-08T06:18:07.861150+00:00,0,77,static,static,request,10,1.0,53,919,53,91,20,1676,0,0,10,1,0.9910,682.350,OPTIMAL,2627.000000,42.2679,88.4159
2026-09-08T06:18:08.803750+00:00,0,77,p50,sketch,p50,10,1.0,53,455,65,126,26,2103,0,0,89,0,0.8637,822.341,OPTIMAL,4025.000000,17.3431,33.3333
2026-09-08T06:18:09.644201+00:00,0,77,p50-1.2xalloc,sketch,p50bump,10,1.0,53,490,66,118,28,2077,0,0,23,5,0.9766,733.759,OPTIMAL,4026.000000,8.4615,9.4819
2026-09-08T06:18:11.689921+00:00,0,77,avg-p50p75-1.2xalloc,sketch,avgp50p75bump,10,1.0,53,591,64,105,28,1987,0,8,23,4,0.9846,1949.912,OPTIMAL,4016.000000,5.4128,20.4239
2026-09-08T06:18:12.316575+00:00,0,77,window-avg,sketch,window,10,1.0,53,527,68,123,22,2037,0,1,70,0,0.9051,522.466,OPTIMAL,4027.000000,10.9219,25.3161
2026-09-08T06:18:16.487490+00:00,0,78,static,static,request,10,1.0,31,923,41,92,17,1693,0,0,9,2,0.9909,354.844,OPTIMAL,2318.000000,43.4505,83.3294
2026-09-08T06:18:17.962542+00:00,0,78,p50,sketch,p50,10,1.0,31,461,69,120,35,2138,0,1,82,1,0.8636,1365.858,OPTIMAL,4028.000000,14.9234,31.5119
2026-09-08T06:18:19.547834+00:00,0,78,p50-1.2xalloc,sketch,p50bump,10,1.0,31,495,68,122,24,2101,0,0,24,4,0.9767,1476.130,OPTIMAL,4028.000000,8.7963,10.3638
2026-09-08T06:18:20.710311+00:00,0,78,avg-p50p75-1.2xalloc,sketch,avgp50p75bump,10,1.0,31,598,68,109,24,2011,0,6,18,5,0.9845,1067.694,OPTIMAL,4022.000000,5.1624,17.9029
2026-09-08T06:18:21.677918+00:00,0,78,window-avg,sketch,window,10,1.0,31,530,62,121,24,2061,0,0,77,3,0.9051,865.755,OPTIMAL,4022.000000,11.2220,26.4977
2026-09-08T06:18:25.964025+00:00,0,79,static,static,request,10,1.0,27,932,58,88,26,1719,0,0,8,1,0.9909,527.644,OPTIMAL,3622.000000,43.9004,81.9242
2026-09-08T06:18:26.732203+00:00,0,79,p50,sketch,p50,10,1.0,27,459,66,120,26,2164,0,1,83,2,0.8634,672.360,OPTIMAL,4025.000000,15.3950,29.0071
2026-09-08T06:18:27.444278+00:00,0,79,p50-1.2xalloc,sketch,p50bump,10,1.0,27,494,58,117,30,2131,0,5,44,10,0.9765,620.527,OPTIMAL,3320.000000,8.9029,10.0950
2026-09-08T06:18:28.088362+00:00,0,79,avg-p50p75-1.2xalloc,sketch,avgp50p75bump,10,1.0,27,597,66,111,24,2035,0,3,18,4,0.9845,557.581,OPTIMAL,4023.000000,4.3560,4.1541
2026-09-08T06:18:29.354334+00:00,0,79,window-avg,sketch,window,10,1.0,27,535,67,116,32,2093,0,0,73,1,0.9050,1178.345,OPTIMAL,4027.000000,11.4391,32.2750
2026-09-08T06:18:33.600858+00:00,0,80,static,static,request,10,1.0,34,944,47,89,18,1737,0,0,9,0,0.9909,499.843,OPTIMAL,2819.000000,43.3404,84.9671
2026-09-08T06:18:35.925732+00:00,0,80,p50,sketch,p50,10,1.0,34,467,69,119,30,2194,0,1,78,1,0.8633,2216.111,OPTIMAL,4028.000000,15.0315,31.6755
2026-09-08T06:18:37.839388+00:00,0,80,p50-1.2xalloc,sketch,p50bump,10,1.0,34,503,66,114,29,2160,0,4,32,7,0.9766,1824.314,OPTIMAL,4022.000000,8.9202,9.9007
2026-09-08T06:18:38.564540+00:00,0,80,avg-p50p75-1.2xalloc,sketch,avgp50p75bump,10,1.0,34,605,65,115,21,2056,0,3,23,5,0.9845,634.668,OPTIMAL,4022.000000,3.9591,4.1182
2026-09-08T06:18:39.600340+00:00,0,80,window-avg,sketch,window,10,1.0,34,542,66,119,23,2116,0,1,64,1,0.9048,944.174,OPTIMAL,4025.000000,12.5280,31.4049
2026-09-08T06:18:45.302965+00:00,0,81,static,static,request,10,1.0,25,950,68,90,27,1764,0,0,12,1,0.9909,1902.343,OPTIMAL,4028.000000,37.2063,76.8681
2026-09-08T06:18:46.410416+00:00,0,81,p50,sketch,p50,10,1.0,25,463,68,124,23,2217,0,2,75,3,0.8633,1007.215,OPTIMAL,4026.000000,15.3532,28.1836
2026-09-08T06:18:49.140141+00:00,0,81,p50-1.2xalloc,sketch,p50bump,10,1.0,25,502,74,116,32,2192,0,0,18,4,0.9766,2647.223,OPTIMAL,4034.000000,8.4583,9.9507
2026-09-08T06:18:50.902802+00:00,0,81,avg-p50p75-1.2xalloc,sketch,avgp50p75bump,10,1.0,25,605,66,112,29,2085,0,4,19,4,0.9844,1671.969,OPTIMAL,4022.000000,4.3224,5.7314
2026-09-08T06:18:51.988086+00:00,0,81,window-avg,sketch,window,10,1.0,25,541,70,113,36,2152,0,0,69,0,0.9048,1001.101,OPTIMAL,4030.000000,10.9721,27.1181
2026-09-08T06:18:56.264033+00:00,0,82,static,static,request,10,1.0,31,953,53,92,23,1787,0,0,7,1,0.9909,543.755,OPTIMAL,2825.000000,44.5996,83.3307
2026-09-08T06:18:57.380835+00:00,0,82,p50,sketch,p50,10,1.0,31,466,66,129,21,2238,0,0,77,0,0.8635,992.755,OPTIMAL,4026.000000,15.1510,29.4956
2026-09-08T06:18:58.672197+00:00,0,82,p50-1.2xalloc,sketch,p50bump,10,1.0,31,499,68,118,26,2218,0,0,26,4,0.9767,1185.503,OPTIMAL,4028.000000,8.5057,10.1098
2026-09-08T06:18:59.675699+00:00,0,82,avg-p50p75-1.2xalloc,sketch,avgp50p75bump,10,1.0,31,610,65,111,26,2111,0,3,17,5,0.9844,901.397,OPTIMAL,4022.000000,3.7111,4.6203
2026-09-08T06:19:02.004103+00:00,0,82,window-avg,sketch,window,10,1.0,31,542,68,123,18,2170,0,0,59,0,0.9048,2219.653,OPTIMAL,4028.000000,11.3791,26.7913
2026-09-08T06:19:06.349138+00:00,0,83,static,static,request,10,1.0,33,961,47,97,17,1804,0,0,8,1,0.9910,560.704,OPTIMAL,2522.000000,42.4562,87.7329
2026-09-08T06:19:07.923866+00:00,0,83,p50,sketch,p50,10,1.0,33,473,67,121,35,2273,0,0,85,0,0.8635,1460.114,OPTIMAL,4027.000000,15.2062,30.5264
2026-09-08T06:19:10.177091+00:00,0,83,p50-1.2xalloc,sketch,p50bump,10,1.0,33,504,68,124,22,2240,0,2,26,8,0.9766,2142.260,OPTIMAL,4026.000000,8.6020,9.8517
2026-09-08T06:19:11.219310+00:00,0,83,avg-p50p75-1.2xalloc,sketch,avgp50p75bump,10,1.0,33,618,67,111,27,2138,0,6,28,7,0.9842,951.920,OPTIMAL,4021.000000,4.5446,5.5789
2026-09-08T06:19:12.239006+00:00,0,83,window-avg,sketch,window,10,1.0,33,547,67,120,30,2200,0,0,78,0,0.9046,926.085,OPTIMAL,4027.000000,11.6357,26.2302
2026-09-08T06:19:21.498482+00:00,0,84,static,static,request,10,1.0,22,961,50,96,23,1827,0,0,12,1,0.9910,5511.481,OPTIMAL,2822.000000,46.1342,84.0005
2026-09-08T06:19:23.168707+00:00,0,84,p50,sketch,p50,10,1.0,22,468,67,119,29,2302,0,0,81,0,0.8633,1578.576,OPTIMAL,4027.000000,16.7122,34.5233
2026-09-08T06:19:25.398746+00:00,0,84,p50-1.2xalloc,sketch,p50bump,10,1.0,22,498,66,119,31,2271,0,5,39,8,0.9764,2136.284,OPTIMAL,4021.000000,8.6107,10.1429
2026-09-08T06:19:26.387138+00:00,0,84,avg-p50p75-1.2xalloc,sketch,avgp50p75bump,10,1.0,22,613,65,108,28,2166,0,8,16,3,0.9842,902.994,OPTIMAL,4017.000000,4.6659,10.2665
2026-09-08T06:19:27.048881+00:00,0,84,window-avg,sketch,window,10,1.0,22,542,64,119,25,2225,0,1,72,1,0.9045,567.323,OPTIMAL,4023.000000,11.4946,25.3896
2026-09-08T06:19:31.723126+00:00,0,85,static,static,request,10,1.0,32,971,58,97,24,1851,0,0,13,1,0.9910,846.265,OPTIMAL,3325.000000,43.3741,93.8089
2026-09-08T06:19:33.074658+00:00,0,85,p50,sketch,p50,10,1.0,32,473,68,121,26,2328,0,0,73,0,0.8634,1239.821,OPTIMAL,4028.000000,15.0034,31.7964
2026-09-08T06:19:35.656748+00:00,0,85,p50-1.2xalloc,sketch,p50bump,10,1.0,32,504,67,120,26,2297,0,2,24,5,0.9766,2475.489,OPTIMAL,4025.000000,8.2655,9.8605
2026-09-08T06:19:36.700088+00:00,0,85,avg-p50p75-1.2xalloc,sketch,avgp50p75bump,10,1.0,32,620,66,110,24,2190,0,1,16,4,0.9843,957.315,OPTIMAL,4025.000000,3.5439,3.9257
2026-09-08T06:19:37.756818+00:00,0,85,window-avg,sketch,window,10,1.0,32,550,65,117,27,2252,0,0,63,1,0.9047,964.469,OPTIMAL,4025.000000,10.4462,20.7700
2026-09-08T06:19:41.838609+00:00,0,86,static,static,request,10,1.0,43,989,52,95,23,1874,0,0,17,2,0.9908,250.449,OPTIMAL,3121.000000,40.1160,86.6286
2026-09-08T06:19:42.805954+00:00,0,86,p50,sketch,p50,10,1.0,43,488,65,113,33,2361,0,1,82,2,0.8634,859.985,OPTIMAL,4024.000000,15.0561,26.6374
2026-09-08T06:19:43.777783+00:00,0,86,p50-1.2xalloc,sketch,p50bump,10,1.0,43,520,67,114,33,2330,0,0,27,7,0.9766,871.160,OPTIMAL,4027.000000,8.6743,9.9172
2026-09-08T06:19:45.353447+00:00,0,86,avg-p50p75-1.2xalloc,sketch,avgp50p75bump,10,1.0,43,637,66,112,24,2214,0,4,19,4,0.9844,1472.781,OPTIMAL,4022.000000,4.1946,3.8468
2026-09-08T06:19:46.679823+00:00,0,86,window-avg,sketch,window,10,1.0,43,568,66,115,28,2280,0,0,67,1,0.9047,1222.074,OPTIMAL,4026.000000,10.0526,25.8447
2026-09-08T06:19:51.342602+00:00,0,87,static,static,request,10,1.0,45,1013,61,93,26,1900,0,0,15,2,0.9908,695.388,OPTIMAL,3724.000000,49.5685,99.8823
2026-09-08T06:19:52.398667+00:00,0,87,p50,sketch,p50,10,1.0,45,508,61,109,25,2386,0,1,77,2,0.8633,949.926,OPTIMAL,4020.000000,16.6354,33.9448
2026-09-08T06:19:53.175529+00:00,0,87,p50-1.2xalloc,sketch,p50bump,10,1.0,45,538,61,103,32,2362,0,4,47,11,0.9765,681.060,OPTIMAL,4017.000000,8.5608,9.8401
2026-09-08T06:19:55.586606+00:00,0,87,avg-p50p75-1.2xalloc,sketch,avgp50p75bump,10,1.0,45,656,67,112,27,2241,0,6,24,7,0.9843,2310.776,OPTIMAL,4021.000000,3.1486,3.4600
2026-09-08T06:19:56.617266+00:00,0,87,window-avg,sketch,window,10,1.0,45,587,68,110,33,2313,0,2,66,1,0.9046,948.802,OPTIMAL,4026.000000,11.2318,26.6060
2026-09-08T06:20:02.215863+00:00,0,88,static,static,request,10,1.0,34,1023,54,89,25,1925,0,0,7,0,0.9908,1772.967,OPTIMAL,3321.000000,48.6224,106.0718
2026-09-08T06:20:03.988669+00:00,0,88,p50,sketch,p50,10,1.0,34,521,66,107,28,2414,0,0,72,0,0.8633,1677.557,OPTIMAL,4026.000000,14.2737,28.3377
2026-09-08T06:20:04.787997+00:00,0,88,p50-1.2xalloc,sketch,p50bump,10,1.0,34,551,62,99,26,2388,0,1,11,1,0.9767,720.314,OPTIMAL,4021.000000,8.8270,10.1535
2026-09-08T06:20:07.057637+00:00,0,88,avg-p50p75-1.2xalloc,sketch,avgp50p75bump,10,1.0,34,663,70,114,28,2269,0,2,12,4,0.9844,2184.721,OPTIMAL,4028.000000,4.7027,11.4438
2026-09-08T06:20:08.772708+00:00,0,88,window-avg,sketch,window,10,1.0,34,593,68,115,23,2336,0,1,63,1,0.9046,1628.200,OPTIMAL,4027.000000,11.7518,26.6834
2026-09-08T06:20:13.121102+00:00,0,89,static,static,request,10,1.0,35,1037,47,90,19,1944,0,0,10,1,0.9908,557.856,OPTIMAL,2720.000000,46.6513,86.9896
2026-09-08T06:20:15.044766+00:00,0,89,p50,sketch,p50,10,1.0,35,530,67,106,28,2442,0,0,74,1,0.8633,1826.760,OPTIMAL,4027.000000,15.9392,32.1213
2026-09-08T06:20:16.690749+00:00,0,89,p50-1.2xalloc,sketch,p50bump,10,1.0,35,564,64,97,26,2414,0,2,20,5,0.9767,1567.515,OPTIMAL,4022.000000,8.3507,9.8749
2026-09-08T06:20:17.850825+00:00,0,89,avg-p50p75-1.2xalloc,sketch,avgp50p75bump,10,1.0,35,668,61,111,27,2296,0,4,17,3,0.9844,1072.150,OPTIMAL,3720.000000,5.0342,13.3696
2026-09-08T06:20:18.485752+00:00,0,89,window-avg,sketch,window,10,1.0,35,600,64,113,26,2362,0,0,59,0,0.9047,547.821,OPTIMAL,4024.000000,10.8615,26.4476
2026-09-08T06:20:23.122593+00:00,0,90,static,static,request,10,1.0,42,1059,62,86,28,1972,0,0,9,0,0.9908,829.569,OPTIMAL,3824.000000,51.3510,106.5635
2026-09-08T06:20:23.744672+00:00,0,90,p50,sketch,p50,10,1.0,42,545,68,110,24,2466,0,1,68,2,0.8633,520.538,OPTIMAL,4027.000000,15.4019,27.0712
2026-09-08T06:20:25.135864+00:00,0,90,p50-1.2xalloc,sketch,p50bump,10,1.0,42,582,65,95,27,2441,0,3,24,5,0.9768,1307.416,OPTIMAL,4022.000000,9.5123,10.5174
2026-09-08T06:20:26.031852+00:00,0,90,avg-p50p75-1.2xalloc,sketch,avgp50p75bump,10,1.0,42,686,62,106,27,2323,0,5,34,8,0.9843,797.788,OPTIMAL,4017.000000,4.8877,13.3436
2026-09-08T06:20:27.878329+00:00,0,90,window-avg,sketch,window,10,1.0,42,618,65,106,32,2394,0,0,65,0,0.9047,1751.251,OPTIMAL,4025.000000,12.2426,28.9334
2026-09-08T06:20:31.927522+00:00,0,91,static,static,request,10,1.0,30,1065,44,91,15,1987,0,0,4,0,0.9909,226.243,OPTIMAL,2420.000000,45.9037,93.9164
2026-09-08T06:20:33.026322+00:00,0,91,p50,sketch,p50,10,1.0,30,547,68,114,24,2490,0,2,63,2,0.8633,993.829,OPTIMAL,4026.000000,15.0207,30.4907
2026-09-08T06:20:34.292728+00:00,0,91,p50-1.2xalloc,sketch,p50bump,10,1.0,30,587,67,101,21,2462,0,3,19,5,0.9768,1179.793,OPTIMAL,4024.000000,8.8620,10.0634
2026-09-08T06:20:35.078193+00:00,0,91,avg-p50p75-1.2xalloc,sketch,avgp50p75bump,10,1.0,30,694,62,100,28,2351,0,7,27,6,0.9842,691.729,OPTIMAL,4015.000000,3.6717,4.6808
2026-09-08T06:20:37.245129+00:00,0,91,window-avg,sketch,window,10,1.0,30,623,63,105,24,2418,0,1,62,1,0.9045,2071.659,OPTIMAL,4022.000000,12.6545,26.9049
2026-09-08T06:20:43.097750+00:00,0,92,static,static,request,10,1.0,22,1067,62,84,29,2016,0,0,7,0,0.9909,2035.755,OPTIMAL,4022.000000,41.4038,76.5268
2026-09-08T06:20:44.013096+00:00,0,92,p50,sketch,p50,10,1.0,22,541,63,106,31,2521,0,0,70,1,0.8635,821.901,OPTIMAL,4023.000000,14.3186,29.8698
2026-09-08T06:20:46.039488+00:00,0,92,p50-1.2xalloc,sketch,p50bump,10,1.0,22,582,69,98,32,2494,0,1,24,6,0.9768,1955.238,OPTIMAL,4028.000000,8.6993,9.7766
2026-09-08T06:20:46.936259+00:00,0,92,avg-p50p75-1.2xalloc,sketch,avgp50p75bump,10,1.0,22,694,65,97,28,2379,0,1,5,2,0.9843,822.043,OPTIMAL,4024.000000,3.8822,3.7344
2026-09-08T06:20:48.021980+00:00,0,92,window-avg,sketch,window,10,1.0,22,622,64,103,26,2444,0,1,63,1,0.9045,1007.855,OPTIMAL,4023.000000,11.7398,32.0650
2026-09-08T06:20:52.127079+00:00,0,93,static,static,request,10,1.0,39,1084,58,93,16,2032,0,0,5,0,0.9910,346.917,OPTIMAL,3325.000000,45.8656,89.9672
2026-09-08T06:20:53.088311+00:00,0,93,p50,sketch,p50,10,1.0,39,557,68,112,22,2543,0,0,64,0,0.8636,857.944,OPTIMAL,4028.000000,14.8029,27.2343
2026-09-08T06:21:03.057047+00:00,0,93,p50-1.2xalloc,sketch,p50bump,10,1.0,39,592,66,109,15,2509,0,3,9,3,0.9769,9872.476,OPTIMAL,4023.000000,8.4908,9.5560
2026-09-08T06:21:03.790909+00:00,0,93,avg-p50p75-1.2xalloc,sketch,avgp50p75bump,10,1.0,39,708,65,97,25,2404,0,2,8,2,0.9844,658.605,OPTIMAL,4023.000000,4.3975,4.2172
2026-09-08T06:21:04.491532+00:00,0,93,window-avg,sketch,window,10,1.0,39,637,64,105,22,2466,0,0,58,0,0.9045,620.731,OPTIMAL,4024.000000,12.1055,26.3740
2026-09-08T06:21:08.688718+00:00,0,94,static,static,request,10,1.0,33,1092,51,95,19,2051,0,0,8,0,0.9910,439.117,OPTIMAL,3021.000000,46.6374,86.4998
2026-09-08T06:21:10.038754+00:00,0,94,p50,sketch,p50,10,1.0,33,562,68,110,30,2573,0,0,65,0,0.8637,1246.873,OPTIMAL,4028.000000,14.3227,28.1300
2026-09-08T06:21:10.878733+00:00,0,94,p50-1.2xalloc,sketch,p50bump,10,1.0,33,599,65,100,34,2543,0,2,51,13,0.9768,760.868,OPTIMAL,4023.000000,8.2212,10.0545
2026-09-08T06:21:12.860773+00:00,0,94,avg-p50p75-1.2xalloc,sketch,avgp50p75bump,10,1.0,33,716,64,92,29,2433,0,4,24,7,0.9845,1909.814,OPTIMAL,4020.000000,5.0034,14.9057
2026-09-08T06:21:14.382731+00:00,0,94,window-avg,sketch,window,10,1.0,33,646,66,102,29,2495,0,0,67,1,0.9043,1444.024,OPTIMAL,4026.000000,12.7276,31.7877
2026-09-08T06:21:18.709428+00:00,0,95,static,static,request,10,1.0,43,1114,54,92,22,2073,0,1,5,0,0.9910,555.047,OPTIMAL,3518.000000,49.2402,92.5826
2026-09-08T06:21:19.869491+00:00,0,95,p50,sketch,p50,10,1.0,43,577,66,113,23,2596,0,0,70,1,0.8637,1053.200,OPTIMAL,4026.000000,15.5266,33.2960
2026-09-08T06:21:21.921377+00:00,0,95,p50-1.2xalloc,sketch,p50bump,10,1.0,43,617,68,106,22,2565,0,3,33,7,0.9768,1960.353,OPTIMAL,4025.000000,8.7649,10.3001
2026-09-08T06:21:22.781960+00:00,0,95,avg-p50p75-1.2xalloc,sketch,avgp50p75bump,10,1.0,43,735,61,93,20,2453,0,4,16,3,0.9845,781.074,OPTIMAL,4017.000000,4.4854,7.0185
2026-09-08T06:21:24.935497+00:00,0,95,window-avg,sketch,window,10,1.0,43,663,62,98,26,2521,0,1,63,1,0.9042,2075.931,OPTIMAL,4021.000000,12.2064,28.4574
2026-09-08T06:21:29.611457+00:00,0,96,static,static,request,10,1.0,34,1129,60,90,22,2095,0,0,6,0,0.9910,839.347,OPTIMAL,4020.000000,43.8894,83.1633
2026-09-08T06:21:35.838359+00:00,0,96,p50,sketch,p50,10,1.0,34,585,69,116,26,2622,0,0,70,1,0.8638,6121.848,OPTIMAL,4029.000000,13.9074,27.4605
2026-09-08T06:21:37.637379+00:00,0,96,p50-1.2xalloc,sketch,p50bump,10,1.0,34,623,67,105,28,2593,0,1,23,5,0.9769,1719.027,OPTIMAL,4026.000000,8.6192,9.7678
2026-09-08T06:21:39.524782+00:00,0,96,avg-p50p75-1.2xalloc,sketch,avgp50p75bump,10,1.0,34,748,67,95,25,2478,0,2,16,3,0.9844,1816.044,OPTIMAL,4025.000000,4.0011,8.2226
2026-09-08T06:21:40.428135+00:00,0,96,window-avg,sketch,window,10,1.0,34,675,64,99,23,2544,0,0,50,0,0.9042,828.535,OPTIMAL,4024.000000,11.9788,28.2414
2026-09-08T06:21:44.896473+00:00,0,97,static,static,request,10,1.0,33,1142,53,92,20,2115,0,0,5,0,0.9911,679.131,OPTIMAL,3122.000000,43.8464,83.6458
2026-09-08T06:21:45.989488+00:00,0,97,p50,sketch,p50,10,1.0,33,589,67,111,32,2654,0,0,70,1,0.8639,988.590,OPTIMAL,4027.000000,16.0164,32.4823
2026-09-08T06:21:47.759570+00:00,0,97,p50-1.2xalloc,sketch,p50bump,10,1.0,33,629,67,112,20,2613,0,1,26,5,0.9768,1672.551,OPTIMAL,4026.000000,8.6082,9.5505
2026-09-08T06:21:49.474148+00:00,0,97,avg-p50p75-1.2xalloc,sketch,avgp50p75bump,10,1.0,33,754,63,97,21,2499,0,6,15,4,0.9844,1632.897,OPTIMAL,4017.000000,4.0937,4.3559
2026-09-08T06:21:50.399364+00:00,0,97,window-avg,sketch,window,10,1.0,33,684,67,99,27,2571,0,0,57,2,0.9042,853.370,OPTIMAL,4027.000000,9.5012,22.0564
2026-09-08T06:21:54.923578+00:00,0,98,static,static,request,10,1.0,38,1158,56,91,24,2139,0,0,8,1,0.9911,750.611,OPTIMAL,3323.000000,46.1617,100.1305
2026-09-08T06:21:56.608351+00:00,0,98,p50,sketch,p50,10,1.0,38,600,68,113,26,2680,0,0,75,1,0.8639,1580.567,OPTIMAL,4028.000000,14.9786,28.6955
2026-09-08T06:21:57.539307+00:00,0,98,p50-1.2xalloc,sketch,p50bump,10,1.0,38,640,66,106,32,2645,0,2,16,4,0.9768,836.468,OPTIMAL,4024.000000,8.6483,9.6505
2026-09-08T06:21:58.377507+00:00,0,98,avg-p50p75-1.2xalloc,sketch,avgp50p75bump,10,1.0,38,769,62,94,25,2524,0,5,31,6,0.9844,751.621,OPTIMAL,4017.000000,4.6205,10.3747
2026-09-08T06:22:00.092880+00:00,0,98,window-avg,sketch,window,10,1.0,38,695,66,101,24,2595,0,0,51,0,0.9043,1627.374,OPTIMAL,4026.000000,11.1269,26.3164
2026-09-08T06:22:04.249287+00:00,0,99,static,static,request,10,1.0,38,1173,50,89,24,2163,0,0,10,2,0.9910,336.520,OPTIMAL,2822.000000,41.3620,82.3086
2026-09-08T06:22:05.214495+00:00,0,99,p50,sketch,p50,10,1.0,38,610,70,111,32,2712,0,0,71,0,0.8640,876.061,OPTIMAL,4030.000000,15.5411,34.6873
2026-09-08T06:22:09.944918+00:00,0,99,p50-1.2xalloc,sketch,p50bump,10,1.0,38,652,69,106,29,2674,0,4,21,5,0.9768,4650.188,OPTIMAL,4025.000000,8.3682,9.6059
2026-09-08T06:22:11.011921+00:00,0,99,avg-p50p75-1.2xalloc,sketch,avgp50p75bump,10,1.0,38,785,63,94,23,2547,0,5,7,3,0.9844,992.989,OPTIMAL,4018.000000,3.7944,4.0974
2026-09-08T06:22:12.017426+00:00,0,99,window-avg,sketch,window,10,1.0,38,707,66,112,15,2610,0,0,54,0,0.9043,923.021,OPTIMAL,4026.000000,10.1207,25.6658
2026-09-08T06:22:15.998181+00:00,0,100,static,static,request,10,1.0,44,1195,48,92,16,2179,0,0,8,1,0.9910,262.286,OPTIMAL,2919.000000,47.4836,92.1569
2026-09-08T06:22:16.961061+00:00,0,100,p50,sketch,p50,10,1.0,44,624,66,116,21,2733,0,0,62,1,0.8643,855.493,OPTIMAL,4026.000000,14.1796,30.6660
2026-09-08T06:22:19.926681+00:00,0,100,p50-1.2xalloc,sketch,p50bump,10,1.0,44,667,71,110,27,2701,0,0,22,6,0.9769,2873.679,OPTIMAL,4031.000000,8.0163,9.5351
2026-09-08T06:22:21.475006+00:00,0,100,avg-p50p75-1.2xalloc,sketch,avgp50p75bump,10,1.0,44,806,70,96,28,2575,0,2,10,3,0.9844,1479.938,OPTIMAL,4028.000000,3.3808,3.9819
2026-09-08T06:22:24.006470+00:00,0,100,window-avg,sketch,window,10,1.0,44,725,68,105,35,2645,0,1,64,2,0.9043,2453.808,OPTIMAL,4027.000000,9.6564,21.0330
2026-09-08T06:22:28.986790+00:00,0,101,static,static,request,10,1.0,16,1192,62,91,26,2205,0,0,8,0,0.9910,1249.329,OPTIMAL,3725.000000,44.3555,90.2783
2026-09-08T06:22:29.827606+00:00,0,101,p50,sketch,p50,10,1.0,16,614,68,122,22,2755,0,1,78,1,0.8643,729.693,OPTIMAL,4027.000000,14.5245,28.7863
2026-09-08T06:22:30.924184+00:00,0,101,p50-1.2xalloc,sketch,p50bump,10,1.0,16,652,67,113,24,2725,0,1,28,5,0.9770,997.193,OPTIMAL,4026.000000,8.7651,10.2412
2026-09-08T06:22:32.532627+00:00,0,101,avg-p50p75-1.2xalloc,sketch,avgp50p75bump,10,1.0,16,792,63,99,22,2597,0,7,18,4,0.9844,1520.905,OPTIMAL,3818.000000,4.9355,15.4897
2026-09-08T06:22:33.480123+00:00,0,101,window-avg,sketch,window,10,1.0,16,713,69,106,28,2673,0,0,51,1,0.9045,857.974,OPTIMAL,4029.000000,10.4461,26.4459
2026-09-08T06:22:38.073343+00:00,0,102,static,static,request,10,1.0,36,1203,50,95,16,2221,0,0,12,2,0.9910,653.175,OPTIMAL,3020.000000,40.8845,73.5486
2026-09-08T06:22:39.428397+00:00,0,102,p50,sketch,p50,10,1.0,36,622,67,118,31,2786,0,0,86,1,0.8643,1245.206,OPTIMAL,4027.000000,15.6588,31.0756
2026-09-08T06:22:40.300699+00:00,0,102,p50-1.2xalloc,sketch,p50bump,10,1.0,36,661,57,114,19,2744,0,3,32,7,0.9769,767.162,OPTIMAL,3717.000000,8.9605,10.2092
2026-09-08T06:22:41.070947+00:00,0,102,avg-p50p75-1.2xalloc,sketch,avgp50p75bump,10,1.0,36,803,58,103,16,2613,0,6,13,4,0.9843,673.354,OPTIMAL,3814.000000,5.4271,21.2518
2026-09-08T06:22:42.113031+00:00,0,102,window-avg,sketch,window,10,1.0,36,720,66,109,23,2696,0,0,59,1,0.9043,947.163,OPTIMAL,4026.000000,11.5628,29.9089
2026-09-08T06:22:46.389555+00:00,0,103,static,static,request,10,1.0,39,1222,58,98,20,2241,0,0,4,0,0.9911,462.981,OPTIMAL,3523.000000,49.4090,88.5636
2026-09-08T06:22:47.939805+00:00,0,103,p50,sketch,p50,10,1.0,39,634,65,118,25,2811,0,2,81,3,0.8640,1456.391,OPTIMAL,4023.000000,17.8649,35.2280
2026-09-08T06:22:48.929795+00:00,0,103,p50-1.2xalloc,sketch,p50bump,10,1.0,39,680,66,105,35,2779,0,5,37,7,0.9767,910.921,OPTIMAL,4021.000000,9.2929,11.4565
2026-09-08T06:22:49.944587+00:00,0,103,avg-p50p75-1.2xalloc,sketch,avgp50p75bump,10,1.0,39,822,65,94,34,2647,0,2,20,5,0.9843,943.606,OPTIMAL,4023.000000,3.8775,4.2362
2026-09-08T06:22:50.515253+00:00,0,103,window-avg,sketch,window,10,1.0,39,733,65,109,25,2721,0,0,57,1,0.9044,488.648,OPTIMAL,4025.000000,9.5666,24.5567
2026-09-08T06:22:54.432718+00:00,0,104,static,static,request,10,1.0,34,1233,52,94,26,2267,0,0,9,0,0.9911,196.573,OPTIMAL,3022.000000,41.6394,79.1916
2026-09-08T06:22:55.765938+00:00,0,104,p50,sketch,p50,10,1.0,34,643,68,121,25,2836,0,0,81,1,0.8640,1225.283,OPTIMAL,4028.000000,16.5420,32.8705
2026-09-08T06:22:57.109748+00:00,0,104,p50-1.2xalloc,sketch,p50bump,10,1.0,34,688,65,109,21,2800,0,1,12,2,0.9768,1245.225,OPTIMAL,4024.000000,8.7799,9.8369
2026-09-08T06:23:03.451906+00:00,0,104,avg-p50p75-1.2xalloc,sketch,avgp50p75bump,10,1.0,34,831,65,97,22,2669,0,3,5,2,0.9844,6255.278,OPTIMAL,4022.000000,3.3525,3.5515
2026-09-08T06:23:05.327119+00:00,0,104,window-avg,sketch,window,10,1.0,34,742,67,113,23,2744,0,1,55,1,0.9045,1789.857,OPTIMAL,4026.000000,9.7720,23.4958
2026-09-08T06:23:09.704624+00:00,0,105,static,static,request,10,1.0,44,1255,49,90,25,2292,0,0,12,1,0.9910,623.874,OPTIMAL,2821.000000,42.8313,86.6302
2026-09-08T06:23:10.905721+00:00,0,105,p50,sketch,p50,10,1.0,44,659,69,128,22,2858,0,0,83,2,0.8639,1083.953,OPTIMAL,4029.000000,16.5411,35.7003
2026-09-08T06:23:12.217267+00:00,0,105,p50-1.2xalloc,sketch,p50bump,10,1.0,44,707,68,106,31,2831,0,2,24,6,0.9769,1220.119,OPTIMAL,4026.000000,8.7951,9.9140
2026-09-08T06:23:16.191479+00:00,0,105,avg-p50p75-1.2xalloc,sketch,avgp50p75bump,10,1.0,44,850,69,99,27,2696,0,5,21,6,0.9844,3889.787,OPTIMAL,4024.000000,4.0115,4.0391
2026-09-08T06:23:16.772814+00:00,0,105,window-avg,sketch,window,10,1.0,44,759,67,115,25,2769,0,0,64,1,0.9045,496.266,OPTIMAL,4027.000000,11.8377,28.5905
2026-09-08T06:23:21.629297+00:00,0,106,static,static,request,10,1.0,38,1272,59,88,23,2315,0,0,10,1,0.9910,1080.088,OPTIMAL,3821.000000,45.1430,84.2409
2026-09-08T06:23:22.438207+00:00,0,106,p50,sketch,p50,10,1.0,38,668,68,124,32,2890,0,0,88,0,0.8638,690.914,OPTIMAL,4028.000000,16.9289,33.7391
2026-09-08T06:23:23.715092+00:00,0,106,p50-1.2xalloc,sketch,p50bump,10,1.0,38,717,68,113,21,2852,0,2,20,4,0.9770,1179.722,OPTIMAL,4026.000000,8.6899,9.7707
2026-09-08T06:23:24.518541+00:00,0,106,avg-p50p75-1.2xalloc,sketch,avgp50p75bump,10,1.0,38,859,65,100,24,2720,0,1,23,6,0.9844,714.003,OPTIMAL,4024.000000,3.6606,4.1167
2026-09-08T06:23:25.976190+00:00,0,106,window-avg,sketch,window,10,1.0,38,770,64,113,26,2795,0,1,65,0,0.9044,1354.236,OPTIMAL,4023.000000,12.3139,29.1326
2026-09-08T06:23:30.832062+00:00,0,107,static,static,request,10,1.0,28,1279,60,91,21,2336,0,0,3,0,0.9911,1002.662,OPTIMAL,3624.000000,40.7087,82.2409
2026-09-08T06:23:31.520276+00:00,0,107,p50,sketch,p50,10,1.0,28,668,67,119,32,2922,0,1,88,2,0.8636,588.230,OPTIMAL,4026.000000,16.6645,33.4358
2026-09-08T06:23:32.050048+00:00,0,107,p50-1.2xalloc,sketch,p50bump,10,1.0,28,717,68,111,30,2882,0,1,41,11,0.9768,445.039,OPTIMAL,4027.000000,8.6690,9.5385
2026-09-08T06:23:32.859494+00:00,0,107,avg-p50p75-1.2xalloc,sketch,avgp50p75bump,10,1.0,28,862,59,104,19,2739,0,6,25,6,0.9844,727.659,OPTIMAL,3617.000000,4.3971,12.9179
2026-09-08T06:23:35.161084+00:00,0,107,window-avg,sketch,window,10,1.0,28,774,67,111,29,2824,0,0,68,0,0.9042,2217.910,OPTIMAL,4027.000000,13.1183,28.3182
2026-09-08T06:23:40.068873+00:00,0,108,static,static,request,10,1.0,28,1283,48,94,18,2354,0,0,7,0,0.9911,1101.586,OPTIMAL,2721.000000,41.1028,74.2326
2026-09-08T06:23:41.064048+00:00,0,108,p50,sketch,p50,10,1.0,28,669,67,119,27,2949,0,0,82,1,0.8636,884.246,OPTIMAL,4027.000000,15.5473,29.9600
2026-09-08T06:23:45.982518+00:00,0,108,p50-1.2xalloc,sketch,p50bump,10,1.0,28,717,69,116,24,2906,0,5,33,6,0.9767,4818.971,OPTIMAL,4024.000000,8.4631,9.8788
2026-09-08T06:23:46.807828+00:00,0,108,avg-p50p75-1.2xalloc,sketch,avgp50p75bump,10,1.0,28,867,65,105,24,2763,0,2,18,3,0.9844,744.722,OPTIMAL,4023.000000,3.5608,3.8844
2026-09-08T06:23:47.625165+00:00,0,108,window-avg,sketch,window,10,1.0,28,775,67,117,21,2845,0,0,60,0,0.9042,730.465,OPTIMAL,4027.000000,10.8828,25.5053
2026-09-08T06:23:51.882275+00:00,0,109,static,static,request,10,1.0,31,1293,54,82,31,2385,0,0,18,2,0.9910,494.608,OPTIMAL,3519.000000,36.9030,73.6545
2026-09-08T06:23:52.656592+00:00,0,109,p50,sketch,p50,10,1.0,31,673,69,114,34,2983,0,0,86,2,0.8635,681.846,OPTIMAL,4029.000000,14.8795,27.2834
2026-09-08T06:23:54.482126+00:00,0,109,p50-1.2xalloc,sketch,p50bump,10,1.0,31,719,64,113,27,2933,0,4,33,8,0.9767,1736.350,OPTIMAL,4020.000000,8.7297,10.1632
2026-09-08T06:23:55.389434+00:00,0,109,avg-p50p75-1.2xalloc,sketch,avgp50p75bump,10,1.0,31,873,64,105,24,2787,0,1,14,4,0.9845,824.228,OPTIMAL,4023.000000,3.3895,3.8289
2026-09-08T06:23:56.174848+00:00,0,109,window-avg,sketch,window,10,1.0,31,779,67,119,25,2870,0,1,72,2,0.9041,694.148,OPTIMAL,4026.000000,12.4098,29.6522
2026-09-08T06:24:01.584762+00:00,0,110,static,static,request,10,1.0,39,1313,63,82,24,2409,0,0,11,1,0.9911,1584.863,OPTIMAL,3924.000000,48.4724,95.5742
2026-09-08T06:24:02.644232+00:00,0,110,p50,sketch,p50,10,1.0,39,683,69,113,30,3013,0,1,75,2,0.8635,954.234,OPTIMAL,4028.000000,16.1702,32.1160
2026-09-08T06:24:03.699615+00:00,0,110,p50-1.2xalloc,sketch,p50bump,10,1.0,39,734,65,103,35,2968,0,1,26,6,0.9768,963.448,OPTIMAL,4024.000000,8.3594,9.6217
2026-09-08T06:24:04.853292+00:00,0,110,avg-p50p75-1.2xalloc,sketch,avgp50p75bump,10,1.0,39,888,63,102,26,2813,0,6,25,6,0.9844,1059.034,OPTIMAL,4017.000000,5.0225,12.0816
2026-09-08T06:24:05.903871+00:00,0,110,window-avg,sketch,window,10,1.0,39,791,69,116,32,2902,0,0,60,0,0.9041,949.049,OPTIMAL,4029.000000,11.4482,25.2835
2026-09-08T06:24:11.511399+00:00,0,111,static,static,request,10,1.0,30,1319,49,84,19,2428,0,0,10,2,0.9911,1643.432,OPTIMAL,2821.000000,43.2137,80.3890
2026-09-08T06:24:12.812371+00:00,0,111,p50,sketch,p50,10,1.0,30,684,66,122,17,3030,0,1,73,2,0.8635,1187.267,OPTIMAL,4025.000000,15.7653,31.8333
2026-09-08T06:24:13.719291+00:00,0,111,p50-1.2xalloc,sketch,p50bump,10,1.0,30,739,65,99,29,2997,0,2,31,6,0.9769,817.648,OPTIMAL,4023.000000,8.6630,10.0593
2026-09-08T06:24:16.039317+00:00,0,111,avg-p50p75-1.2xalloc,sketch,avgp50p75bump,10,1.0,30,895,63,99,26,2839,0,3,12,3,0.9844,2241.733,OPTIMAL,4020.000000,4.2400,3.8765
2026-09-08T06:24:17.024573+00:00,0,111,window-avg,sketch,window,10,1.0,30,792,65,113,28,2930,0,1,71,2,0.9041,897.105,OPTIMAL,4024.000000,10.4446,24.1392
2026-09-08T06:24:22.403269+00:00,0,112,static,static,request,10,1.0,29,1327,49,82,22,2450,0,0,14,0,0.9911,1616.487,OPTIMAL,2920.000000,41.5569,93.7627
2026-09-08T06:24:24.241422+00:00,0,112,p50,sketch,p50,10,1.0,29,687,67,116,33,3063,0,0,85,2,0.8634,1739.080,OPTIMAL,4027.000000,16.5315,35.0808
2026-09-08T06:24:26.289928+00:00,0,112,p50-1.2xalloc,sketch,p50bump,10,1.0,29,743,69,101,27,3024,0,2,10,1,0.9770,1973.974,OPTIMAL,4027.000000,8.6000,9.6118
2026-09-08T06:24:27.217454+00:00,0,112,avg-p50p75-1.2xalloc,sketch,avgp50p75bump,10,1.0,29,901,65,99,25,2864,0,0,14,2,0.9845,851.714,OPTIMAL,4025.000000,4.2529,6.0749
2026-09-08T06:24:28.055115+00:00,0,112,window-avg,sketch,window,10,1.0,29,796,68,110,31,2961,0,0,64,1,0.9040,755.382,OPTIMAL,4028.000000,11.7576,28.6769
2026-09-08T06:24:32.013038+00:00,0,113,static,static,request,10,1.0,35,1342,49,83,17,2467,0,0,5,0,0.9911,214.912,OPTIMAL,3118.000000,40.7124,76.7215
2026-09-08T06:24:33.490094+00:00,0,113,p50,sketch,p50,10,1.0,35,695,68,118,26,3089,0,1,80,2,0.8634,1381.128,OPTIMAL,4027.000000,15.1201,32.3371
2026-09-08T06:24:35.337746+00:00,0,113,p50-1.2xalloc,sketch,p50bump,10,1.0,35,749,69,113,17,3041,0,5,24,5,0.9770,1764.593,OPTIMAL,4024.000000,8.7612,10.1206
2026-09-08T06:24:42.398339+00:00,0,113,avg-p50p75-1.2xalloc,sketch,avgp50p75bump,10,1.0,35,911,69,104,24,2888,0,4,16,4,0.9845,6983.387,OPTIMAL,4025.000000,3.5992,3.7440
2026-09-08T06:24:43.318902+00:00,0,113,window-avg,sketch,window,10,1.0,35,803,70,112,28,2989,0,1,67,2,0.9041,837.260,OPTIMAL,4029.000000,10.2843,25.2990
2026-09-08T06:24:47.981489+00:00,0,114,static,static,request,10,1.0,41,1365,58,82,23,2490,0,0,11,1,0.9911,922.537,OPTIMAL,3622.000000,39.9853,83.6480
2026-09-08T06:24:49.507323+00:00,0,114,p50,sketch,p50,10,1.0,41,708,72,115,35,3124,0,1,76,2,0.8634,1422.335,OPTIMAL,4031.000000,15.7429,31.7316
2026-09-08T06:24:51.513716+00:00,0,114,p50-1.2xalloc,sketch,p50bump,10,1.0,41,761,66,106,33,3074,0,1,33,7,0.9770,1912.713,OPTIMAL,4025.000000,8.7374,9.9922
2026-09-08T06:24:52.287516+00:00,0,114,avg-p50p75-1.2xalloc,sketch,avgp50p75bump,10,1.0,41,923,70,109,25,2913,0,2,12,3,0.9846,689.926,OPTIMAL,4028.000000,4.0968,4.2022
2026-09-08T06:24:53.027208+00:00,0,114,window-avg,sketch,window,10,1.0,41,814,67,111,28,3017,0,1,63,0,0.9042,656.749,OPTIMAL,4026.000000,11.2952,26.8292
2026-09-08T06:24:57.933800+00:00,0,115,static,static,request,10,1.0,39,1382,53,84,21,2511,0,0,9,1,0.9911,1107.513,OPTIMAL,3023.000000,50.0347,94.5772
2026-09-08T06:24:58.741301+00:00,0,115,p50,sketch,p50,10,1.0,39,715,65,120,20,3144,0,1,69,1,0.8634,706.099,OPTIMAL,4024.000000,16.7226,32.8361
2026-09-08T06:25:05.342732+00:00,0,115,p50-1.2xalloc,sketch,p50bump,10,1.0,39,774,66,110,22,3096,0,5,31,7,0.9769,6514.917,OPTIMAL,4021.000000,9.1275,10.6540
2026-09-08T06:25:06.809286+00:00,0,115,avg-p50p75-1.2xalloc,sketch,avgp50p75bump,10,1.0,39,932,63,109,23,2936,0,1,12,3,0.9846,1380.651,OPTIMAL,4022.000000,3.5141,4.0289
2026-09-08T06:25:17.913097+00:00,0,115,window-avg,sketch,window,10,1.0,39,826,70,118,23,3040,0,1,59,1,0.9042,11018.195,OPTIMAL,4029.000000,10.5284,26.1600
2026-09-08T06:25:22.441071+00:00,0,116,static,static,request,10,1.0,34,1393,51,82,23,2534,0,0,13,1,0.9911,749.516,OPTIMAL,3021.000000,45.2646,91.5058
2026-09-08T06:25:23.427596+00:00,0,116,p50,sketch,p50,10,1.0,34,724,65,120,25,3169,0,0,80,2,0.8633,870.959,OPTIMAL,4025.000000,16.1002,32.0335
2026-09-08T06:25:25.277038+00:00,0,116,p50-1.2xalloc,sketch,p50bump,10,1.0,34,782,70,107,33,3129,0,3,37,8,0.9768,1758.577,OPTIMAL,4027.000000,8.9407,10.0785
2026-09-08T06:25:26.818002+00:00,0,116,avg-p50p75-1.2xalloc,sketch,avgp50p75bump,10,1.0,34,943,67,100,36,2972,0,3,30,7,0.9845,1458.690,OPTIMAL,4024.000000,5.0628,14.7000
2026-09-08T06:25:27.835891+00:00,0,116,window-avg,sketch,window,10,1.0,34,830,67,116,29,3069,0,1,66,1,0.9041,930.597,OPTIMAL,4026.000000,11.9721,31.5182
2026-09-08T06:25:32.521511+00:00,0,117,static,static,request,10,1.0,35,1407,55,80,22,2556,0,0,7,0,0.9911,911.601,OPTIMAL,3520.000000,43.8724,91.0794
2026-09-08T06:25:33.465162+00:00,0,117,p50,sketch,p50,10,1.0,35,734,67,118,29,3198,0,1,75,0,0.8634,831.952,OPTIMAL,4026.000000,14.9988,30.6257
2026-09-08T06:25:35.127635+00:00,0,117,p50-1.2xalloc,sketch,p50bump,10,1.0,35,787,64,109,22,3151,0,2,11,3,0.9769,1564.158,OPTIMAL,4022.000000,8.7411,9.8751
2026-09-08T06:25:36.039063+00:00,0,117,avg-p50p75-1.2xalloc,sketch,avgp50p75bump,10,1.0,35,951,71,102,29,3001,0,1,10,3,0.9846,824.310,OPTIMAL,4030.000000,4.6785,15.9750
2026-09-08T06:25:38.128732+00:00,0,117,window-avg,sketch,window,10,1.0,35,838,68,118,26,3095,0,1,75,2,0.9041,1984.974,OPTIMAL,4027.000000,11.5582,21.5982
2026-09-08T06:25:42.636678+00:00,0,118,static,static,request,10,1.0,43,1430,60,84,21,2577,0,0,8,2,0.9911,707.146,OPTIMAL,3525.000000,36.6761,68.5595
2026-09-08T06:25:43.368859+00:00,0,118,p50,sketch,p50,10,1.0,43,750,62,112,28,3226,0,1,78,1,0.8633,636.762,OPTIMAL,4021.000000,16.4012,34.3613
2026-09-08T06:25:44.116940+00:00,0,118,p50-1.2xalloc,sketch,p50bump,10,1.0,43,806,62,106,25,3176,0,4,35,7,0.9768,664.825,OPTIMAL,4018.000000,8.6860,10.2132
2026-09-08T06:25:46.008465+00:00,0,118,avg-p50p75-1.2xalloc,sketch,avgp50p75bump,10,1.0,43,963,59,104,23,3024,0,8,25,5,0.9845,1811.973,OPTIMAL,3417.000000,5.3259,19.6465
2026-09-08T06:25:47.881084+00:00,0,118,window-avg,sketch,window,10,1.0,43,853,68,113,33,3128,0,0,65,2,0.9042,1787.893,OPTIMAL,4028.000000,7.9747,19.8998
2026-09-08T06:25:51.788163+00:00,0,119,static,static,request,10,1.0,30,1435,36,83,17,2594,0,0,12,1,0.9910,162.654,OPTIMAL,2016.000000,39.5885,85.8024
2026-09-08T06:25:52.642585+00:00,0,119,p50,sketch,p50,10,1.0,30,758,66,106,32,3258,0,1,79,2,0.8633,758.039,OPTIMAL,4025.000000,15.4235,30.0215
2026-09-08T06:25:53.386764+00:00,0,119,p50-1.2xalloc,sketch,p50bump,10,1.0,30,814,66,105,27,3203,0,1,21,5,0.9768,662.856,OPTIMAL,4025.000000,8.3175,9.6749
2026-09-08T06:25:55.411731+00:00,0,119,avg-p50p75-1.2xalloc,sketch,avgp50p75bump,10,1.0,30,968,63,111,16,3040,0,4,13,3,0.9846,1935.692,OPTIMAL,4019.000000,3.9964,3.9112
2026-09-08T06:25:56.194436+00:00,0,119,window-avg,sketch,window,10,1.0,30,855,63,113,23,3151,0,0,57,1,0.9044,695.902,OPTIMAL,4023.000000,10.1247,24.4474
2026-09-08T06:26:00.637088+00:00,0,120,static,static,request,10,1.0,37,1456,52,86,16,2610,0,0,5,0,0.9910,679.884,OPTIMAL,3319.000000,38.3652,75.2060
2026-09-08T06:26:01.989721+00:00,0,120,p50,sketch,p50,10,1.0,37,769,70,113,23,3281,0,0,65,0,0.8633,1263.738,OPTIMAL,4030.000000,17.8311,35.0830
2026-09-08T06:26:04.225229+00:00,0,120,p50-1.2xalloc,sketch,p50bump,10,1.0,37,825,67,103,29,3232,0,3,11,3,0.9769,2157.079,OPTIMAL,4024.000000,8.5384,9.9054
2026-09-08T06:26:05.913952+00:00,0,120,avg-p50p75-1.2xalloc,sketch,avgp50p75bump,10,1.0,37,982,68,104,35,3075,0,1,19,3,0.9846,1608.130,OPTIMAL,4027.000000,3.9909,4.4363
2026-09-08T06:26:06.601417+00:00,0,120,window-avg,sketch,window,10,1.0,37,869,65,114,24,3175,0,0,70,0,0.9043,599.007,OPTIMAL,4025.000000,11.3901,25.7386
2026-09-08T06:26:10.563429+00:00,0,121,static,static,request,10,1.0,31,1468,52,80,27,2637,0,0,11,0,0.9911,447.128,OPTIMAL,3121.000000,43.0279,86.9636
2026-09-08T06:26:12.014570+00:00,0,121,p50,sketch,p50,10,1.0,31,770,66,118,21,3302,0,1,81,2,0.8633,1350.133,OPTIMAL,4025.000000,15.1498,34.3289
2026-09-08T06:26:12.867216+00:00,0,121,p50-1.2xalloc,sketch,p50bump,10,1.0,31,829,66,103,26,3258,0,2,24,5,0.9770,760.870,OPTIMAL,4024.000000,8.8818,9.9249
2026-09-08T06:26:13.821362+00:00,0,121,avg-p50p75-1.2xalloc,sketch,avgp50p75bump,10,1.0,31,985,66,105,25,3100,0,1,15,2,0.9846,864.343,OPTIMAL,4025.000000,4.2837,5.0652
2026-09-08T06:26:14.684784+00:00,0,121,window-avg,sketch,window,10,1.0,31,875,68,109,33,3208,0,0,73,1,0.9041,787.818,OPTIMAL,4028.000000,13.2201,30.6682
2026-09-08T06:26:19.268313+00:00,0,122,static,static,request,10,1.0,44,1491,64,86,20,2657,0,0,5,0,0.9911,1002.324,OPTIMAL,3826.000000,48.8352,96.1987
2026-09-08T06:26:21.270924+00:00,0,122,p50,sketch,p50,10,1.0,44,788,68,115,31,3333,0,0,82,0,0.8634,1898.506,OPTIMAL,4028.000000,14.9471,29.5679
2026-09-08T06:26:22.198127+00:00,0,122,p50-1.2xalloc,sketch,p50bump,10,1.0,44,847,66,105,24,3282,0,1,24,6,0.9771,852.267,OPTIMAL,4025.000000,8.9511,9.9431
2026-09-08T06:26:22.947945+00:00,0,122,avg-p50p75-1.2xalloc,sketch,avgp50p75bump,10,1.0,44,1003,70,106,29,3129,0,2,24,5,0.9846,670.900,OPTIMAL,4028.000000,4.9096,9.7865
2026-09-08T06:26:24.356517+00:00,0,122,window-avg,sketch,window,10,1.0,44,891,66,109,26,3234,0,0,62,0,0.9041,1335.013,OPTIMAL,4026.000000,10.4163,24.8971
2026-09-08T06:26:28.888668+00:00,0,123,static,static,request,10,1.0,36,1501,45,82,23,2680,0,0,8,0,0.9911,770.652,OPTIMAL,2619.000000,46.5204,93.7870
2026-09-08T06:26:29.902422+00:00,0,123,p50,sketch,p50,10,1.0,36,796,61,113,23,3356,0,2,76,0,0.8633,900.694,OPTIMAL,4019.000000,17.0268,31.9026
2026-09-08T06:26:31.076335+00:00,0,123,p50-1.2xalloc,sketch,p50bump,10,1.0,36,857,64,108,21,3303,0,3,32,7,0.9771,1075.612,OPTIMAL,4021.000000,9.4005,11.1427
2026-09-08T06:26:32.782699+00:00,0,123,avg-p50p75-1.2xalloc,sketch,avgp50p75bump,10,1.0,36,1009,63,105,24,3153,0,2,14,3,0.9846,1612.297,OPTIMAL,4021.000000,3.3627,3.5558
2026-09-08T06:26:33.537908+00:00,0,123,window-avg,sketch,window,10,1.0,36,901,67,107,29,3263,0,1,58,1,0.9040,679.848,OPTIMAL,4026.000000,11.5489,28.8422
2026-09-08T06:26:37.945374+00:00,0,124,static,static,request,10,1.0,46,1528,64,79,27,2707,0,0,7,0,0.9911,741.708,OPTIMAL,4024.000000,44.1639,84.1693
2026-09-08T06:26:39.518109+00:00,0,124,p50,sketch,p50,10,1.0,46,821,64,112,25,3381,0,1,79,1,0.8632,1463.202,OPTIMAL,4023.000000,16.6103,33.8857
2026-09-08T06:26:40.716618+00:00,0,124,p50-1.2xalloc,sketch,p50bump,10,1.0,46,879,62,104,26,3329,0,3,29,6,0.9770,1101.553,OPTIMAL,4019.000000,8.3382,9.5044
2026-09-08T06:26:42.993333+00:00,0,124,avg-p50p75-1.2xalloc,sketch,avgp50p75bump,10,1.0,46,1032,63,102,26,3179,0,4,24,6,0.9846,2184.455,OPTIMAL,4019.000000,5.3992,20.5387
2026-09-08T06:26:43.799500+00:00,0,124,window-avg,sketch,window,10,1.0,46,920,68,114,21,3284,0,0,57,1,0.9040,717.138,OPTIMAL,4028.000000,11.1096,24.0501
2026-09-08T06:26:48.136424+00:00,0,125,static,static,request,10,1.0,35,1539,45,82,15,2722,0,0,5,0,0.9912,614.230,OPTIMAL,2718.000000,47.8561,85.7363
2026-09-08T06:26:48.755258+00:00,0,125,p50,sketch,p50,10,1.0,35,832,64,113,23,3404,0,0,75,2,0.8631,524.056,OPTIMAL,4024.000000,17.2862,34.1565
2026-09-08T06:26:50.677958+00:00,0,125,p50-1.2xalloc,sketch,p50bump,10,1.0,35,892,65,103,26,3355,0,3,38,9,0.9770,1847.103,OPTIMAL,4022.000000,8.7414,10.1944
2026-09-08T06:26:51.367178+00:00,0,125,avg-p50p75-1.2xalloc,sketch,avgp50p75bump,10,1.0,35,1044,64,104,22,3201,0,3,10,3,0.9846,607.614,OPTIMAL,4021.000000,3.9515,3.8271
2026-09-08T06:26:53.071443+00:00,0,125,window-avg,sketch,window,10,1.0,35,927,65,118,21,3305,0,1,69,1,0.9039,1611.954,OPTIMAL,4024.000000,12.0242,26.9064
2026-09-08T06:26:57.067171+00:00,0,126,static,static,request,10,1.0,32,1553,49,86,15,2737,0,0,5,0,0.9912,295.900,OPTIMAL,3019.000000,43.0573,87.7799
2026-09-08T06:26:58.418220+00:00,0,126,p50,sketch,p50,10,1.0,32,840,70,104,39,3443,0,0,76,2,0.8631,1251.463,OPTIMAL,4030.000000,15.1821,29.8308
2026-09-08T06:26:59.243762+00:00,0,126,p50-1.2xalloc,sketch,p50bump,10,1.0,32,899,62,96,29,3384,0,1,27,6,0.9770,741.000,OPTIMAL,4021.000000,8.7348,10.4013
2026-09-08T06:27:00.072663+00:00,0,126,avg-p50p75-1.2xalloc,sketch,avgp50p75bump,10,1.0,32,1052,62,97,29,3230,0,1,17,4,0.9847,753.884,OPTIMAL,4021.000000,4.1165,4.7569
2026-09-08T06:27:01.007960+00:00,0,126,window-avg,sketch,window,10,1.0,32,934,64,112,30,3335,0,0,73,1,0.9039,848.237,OPTIMAL,4024.000000,11.9646,24.6975
2026-09-08T06:27:05.963204+00:00,0,127,static,static,request,10,1.0,30,1564,57,85,22,2759,0,0,9,1,0.9912,1267.331,OPTIMAL,3621.000000,50.1929,101.3022
2026-09-08T06:27:07.373755+00:00,0,127,p50,sketch,p50,10,1.0,30,840,70,110,24,3467,0,0,65,1,0.8631,1312.351,OPTIMAL,4030.000000,14.2456,30.4401
2026-09-08T06:27:08.038979+00:00,0,127,p50-1.2xalloc,sketch,p50bump,10,1.0,30,907,61,98,19,3403,0,3,27,6,0.9770,590.933,OPTIMAL,4018.000000,8.5857,9.8596
2026-09-08T06:27:08.910700+00:00,0,127,avg-p50p75-1.2xalloc,sketch,avgp50p75bump,10,1.0,30,1060,67,97,27,3257,0,2,6,1,0.9848,800.991,OPTIMAL,4025.000000,3.4541,3.5339
2026-09-08T06:27:09.640078+00:00,0,127,window-avg,sketch,window,10,1.0,30,940,59,104,27,3362,0,1,66,1,0.9038,644.191,OPTIMAL,4018.000000,10.6551,23.4183
2026-09-08T06:27:13.778759+00:00,0,128,static,static,request,10,1.0,31,1574,49,85,19,2778,0,0,5,0,0.9913,439.465,OPTIMAL,3019.000000,48.0839,89.3745
2026-09-08T06:27:14.481413+00:00,0,128,p50,sketch,p50,10,1.0,31,841,71,114,27,3494,0,0,67,1,0.8632,611.887,OPTIMAL,4031.000000,14.8241,31.4926
2026-09-08T06:27:16.404628+00:00,0,128,p50-1.2xalloc,sketch,p50bump,10,1.0,31,917,67,91,34,3437,0,4,21,6,0.9770,1855.799,OPTIMAL,4023.000000,8.7754,9.7719
2026-09-08T06:27:17.140061+00:00,0,128,avg-p50p75-1.2xalloc,sketch,avgp50p75bump,10,1.0,31,1064,65,100,22,3279,0,2,4,0,0.9849,671.979,OPTIMAL,4023.000000,3.8074,3.9740
2026-09-08T06:27:18.444630+00:00,0,128,window-avg,sketch,window,10,1.0,31,952,63,106,21,3383,0,0,68,1,0.9038,1222.001,OPTIMAL,4023.000000,11.9114,25.1575
2026-09-08T06:27:22.339034+00:00,0,129,static,static,request,10,1.0,32,1587,43,82,18,2796,0,0,4,0,0.9913,208.489,OPTIMAL,2815.000000,53.7577,98.1325
2026-09-08T06:27:23.676247+00:00,0,129,p50,sketch,p50,10,1.0,32,842,71,128,17,3511,0,0,72,1,0.8634,1242.083,OPTIMAL,4031.000000,13.6575,24.4842
2026-09-08T06:27:24.369382+00:00,0,129,p50-1.2xalloc,sketch,p50bump,10,1.0,32,922,67,95,23,3460,0,1,8,1,0.9771,625.817,OPTIMAL,4026.000000,8.5522,10.4444
2026-09-08T06:27:25.263088+00:00,0,129,avg-p50p75-1.2xalloc,sketch,avgp50p75bump,10,1.0,32,1071,67,104,23,3302,0,2,12,2,0.9849,823.597,OPTIMAL,4025.000000,4.3263,4.5721
2026-09-08T06:27:26.008854+00:00,0,129,window-avg,sketch,window,10,1.0,32,961,64,96,34,3417,0,0,65,1,0.9038,673.665,OPTIMAL,4024.000000,11.7906,26.7823
2026-09-08T06:27:30.830969+00:00,0,130,static,static,request,10,1.0,27,1599,61,81,23,2819,0,1,8,0,0.9913,1140.765,OPTIMAL,3921.000000,44.3795,88.2490
2026-09-08T06:27:31.805674+00:00,0,130,p50,sketch,p50,10,1.0,27,838,70,133,25,3536,0,1,77,0,0.8636,847.975,OPTIMAL,4029.000000,14.3634,27.3628
2026-09-08T06:27:33.210513+00:00,0,130,p50-1.2xalloc,sketch,p50bump,10,1.0,27,922,70,104,21,3481,0,2,32,8,0.9770,1316.381,OPTIMAL,4028.000000,7.9450,9.1818
2026-09-08T06:27:34.576672+00:00,0,130,avg-p50p75-1.2xalloc,sketch,avgp50p75bump,10,1.0,27,1071,62,100,26,3328,0,4,16,4,0.9849,1269.558,OPTIMAL,4018.000000,4.7944,12.4874
2026-09-08T06:27:35.366312+00:00,0,130,window-avg,sketch,window,10,1.0,27,964,69,95,30,3447,0,2,51,0,0.9037,718.107,OPTIMAL,4027.000000,11.8897,28.1144
2026-09-08T06:27:39.471538+00:00,0,131,static,static,request,10,1.0,33,1610,54,82,21,2840,0,0,9,0,0.9913,424.538,OPTIMAL,3222.000000,46.0373,89.0740
2026-09-08T06:27:40.420904+00:00,0,131,p50,sketch,p50,10,1.0,33,841,66,133,26,3562,0,1,90,1,0.8636,839.122,OPTIMAL,4025.000000,15.0763,28.6922
2026-09-08T06:27:41.472252+00:00,0,131,p50-1.2xalloc,sketch,p50bump,10,1.0,33,925,68,112,20,3501,0,4,20,5,0.9770,966.757,OPTIMAL,4024.000000,8.5744,9.8923
2026-09-08T06:27:44.407471+00:00,0,131,avg-p50p75-1.2xalloc,sketch,avgp50p75bump,10,1.0,33,1082,66,101,25,3353,0,2,13,2,0.9849,2866.783,OPTIMAL,4024.000000,4.0641,6.2938
2026-09-08T06:27:45.396840+00:00,0,131,window-avg,sketch,window,10,1.0,33,968,67,104,18,3465,0,0,49,0,0.9038,916.035,OPTIMAL,4027.000000,9.2349,22.9276
2026-09-08T06:27:49.516524+00:00,0,132,static,static,request,10,1.0,34,1622,55,84,19,2859,0,0,10,0,0.9913,430.595,OPTIMAL,3421.000000,53.4068,110.9336
2026-09-08T06:27:50.999703+00:00,0,132,p50,sketch,p50,10,1.0,34,849,67,125,35,3597,0,1,89,0,0.8636,1370.760,OPTIMAL,4026.000000,17.1866,35.2486
2026-09-08T06:27:57.148853+00:00,0,132,p50-1.2xalloc,sketch,p50bump,10,1.0,34,931,72,122,22,3523,0,5,46,9,0.9768,6051.187,OPTIMAL,4027.000000,8.6102,9.8278
2026-09-08T06:27:58.001429+00:00,0,132,avg-p50p75-1.2xalloc,sketch,avgp50p75bump,10,1.0,34,1090,59,95,25,3378,0,4,15,3,0.9848,773.298,OPTIMAL,4015.000000,4.2102,4.4906
2026-09-08T06:28:00.462461+00:00,0,132,window-avg,sketch,window,10,1.0,34,975,69,111,22,3487,0,0,56,1,0.9038,2379.797,OPTIMAL,4029.000000,9.7006,22.7244
2026-09-08T06:28:04.824005+00:00,0,133,static,static,request,10,1.0,43,1644,62,88,21,2880,0,0,9,1,0.9913,648.009,OPTIMAL,3725.000000,40.3584,74.5907
2026-09-08T06:28:06.184431+00:00,0,133,p50,sketch,p50,10,1.0,43,865,68,122,31,3628,0,0,85,1,0.8635,1250.749,OPTIMAL,4028.000000,15.6187,32.4604
2026-09-08T06:28:07.405285+00:00,0,133,p50-1.2xalloc,sketch,p50bump,10,1.0,43,942,71,124,29,3552,0,1,20,4,0.9769,1112.830,OPTIMAL,4030.000000,8.8775,10.0011
2026-09-08T06:28:08.259011+00:00,0,133,avg-p50p75-1.2xalloc,sketch,avgp50p75bump,10,1.0,43,1114,56,94,17,3395,0,5,19,4,0.9849,774.260,OPTIMAL,4011.000000,4.6378,11.8640
2026-09-08T06:28:10.305698+00:00,0,133,window-avg,sketch,window,10,1.0,43,989,68,120,19,3506,0,0,61,0,0.9040,1957.491,OPTIMAL,4028.000000,10.3911,21.8719
2026-09-08T06:28:14.403157+00:00,0,134,static,static,request,10,1.0,37,1656,55,93,21,2901,0,0,11,1,0.9913,531.207,OPTIMAL,2926.000000,46.4541,85.8566
2026-09-08T06:28:15.237715+00:00,0,134,p50,sketch,p50,10,1.0,37,874,64,119,27,3655,0,2,86,3,0.8635,734.619,OPTIMAL,4022.000000,16.1392,32.9605
2026-09-08T06:28:16.709548+00:00,0,134,p50-1.2xalloc,sketch,p50bump,10,1.0,37,948,65,123,26,3578,0,5,36,10,0.9768,1373.806,OPTIMAL,4020.000000,8.8241,10.4074
2026-09-08T06:28:17.635005+00:00,0,134,avg-p50p75-1.2xalloc,sketch,avgp50p75bump,10,1.0,37,1135,66,83,37,3432,0,0,18,5,0.9848,861.261,OPTIMAL,4026.000000,3.7333,3.8028
2026-09-08T06:28:18.293997+00:00,0,134,window-avg,sketch,window,10,1.0,37,998,70,120,30,3536,0,0,64,1,0.9040,569.431,OPTIMAL,4030.000000,9.9238,25.7200
2026-09-08T06:28:22.301313+00:00,0,135,static,static,request,10,1.0,38,1668,46,99,15,2916,0,0,13,1,0.9913,309.018,OPTIMAL,2521.000000,43.0537,86.3806
2026-09-08T06:28:22.935080+00:00,0,135,p50,sketch,p50,10,1.0,38,888,64,119,24,3679,0,0,85,2,0.8635,534.260,OPTIMAL,4024.000000,15.9079,29.8415
2026-09-08T06:28:23.695609+00:00,0,135,p50-1.2xalloc,sketch,p50bump,10,1.0,38,961,64,117,30,3608,0,4,37,8,0.9768,667.833,OPTIMAL,4020.000000,8.6605,9.7230
2026-09-08T06:28:25.020861+00:00,0,135,avg-p50p75-1.2xalloc,sketch,avgp50p75bump,10,1.0,38,1147,70,89,24,3456,0,1,16,5,0.9848,1262.512,OPTIMAL,4029.000000,4.3918,4.9263
2026-09-08T06:28:25.835375+00:00,0,135,window-avg,sketch,window,10,1.0,38,1006,68,125,23,3559,0,1,66,2,0.9041,719.571,OPTIMAL,4027.000000,10.2533,20.4631
2026-09-08T06:28:30.395710+00:00,0,136,static,static,request,10,1.0,29,1676,60,92,27,2943,0,0,5,0,0.9913,865.729,OPTIMAL,4020.000000,45.6128,91.3698
2026-09-08T06:28:31.040033+00:00,0,136,p50,sketch,p50,10,1.0,29,893,65,114,30,3709,0,0,83,1,0.8635,547.671,OPTIMAL,4025.000000,15.9466,32.4855
2026-09-08T06:28:31.733378+00:00,0,136,p50-1.2xalloc,sketch,p50bump,10,1.0,29,966,65,112,30,3638,0,1,22,5,0.9768,605.665,OPTIMAL,4024.000000,8.9428,10.0150
2026-09-08T06:28:33.964704+00:00,0,136,avg-p50p75-1.2xalloc,sketch,avgp50p75bump,10,1.0,29,1146,70,101,18,3474,0,2,6,1,0.9848,2160.412,OPTIMAL,4028.000000,3.5844,3.8868
2026-09-08T06:28:34.840562+00:00,0,136,window-avg,sketch,window,10,1.0,29,1007,67,121,31,3590,0,0,66,1,0.9042,782.788,OPTIMAL,4027.000000,11.3223,25.0271
2026-09-08T06:28:39.367166+00:00,0,137,static,static,request,10,1.0,30,1686,62,81,33,2976,0,0,5,0,0.9913,813.831,OPTIMAL,4022.000000,47.0177,97.3969
2026-09-08T06:28:40.570835+00:00,0,137,p50,sketch,p50,10,1.0,30,898,67,114,27,3736,0,0,75,2,0.8635,1105.129,OPTIMAL,4027.000000,14.7483,27.9678
2026-09-08T06:28:41.684266+00:00,0,137,p50-1.2xalloc,sketch,p50bump,10,1.0,30,971,65,110,27,3665,0,2,37,7,0.9768,1018.675,OPTIMAL,4023.000000,8.5263,10.0969
2026-09-08T06:28:42.316155+00:00,0,137,avg-p50p75-1.2xalloc,sketch,avgp50p75bump,10,1.0,30,1146,66,111,19,3493,0,5,33,8,0.9848,548.667,OPTIMAL,3724.000000,4.6357,4.1151
2026-09-08T06:28:43.458654+00:00,0,137,window-avg,sketch,window,10,1.0,30,1010,66,117,30,3620,0,0,72,1,0.9041,1052.328,OPTIMAL,4026.000000,10.8290,25.3546
2026-09-08T06:28:47.585460+00:00,0,138,static,static,request,10,1.0,29,1693,63,82,22,2998,0,0,8,0,0.9913,475.815,OPTIMAL,4023.000000,42.6720,78.9484
2026-09-08T06:28:48.599473+00:00,0,138,p50,sketch,p50,10,1.0,29,900,68,116,26,3762,0,0,71,0,0.8634,904.121,OPTIMAL,4028.000000,17.0282,34.2943
2026-09-08T06:28:49.271077+00:00,0,138,p50-1.2xalloc,sketch,p50bump,10,1.0,29,975,66,108,28,3693,0,2,42,8,0.9769,574.922,OPTIMAL,4024.000000,8.7366,10.1778
2026-09-08T06:28:50.656885+00:00,0,138,avg-p50p75-1.2xalloc,sketch,avgp50p75bump,10,1.0,29,1146,67,115,23,3516,0,7,23,6,0.9848,1281.791,OPTIMAL,4020.000000,4.3937,12.7760
2026-09-08T06:28:51.856910+00:00,0,138,window-avg,sketch,window,10,1.0,29,1013,62,117,22,3642,0,0,68,0,0.9042,1098.764,OPTIMAL,4022.000000,11.2672,26.1017
2026-09-08T06:28:56.024247+00:00,0,139,static,static,request,10,1.0,32,1702,48,83,19,3017,0,1,9,0,0.9913,401.595,OPTIMAL,2819.000000,42.9429,94.3589
2026-09-08T06:28:57.140511+00:00,0,139,p50,sketch,p50,10,1.0,32,904,64,117,23,3785,0,1,78,2,0.8633,1001.321,OPTIMAL,4023.000000,16.5276,35.4285
2026-09-08T06:28:59.658427+00:00,0,139,p50-1.2xalloc,sketch,p50bump,10,1.0,32,981,68,106,30,3723,0,4,23,5,0.9769,2429.620,OPTIMAL,4024.000000,8.9908,9.9171
2026-09-08T06:29:00.692072+00:00,0,139,avg-p50p75-1.2xalloc,sketch,avgp50p75bump,10,1.0,32,1151,67,120,22,3538,0,7,20,6,0.9847,939.964,OPTIMAL,4020.000000,3.8359,4.2808
2026-09-08T06:29:01.526452+00:00,0,139,window-avg,sketch,window,10,1.0,32,1023,65,113,29,3671,0,1,65,0,0.9043,747.989,OPTIMAL,4024.000000,8.9586,23.3870
2026-09-08T06:29:07.068246+00:00,0,140,static,static,request,10,1.0,30,1712,59,92,16,3033,0,0,8,0,0.9914,1877.438,OPTIMAL,3425.000000,39.0646,77.9659
2026-09-08T06:29:07.881607+00:00,0,140,p50,sketch,p50,10,1.0,30,910,65,117,25,3810,0,0,73,0,0.8634,713.826,OPTIMAL,4025.000000,15.3272,27.4414
2026-09-08T06:29:08.831736+00:00,0,140,p50-1.2xalloc,sketch,p50bump,10,1.0,30,983,67,110,23,3746,0,4,45,9,0.9769,865.970,OPTIMAL,4023.000000,8.8781,10.3017
2026-09-08T06:29:09.840503+00:00,0,140,avg-p50p75-1.2xalloc,sketch,avgp50p75bump,10,1.0,30,1154,67,119,28,3566,0,7,23,4,0.9847,925.122,OPTIMAL,4020.000000,4.6859,12.0420
2026-09-08T06:29:10.427549+00:00,0,140,window-avg,sketch,window,10,1.0,30,1028,62,107,28,3699,0,1,69,1,0.9043,502.227,OPTIMAL,4021.000000,10.0583,24.5532
2026-09-08T06:29:14.417007+00:00,0,141,static,static,request,10,1.0,28,1715,51,90,23,3056,0,0,16,0,0.9913,214.155,OPTIMAL,3021.000000,41.8659,86.9045
2026-09-08T06:29:15.031232+00:00,0,141,p50,sketch,p50,10,1.0,28,913,67,117,27,3837,0,1,81,1,0.8633,503.981,OPTIMAL,4026.000000,17.3711,35.8630
2026-09-08T06:29:16.290795+00:00,0,141,p50-1.2xalloc,sketch,p50bump,10,1.0,28,984,65,116,19,3765,0,4,41,7,0.9769,1153.662,OPTIMAL,4021.000000,8.0770,9.7385
2026-09-08T06:29:17.164595+00:00,0,141,avg-p50p75-1.2xalloc,sketch,avgp50p75bump,10,1.0,28,1155,63,111,31,3597,0,3,32,7,0.9847,769.445,OPTIMAL,4020.000000,5.1038,15.9132
2026-09-08T06:29:18.121160+00:00,0,141,window-avg,sketch,window,10,1.0,28,1034,65,100,32,3731,0,1,62,1,0.9043,866.559,OPTIMAL,4024.000000,10.0391,23.7476
2026-09-08T06:29:22.792236+00:00,0,142,static,static,request,10,1.0,27,1721,60,88,25,3081,0,0,9,0,0.9913,711.100,OPTIMAL,3723.000000,41.1681,75.8431
2026-09-08T06:29:23.632698+00:00,0,142,p50,sketch,p50,10,1.0,27,913,67,115,29,3866,0,0,74,0,0.8633,728.244,OPTIMAL,4027.000000,16.2884,32.3595
2026-09-08T06:29:24.672919+00:00,0,142,p50-1.2xalloc,sketch,p50bump,10,1.0,27,986,60,110,26,3791,0,3,39,9,0.9767,936.017,OPTIMAL,4017.000000,8.7230,10.2612
2026-09-08T06:29:25.570337+00:00,0,142,avg-p50p75-1.2xalloc,sketch,avgp50p75bump,10,1.0,27,1159,63,106,28,3625,0,2,9,3,0.9847,797.980,OPTIMAL,4021.000000,3.6148,3.8095
2026-09-08T06:29:26.326644+00:00,0,142,window-avg,sketch,window,10,1.0,27,1036,64,104,20,3751,0,0,58,2,0.9043,662.840,OPTIMAL,4024.000000,11.4495,24.2202
2026-09-08T06:29:31.261198+00:00,0,143,static,static,request,10,1.0,37,1735,57,88,22,3103,0,0,8,0,0.9913,986.320,OPTIMAL,3522.000000,41.3116,88.1792
2026-09-08T06:29:32.199590+00:00,0,143,p50,sketch,p50,10,1.0,37,923,71,117,29,3895,0,1,72,1,0.8633,826.964,OPTIMAL,4030.000000,15.9093,30.9459
2026-09-08T06:29:33.097504+00:00,0,143,p50-1.2xalloc,sketch,p50bump,10,1.0,37,1003,65,105,30,3821,0,2,31,7,0.9767,802.583,OPTIMAL,4023.000000,8.7982,10.2376
2026-09-08T06:29:34.956384+00:00,0,143,avg-p50p75-1.2xalloc,sketch,avgp50p75bump,10,1.0,37,1173,64,100,30,3655,0,1,24,5,0.9848,1767.930,OPTIMAL,4023.000000,4.6282,6.1430
2026-09-08T06:29:36.371988+00:00,0,143,window-avg,sketch,window,10,1.0,37,1049,65,108,21,3772,0,2,58,3,0.9043,1334.456,OPTIMAL,4023.000000,10.4430,26.6454
2026-09-08T06:29:40.708500+00:00,0,144,static,static,request,10,1.0,32,1745,57,90,22,3125,0,0,13,0,0.9913,573.928,OPTIMAL,3324.000000,37.8168,80.9740
2026-09-08T06:29:41.977421+00:00,0,144,p50,sketch,p50,10,1.0,32,924,71,118,30,3925,0,1,72,2,0.8631,1157.136,OPTIMAL,4030.000000,16.9973,34.6357
2026-09-08T06:29:43.616015+00:00,0,144,p50-1.2xalloc,sketch,p50bump,10,1.0,32,1010,68,102,31,3852,0,2,15,4,0.9768,1549.054,OPTIMAL,4026.000000,8.6765,9.7421
2026-09-08T06:29:44.643218+00:00,0,144,avg-p50p75-1.2xalloc,sketch,avgp50p75bump,10,1.0,32,1181,64,103,21,3676,0,4,13,2,0.9848,932.114,OPTIMAL,4020.000000,4.7770,13.4473
2026-09-08T06:29:45.451086+00:00,0,144,window-avg,sketch,window,10,1.0,32,1056,65,108,25,3797,0,0,56,0,0.9045,710.968,OPTIMAL,4025.000000,8.7233,18.7757
2026-09-08T06:29:49.905952+00:00,0,145,static,static,request,10,1.0,34,1755,48,93,20,3145,0,0,16,1,0.9913,500.059,OPTIMAL,2523.000000,41.7078,89.3257
2026-09-08T06:29:50.991136+00:00,0,145,p50,sketch,p50,10,1.0,34,927,65,120,23,3948,0,0,80,2,0.8631,967.986,OPTIMAL,4025.000000,16.4332,35.4599
2026-09-08T06:29:53.285335+00:00,0,145,p50-1.2xalloc,sketch,p50bump,10,1.0,34,1016,66,104,24,3876,0,1,21,3,0.9768,2203.158,OPTIMAL,4025.000000,8.3476,9.5692
2026-09-08T06:29:54.045659+00:00,0,145,avg-p50p75-1.2xalloc,sketch,avgp50p75bump,10,1.0,34,1191,63,104,22,3698,0,3,18,4,0.9848,676.784,OPTIMAL,4020.000000,5.3933,22.5852
2026-09-08T06:29:54.950345+00:00,0,145,window-avg,sketch,window,10,1.0,34,1065,65,109,24,3821,0,0,61,2,0.9046,821.419,OPTIMAL,4025.000000,10.1544,26.5367
2026-09-08T06:29:59.418549+00:00,0,146,static,static,request,10,1.0,35,1767,54,89,25,3170,0,0,3,0,0.9913,716.883,OPTIMAL,3321.000000,51.4840,94.3564
2026-09-08T06:30:00.304042+00:00,0,146,p50,sketch,p50,10,1.0,35,937,67,118,29,3977,0,0,88,0,0.8630,768.656,OPTIMAL,4027.000000,16.1748,30.5216
2026-09-08T06:30:02.438909+00:00,0,146,p50-1.2xalloc,sketch,p50bump,10,1.0,35,1025,70,105,29,3905,0,1,15,3,0.9769,2044.682,OPTIMAL,4029.000000,8.3894,9.6888
2026-09-08T06:30:03.523219+00:00,0,146,avg-p50p75-1.2xalloc,sketch,avgp50p75bump,10,1.0,35,1203,64,94,34,3732,0,1,16,3,0.9849,1006.029,OPTIMAL,4023.000000,4.1921,3.8526
2026-09-08T06:30:07.059806+00:00,0,146,window-avg,sketch,window,10,1.0,35,1075,67,105,31,3852,0,1,59,0,0.9047,3456.662,OPTIMAL,4026.000000,9.4708,23.1757
2026-09-08T06:30:10.970675+00:00,0,147,static,static,request,10,1.0,35,1781,38,89,17,3187,0,0,5,0,0.9914,155.942,OPTIMAL,2117.000000,51.3708,93.5286
2026-09-08T06:30:13.671948+00:00,0,147,p50,sketch,p50,10,1.0,35,945,67,115,30,4007,0,1,72,1,0.8629,2604.163,OPTIMAL,4026.000000,15.2230,30.7603
2026-09-08T06:30:15.671968+00:00,0,147,p50-1.2xalloc,sketch,p50bump,10,1.0,35,1030,68,112,21,3926,0,3,28,6,0.9768,1916.465,OPTIMAL,4025.000000,8.7894,10.2846
2026-09-08T06:30:16.513759+00:00,0,147,avg-p50p75-1.2xalloc,sketch,avgp50p75bump,10,1.0,35,1214,64,100,18,3750,0,2,16,3,0.9849,764.290,OPTIMAL,4022.000000,4.3241,9.7732
2026-09-08T06:30:17.317366+00:00,0,147,window-avg,sketch,window,10,1.0,35,1083,68,108,25,3877,0,0,54,0,0.9047,722.070,OPTIMAL,4028.000000,9.8864,23.6512
2026-09-08T06:30:22.062505+00:00,0,148,static,static,request,10,1.0,31,1795,65,90,24,3211,0,0,7,0,0.9914,955.618,OPTIMAL,4025.000000,55.9382,110.3200
2026-09-08T06:30:22.920299+00:00,0,148,p50,sketch,p50,10,1.0,31,949,67,111,31,4038,0,0,77,1,0.8629,749.723,OPTIMAL,4027.000000,16.1932,30.4484
2026-09-08T06:30:23.873078+00:00,0,148,p50-1.2xalloc,sketch,p50bump,10,1.0,31,1033,65,110,27,3953,0,2,19,4,0.9768,852.049,OPTIMAL,4023.000000,9.2913,10.2226
2026-09-08T06:30:25.157214+00:00,0,148,avg-p50p75-1.2xalloc,sketch,avgp50p75bump,10,1.0,31,1221,64,103,21,3771,0,4,25,7,0.9849,1191.105,OPTIMAL,4020.000000,2.8637,3.7030
2026-09-08T06:30:26.110595+00:00,0,148,window-avg,sketch,window,10,1.0,31,1086,68,111,25,3902,0,0,53,1,0.9048,857.346,OPTIMAL,4028.000000,10.3516,22.3586
2026-09-08T06:30:30.419619+00:00,0,149,static,static,request,10,1.0,29,1799,54,84,26,3237,0,0,10,1,0.9914,355.532,OPTIMAL,3420.000000,45.1238,105.4657
2026-09-08T06:30:33.390554+00:00,0,149,p50,sketch,p50,10,1.0,29,951,68,116,23,4061,0,0,72,2,0.8629,2859.499,OPTIMAL,4028.000000,16.2334,33.7087
2026-09-08T06:30:34.111112+00:00,0,149,p50-1.2xalloc,sketch,p50bump,10,1.0,29,1037,71,110,31,3984,0,1,22,7,0.9769,640.078,OPTIMAL,4030.000000,8.6010,10.1663
2026-09-08T06:30:34.930029+00:00,0,149,avg-p50p75-1.2xalloc,sketch,avgp50p75bump,10,1.0,29,1226,64,104,23,3794,0,2,11,2,0.9850,737.962,OPTIMAL,4022.000000,3.4931,4.3813
2026-09-08T06:30:36.072881+00:00,0,149,window-avg,sketch,window,10,1.0,29,1087,68,111,28,3930,0,2,62,2,0.9049,1059.307,OPTIMAL,4026.000000,8.7235,19.6866
