run,epoch,node,cpu_sketch,cpu_es,mem_avail_sketch,mem_avail_es
0,0,APC-0,1.348510,1.332508,13.639921,13.628862
0,0,APC-1,0.136014,0.137991,13.971239,13.965169
0,0,APC-2,0.203315,0.205950,13.832223,13.820192
0,0,APC-3,0.203315,0.209503,13.971239,13.959454
0,0,CHQ-1,1.860788,1.881381,17.725441,17.718856
0,0,PLT-0,0.716770,0.763067,13.667228,13.660515
0,0,PLT-1,0.310057,0.495256,13.694590,13.703562
0,0,PLT-10,1.585659,1.566146,14.111653,14.106670
0,0,PLT-11,0.243412,0.447362,14.168212,14.172014
0,0,PLT-2,0.472839,0.552934,13.777005,13.772902
0,0,PLT-3,1.529591,1.468192,14.139904,14.130218
0,0,PLT-4,1.680347,1.630932,14.111653,14.112331
0,0,PLT-5,0.168807,0.169388,14.111653,14.102254
0,0,PLT-6,0.068495,0.068699,14.139904,14.133241
0,0,PLT-7,0.170503,0.172251,14.111653,14.114352
0,0,PLT-8,0.064506,0.064624,14.168212,14.154880
0,0,PLT-9,0.281112,0.482483,14.111653,14.112726
0,0,UGS-0,0.070581,0.070716,1.734987,1.735031
0,0,UGS-1,0.153662,0.152891,1.624175,1.624225
0,0,UGS-10,0.057097,0.057103,1.548056,1.547683
0,0,UGS-11,0.143848,0.143750,1.569882,1.568902
0,0,UGS-12,0.061483,0.061309,1.551156,1.550730
0,0,UGS-13,0.131994,0.132612,1.617692,1.617569
0,0,UGS-14,0.051560,0.051782,1.569882,1.571011
0,0,UGS-15,0.057671,0.057095,1.637221,1.635881
0,0,UGS-16,0.137931,0.138401,1.560490,1.561157
0,0,UGS-2,0.134391,0.136719,1.566745,1.566724
0,0,UGS-20,0.057902,0.058124,1.617692,1.617040
0,0,UGS-21,0.139876,0.140032,1.520441,1.519226
0,0,UGS-22,0.146168,0.146374,1.502304,1.501206
0,0,UGS-23,0.145293,0.145361,1.563615,1.562414
0,0,UGS-24,0.138484,0.139176,1.627427,1.627205
0,0,UGS-25,0.055188,0.055348,1.627427,1.628604
0,0,UGS-26,0.136559,0.136893,1.532653,1.532208
0,0,UGS-27,0.058018,0.057969,1.611234,1.612424
0,0,UGS-28,0.148823,0.148798,1.576174,1.577010
0,0,UGS-29,0.058601,0.059032,1.630685,1.630448
0,0,UGS-3,0.065284,0.065118,1.611234,1.610463
0,0,UGS-4,0.056303,0.056322,1.687082,1.688400
0,0,UGS-5,0.128349,0.128287,1.573024,1.574266
0,0,UGS-6,0.055410,0.055482,1.604802,1.604212
0,0,UGS-7,0.060749,0.061577,1.548056,1.547556
0,0,UGS-8,0.142132,0.142582,1.573024,1.572758
0,0,UGS-9,0.159933,0.159693,1.611234,1.612694
0,1,APC-0,1.348510,1.341319,13.639921,13.627007
0,1,APC-1,0.135742,0.137837,13.971239,13.963447
0,1,APC-2,0.203722,0.205418,13.832223,13.823120
0,1,APC-3,0.203315,0.207834,13.971239,13.960602
0,1,CHQ-1,1.860788,1.885018,17.725441,17.719019
0,1,PLT-0,0.715338,0.733895,13.667228,13.663168
0,1,PLT-1,0.310677,0.461080,13.694590,13.697270
0,1,PLT-10,1.585659,1.568209,14.111653,14.109402
0,1,PLT-11,0.243412,0.404533,14.168212,14.167687
0,1,PLT-2,0.471894,0.586252,13.777005,13.772639
0,1,PLT-3,1.529591,1.456443,14.139904,14.132490
0,1,PLT-4,1.680347,1.620524,14.111653,14.116929
0,1,PLT-5,0.168807,0.170096,14.111653,14.102366
0,1,PLT-6,0.068495,0.068524,14.139904,14.127458
0,1,PLT-7,0.170163,0.172056,14.111653,14.120228
0,1,PLT-8,0.064506,0.065016,14.139904,14.148462
0,1,PLT-9,0.281675,0.465612,14.111653,14.106799
0,1,UGS-0,0.070581,0.070612,1.734987,1.735763
0,1,UGS-1,0.153662,0.153161,1.624175,1.624043
0,1,UGS-10,0.057097,0.057096,1.548056,1.547480
0,1,UGS-11,0.143848,0.143458,1.569882,1.569069
0,1,UGS-12,0.061483,0.061417,1.551156,1.550295
0,1,UGS-13,0.131994,0.132640,1.617692,1.617109
0,1,UGS-14,0.051664,0.051760,1.569882,1.570702
0,1,UGS-15,0.057671,0.057228,1.637221,1.636437
0,1,UGS-16,0.137931,0.137949,1.560490,1.561210
0,1,UGS-2,0.134391,0.136264,1.566745,1.566276
0,1,UGS-20,0.057902,0.058061,1.617692,1.617385
0,1,UGS-21,0.139876,0.140030,1.520441,1.518817
0,1,UGS-22,0.146168,0.145598,1.502304,1.500781
0,1,UGS-23,0.145003,0.145299,1.563615,1.562676
0,1,UGS-24,0.138207,0.138905,1.627427,1.627327
0,1,UGS-25,0.055078,0.055315,1.627427,1.628238
0,1,UGS-26,0.136559,0.136929,1.532653,1.532413
0,1,UGS-27,0.058018,0.058259,1.611234,1.611845
0,1,UGS-28,0.148823,0.148555,1.576174,1.576754
0,1,UGS-29,0.058601,0.058559,1.630685,1.630483
0,1,UGS-3,0.065284,0.065407,1.611234,1.610964
0,1,UGS-4,0.056303,0.056278,1.690459,1.689224
0,1,UGS-5,0.128606,0.128143,1.576174,1.574846
0,1,UGS-6,0.055410,0.055275,1.604802,1.605001
0,1,UGS-7,0.060749,0.061743,1.548056,1.547291
0,1,UGS-8,0.142132,0.141803,1.573024,1.572081
0,1,UGS-9,0.160253,0.159780,1.611234,1.611886
0,2,APC-0,1.345815,1.342562,13.639921,13.625987
0,2,APC-1,0.135742,0.138558,13.971239,13.964051
0,2,APC-2,0.203315,0.206812,13.832223,13.821231
0,2,APC-3,0.203315,0.207946,13.971239,13.963492
0,2,CHQ-1,1.860788,1.851901,17.725441,17.716414
0,2,PLT-0,0.718205,0.748797,13.667228,13.664016
0,2,PLT-1,0.308819,0.457731,13.694590,13.701697
0,2,PLT-10,1.585659,1.572384,14.111653,14.111313
0,2,PLT-11,0.243412,0.393002,14.168212,14.172653
0,2,PLT-2,0.471894,0.568072,13.777005,13.772034
0,2,PLT-3,1.532653,1.485426,14.139904,14.125933
0,2,PLT-4,1.680347,1.650226,14.111653,14.118929
0,2,PLT-5,0.168469,0.169308,14.111653,14.105255
0,2,PLT-6,0.068495,0.068038,14.139904,14.129099
0,2,PLT-7,0.170503,0.170381,14.111653,14.117066
0,2,PLT-8,0.064506,0.064606,14.139904,14.154349
0,2,PLT-9,0.280551,0.464303,14.111653,14.114455
0,2,UGS-0,0.070722,0.070765,1.734987,1.735115
0,2,UGS-1,0.153662,0.153126,1.624175,1.623869
0,2,UGS-10,0.057097,0.057218,1.548056,1.547639
0,2,UGS-11,0.143848,0.143825,1.569882,1.569325
0,2,UGS-12,0.061483,0.061149,1.551156,1.550534
0,2,UGS-13,0.131994,0.132858,1.617692,1.617619
0,2,UGS-14,0.051560,0.051760,1.569882,1.570853
0,2,UGS-15,0.057671,0.057094,1.637221,1.635771
0,2,UGS-16,0.137931,0.138024,1.560490,1.560874
0,2,UGS-2,0.134391,0.136119,1.566745,1.566096
0,2,UGS-20,0.057902,0.057900,1.617692,1.617190
0,2,UGS-21,0.139876,0.140236,1.520441,1.519307
0,2,UGS-22,0.146168,0.146111,1.502304,1.500981
0,2,UGS-23,0.145003,0.145170,1.563615,1.562218
0,2,UGS-24,0.138484,0.138553,1.627427,1.626820
0,2,UGS-25,0.055078,0.054993,1.627427,1.628414
0,2,UGS-26,0.136559,0.136042,1.532653,1.532005
0,2,UGS-27,0.058018,0.058342,1.611234,1.612035
0,2,UGS-28,0.148823,0.149216,1.576174,1.577526
0,2,UGS-29,0.058601,0.059045,1.630685,1.630209
0,2,UGS-3,0.065284,0.065017,1.611234,1.610597
0,2,UGS-4,0.056303,0.056120,1.687082,1.688607
0,2,UGS-5,0.128606,0.128852,1.573024,1.574084
0,2,UGS-6,0.055521,0.055679,1.604802,1.604347
0,2,UGS-7,0.060749,0.061537,1.548056,1.547354
0,2,UGS-8,0.142132,0.142109,1.573024,1.572343
0,2,UGS-9,0.159933,0.159982,1.611234,1.611904
0,3,APC-0,1.348510,1.336916,13.639921,13.626475
0,3,APC-1,0.135742,0.137692,13.971239,13.967816
0,3,APC-2,0.203315,0.206894,13.832223,13.822858
0,3,APC-3,0.202908,0.207942,13.971239,13.961939
0,3,CHQ-1,1.860788,1.889854,17.725441,17.717592
0,3,PLT-0,0.716770,0.755709,13.667228,13.658543
0,3,PLT-1,0.310057,0.541433,13.694590,13.697756
0,3,PLT-10,1.585659,1.561252,14.111653,14.106815
0,3,PLT-11,0.243412,0.364886,14.168212,14.167350
0,3,PLT-2,0.472839,0.569127,13.777005,13.774121
0,3,PLT-3,1.529591,1.449373,14.139904,14.128242
0,3,PLT-4,1.680347,1.606768,14.111653,14.118359
0,3,PLT-5,0.168469,0.169510,14.111653,14.107992
0,3,PLT-6,0.068495,0.068487,14.139904,14.132641
0,3,PLT-7,0.170503,0.170771,14.111653,14.115708
0,3,PLT-8,0.064506,0.064675,14.139904,14.146981
0,3,PLT-9,0.282239,0.398287,14.111653,14.110612
0,3,UGS-0,0.070581,0.070542,1.734987,1.735584
0,3,UGS-1,0.153662,0.153802,1.624175,1.624004
0,3,UGS-10,0.057097,0.056929,1.548056,1.547134
0,3,UGS-11,0.143848,0.144006,1.569882,1.569106
0,3,UGS-12,0.061483,0.061318,1.551156,1.550098
0,3,UGS-13,0.132258,0.132966,1.617692,1.617604
0,3,UGS-14,0.051560,0.051764,1.569882,1.570585
0,3,UGS-15,0.057786,0.057706,1.637221,1.636025
0,3,UGS-16,0.137931,0.138972,1.560490,1.560863
0,3,UGS-2,0.134660,0.136529,1.566745,1.566355
0,3,UGS-20,0.057902,0.058056,1.617692,1.617207
0,3,UGS-21,0.139876,0.140902,1.520441,1.519339
0,3,UGS-22,0.146460,0.146342,1.502304,1.500820
0,3,UGS-23,0.145003,0.145128,1.563615,1.562716
0,3,UGS-24,0.138484,0.138926,1.627427,1.627306
0,3,UGS-25,0.055188,0.055104,1.627427,1.627976
0,3,UGS-26,0.136286,0.136780,1.532653,1.531995
0,3,UGS-27,0.058018,0.058336,1.611234,1.612306
0,3,UGS-28,0.148823,0.149389,1.576174,1.576846
0,3,UGS-29,0.058601,0.058974,1.630685,1.629820
0,3,UGS-3,0.065284,0.065328,1.611234,1.610994
0,3,UGS-4,0.056303,0.056347,1.687082,1.688875
0,3,UGS-5,0.128349,0.128434,1.576174,1.574649
0,3,UGS-6,0.055521,0.055449,1.604802,1.604366
0,3,UGS-7,0.060749,0.061568,1.548056,1.546863
0,3,UGS-8,0.142132,0.141621,1.573024,1.572685
0,3,UGS-9,0.160253,0.159709,1.611234,1.612589
0,4,APC-0,1.348510,1.330338,13.639921,13.629912
0,4,APC-1,0.135742,0.137268,13.971239,13.967954
0,4,APC-2,0.203722,0.206640,13.832223,13.820537
0,4,APC-3,0.203722,0.208286,13.971239,13.960382
0,4,CHQ-1,1.860788,1.879001,17.725441,17.716554
0,4,PLT-0,0.715338,0.731695,13.667228,13.662306
0,4,PLT-1,0.309437,0.520465,13.694590,13.702902
0,4,PLT-10,1.585659,1.542945,14.111653,14.111287
0,4,PLT-11,0.242925,0.346070,14.168212,14.170714
0,4,PLT-2,0.472839,0.558678,13.777005,13.775694
0,4,PLT-3,1.529591,1.468614,14.139904,14.130703
0,4,PLT-4,1.683711,1.611980,14.111653,14.116501
0,4,PLT-5,0.168807,0.169312,14.111653,14.105690
0,4,PLT-6,0.068358,0.068862,14.139904,14.132435
0,4,PLT-7,0.170503,0.171426,14.111653,14.118057
0,4,PLT-8,0.064377,0.064641,14.139904,14.152766
0,4,PLT-9,0.279990,0.427764,14.111653,14.112225
0,4,UGS-0,0.070581,0.070783,1.734987,1.735203
0,4,UGS-1,0.153355,0.153733,1.624175,1.624089
0,4,UGS-10,0.057211,0.056982,1.548056,1.547442
0,4,UGS-11,0.143848,0.143942,1.569882,1.568996
0,4,UGS-12,0.061483,0.061356,1.551156,1.550271
0,4,UGS-13,0.132258,0.132774,1.617692,1.617259
0,4,UGS-14,0.051560,0.051894,1.569882,1.570953
0,4,UGS-15,0.057671,0.057240,1.637221,1.636356
0,4,UGS-16,0.137931,0.138004,1.560490,1.561104
0,4,UGS-2,0.134660,0.137009,1.566745,1.566606
0,4,UGS-20,0.057902,0.058082,1.617692,1.617824
0,4,UGS-21,0.139596,0.140651,1.517403,1.518795
0,4,UGS-22,0.146460,0.146915,1.499303,1.500671
0,4,UGS-23,0.145003,0.144955,1.563615,1.562897
0,4,UGS-24,0.138484,0.138980,1.627427,1.626725
0,4,UGS-25,0.055078,0.055443,1.627427,1.628548
0,4,UGS-26,0.136286,0.137039,1.532653,1.531808
0,4,UGS-27,0.058018,0.058126,1.611234,1.612069
0,4,UGS-28,0.149120,0.149127,1.576174,1.576961
0,4,UGS-29,0.058718,0.058636,1.630685,1.630049
0,4,UGS-3,0.065284,0.065265,1.611234,1.610720
0,4,UGS-4,0.056303,0.056466,1.690459,1.689133
0,4,UGS-5,0.128349,0.128310,1.573024,1.574470
0,4,UGS-6,0.055521,0.055356,1.604802,1.604120
0,4,UGS-7,0.060628,0.061616,1.548056,1.546715
0,4,UGS-8,0.142416,0.142079,1.573024,1.572280
0,4,UGS-9,0.160253,0.159822,1.611234,1.612609
0,5,APC-0,1.348510,1.342658,13.639921,13.629833
0,5,APC-1,0.135742,0.137270,13.971239,13.966466
0,5,APC-2,0.203315,0.204287,13.832223,13.824590
0,5,APC-3,0.203315,0.209685,13.971239,13.963189
0,5,CHQ-1,1.860788,1.885649,17.725441,17.714603
0,5,PLT-0,0.718205,0.746174,13.667228,13.663975
0,5,PLT-1,0.310677,0.482751,13.694590,13.695845
0,5,PLT-10,1.585659,1.548167,14.111653,14.112848
0,5,PLT-11,0.243412,0.394375,14.168212,14.174350
0,5,PLT-2,0.473786,0.571482,13.777005,13.770761
0,5,PLT-3,1.529591,1.526914,14.139904,14.134486
0,5,PLT-4,1.683711,1.670829,14.111653,14.115013
0,5,PLT-5,0.168469,0.168727,14.111653,14.106740
0,5,PLT-6,0.068495,0.068545,14.139904,14.133879
0,5,PLT-7,0.170503,0.171532,14.111653,14.119394
0,5,PLT-8,0.064377,0.064510,14.168212,14.154390
0,5,PLT-9,0.279990,0.452424,14.111653,14.113739
0,5,UGS-0,0.070581,0.070992,1.734987,1.735063
0,5,UGS-1,0.153355,0.153437,1.624175,1.623903
0,5,UGS-10,0.057097,0.057093,1.548056,1.547142
0,5,UGS-11,0.143848,0.143483,1.569882,1.569374
0,5,UGS-12,0.061483,0.061537,1.551156,1.550856
0,5,UGS-13,0.131994,0.132624,1.617692,1.617652
0,5,UGS-14,0.051664,0.051715,1.569882,1.571023
0,5,UGS-15,0.057786,0.057339,1.637221,1.636646
0,5,UGS-16,0.137931,0.138321,1.560490,1.561525
0,5,UGS-2,0.134391,0.136825,1.566745,1.566154
0,5,UGS-20,0.058018,0.057964,1.617692,1.617422
0,5,UGS-21,0.139876,0.140333,1.517403,1.519090
0,5,UGS-22,0.146168,0.145595,1.499303,1.500398
0,5,UGS-23,0.145293,0.145394,1.563615,1.562712
0,5,UGS-24,0.138484,0.139004,1.627427,1.626830
0,5,UGS-25,0.055188,0.054954,1.627427,1.628569
0,5,UGS-26,0.136286,0.136555,1.532653,1.532438
0,5,UGS-27,0.058018,0.058276,1.611234,1.612470
0,5,UGS-28,0.149120,0.149068,1.576174,1.577175
0,5,UGS-29,0.058718,0.058567,1.630685,1.629986
0,5,UGS-3,0.065284,0.065009,1.611234,1.610896
0,5,UGS-4,0.056191,0.056195,1.687082,1.688349
0,5,UGS-5,0.128606,0.128310,1.576174,1.574569
0,5,UGS-6,0.055521,0.055389,1.604802,1.604577
0,5,UGS-7,0.060749,0.061596,1.548056,1.546701
0,5,UGS-8,0.142416,0.142735,1.573024,1.572836
0,5,UGS-9,0.160253,0.159553,1.611234,1.612183
0,6,APC-0,1.348510,1.343069,13.639921,13.628027
0,6,APC-1,0.136014,0.137811,13.971239,13.964600
0,6,APC-2,0.203315,0.204529,13.832223,13.822137
0,6,APC-3,0.203315,0.206406,13.971239,13.957604
0,6,CHQ-1,1.860788,1.877622,17.725441,17.715672
0,6,PLT-0,0.715338,0.779072,13.667228,13.663748
0,6,PLT-1,0.310057,0.440772,13.694590,13.700164
0,6,PLT-10,1.585659,1.571062,14.111653,14.105686
0,6,PLT-11,0.242925,0.310552,14.168212,14.168804
0,6,PLT-2,0.471894,0.552454,13.777005,13.775165
0,6,PLT-3,1.529591,1.519568,14.139904,14.130451
0,6,PLT-4,1.680347,1.641859,14.111653,14.114334
0,6,PLT-5,0.168469,0.169458,14.111653,14.108410
0,6,PLT-6,0.068495,0.068665,14.139904,14.129332
0,6,PLT-7,0.170163,0.171276,14.111653,14.115579
0,6,PLT-8,0.064506,0.064637,14.139904,14.151295
0,6,PLT-9,0.281675,0.413396,14.111653,14.110516
0,6,UGS-0,0.070581,0.070782,1.734987,1.735560
0,6,UGS-1,0.153662,0.153744,1.624175,1.623715
0,6,UGS-10,0.057097,0.056997,1.548056,1.547562
0,6,UGS-11,0.143848,0.143930,1.569882,1.569226
0,6,UGS-12,0.061360,0.061342,1.551156,1.550706
0,6,UGS-13,0.131994,0.132569,1.617692,1.616971
0,6,UGS-14,0.051560,0.051684,1.569882,1.570830
0,6,UGS-15,0.057786,0.057609,1.637221,1.636011
0,6,UGS-16,0.137931,0.137921,1.560490,1.560803
0,6,UGS-2,0.134660,0.135642,1.566745,1.565967
0,6,UGS-20,0.058018,0.057973,1.617692,1.616859
0,6,UGS-21,0.139876,0.140386,1.520441,1.519181
0,6,UGS-22,0.146168,0.146018,1.502304,1.501037
0,6,UGS-23,0.145003,0.145467,1.560490,1.561983
0,6,UGS-24,0.138484,0.139060,1.627427,1.627333
0,6,UGS-25,0.055078,0.055197,1.627427,1.628795
0,6,UGS-26,0.136559,0.136288,1.532653,1.532219
0,6,UGS-27,0.058018,0.058130,1.611234,1.612114
0,6,UGS-28,0.148823,0.148860,1.576174,1.577003
0,6,UGS-29,0.058601,0.058946,1.630685,1.629932
0,6,UGS-3,0.065284,0.065202,1.611234,1.610488
0,6,UGS-4,0.056191,0.056299,1.687082,1.688566
0,6,UGS-5,0.128606,0.128261,1.573024,1.574622
0,6,UGS-6,0.055410,0.055456,1.604802,1.604152
0,6,UGS-7,0.060628,0.061423,1.548056,1.546923
0,6,UGS-8,0.141848,0.142367,1.573024,1.572011
0,6,UGS-9,0.160253,0.159666,1.611234,1.612337
0,7,APC-0,1.348510,1.342854,13.612669,13.626564
0,7,APC-1,0.136014,0.137874,13.971239,13.962546
0,7,APC-2,0.203315,0.204480,13.832223,13.825031
0,7,APC-3,0.203315,0.207614,13.971239,13.960150
0,7,CHQ-1,1.860788,1.866360,17.725441,17.719351
0,7,PLT-0,0.716770,0.764719,13.667228,13.657506
0,7,PLT-1,0.308819,0.441277,13.694590,13.699099
0,7,PLT-10,1.582491,1.560168,14.111653,14.112373
0,7,PLT-11,0.242925,0.407783,14.168212,14.171397
0,7,PLT-2,0.471894,0.563465,13.777005,13.775986
0,7,PLT-3,1.529591,1.495577,14.139904,14.129146
0,7,PLT-4,1.680347,1.672560,14.111653,14.114125
0,7,PLT-5,0.168807,0.169176,14.111653,14.104333
0,7,PLT-6,0.068495,0.068597,14.139904,14.135614
0,7,PLT-7,0.170503,0.171871,14.111653,14.119276
0,7,PLT-8,0.064377,0.064533,14.139904,14.149301
0,7,PLT-9,0.282804,0.481666,14.111653,14.109420
0,7,UGS-0,0.070581,0.070683,1.734987,1.735051
0,7,UGS-1,0.153662,0.153951,1.624175,1.623897
0,7,UGS-10,0.057097,0.056887,1.548056,1.547615
0,7,UGS-11,0.143848,0.143607,1.569882,1.568948
0,7,UGS-12,0.061483,0.061356,1.551156,1.550243
0,7,UGS-13,0.131994,0.132075,1.617692,1.617297
0,7,UGS-14,0.051560,0.051741,1.569882,1.571058
0,7,UGS-15,0.057786,0.057479,1.637221,1.636187
0,7,UGS-16,0.137931,0.138440,1.560490,1.561025
0,7,UGS-2,0.134660,0.136024,1.566745,1.566815
0,7,UGS-20,0.058018,0.058036,1.617692,1.616792
0,7,UGS-21,0.139876,0.140375,1.520441,1.519276
0,7,UGS-22,0.146460,0.145969,1.502304,1.501040
0,7,UGS-23,0.145293,0.145380,1.563615,1.562113
0,7,UGS-24,0.138484,0.138818,1.627427,1.626577
0,7,UGS-25,0.055078,0.055060,1.627427,1.628208
0,7,UGS-26,0.136559,0.136339,1.532653,1.532444
0,7,UGS-27,0.057902,0.058249,1.611234,1.612131
0,7,UGS-28,0.148823,0.149035,1.576174,1.576636
0,7,UGS-29,0.058718,0.058796,1.630685,1.629962
0,7,UGS-3,0.065284,0.065186,1.611234,1.610129
0,7,UGS-4,0.056191,0.056353,1.690459,1.688903
0,7,UGS-5,0.128606,0.128252,1.573024,1.574468
0,7,UGS-6,0.055521,0.055511,1.604802,1.605029
0,7,UGS-7,0.060749,0.061488,1.548056,1.547450
0,7,UGS-8,0.142132,0.142112,1.573024,1.572875
0,7,UGS-9,0.159933,0.159737,1.611234,1.612390
0,8,APC-0,1.348510,1.343967,13.639921,13.627542
0,8,APC-1,0.136286,0.137922,13.971239,13.967526
0,8,APC-2,0.203315,0.205651,13.832223,13.822597
0,8,APC-3,0.203315,0.206620,13.971239,13.959064
0,8,CHQ-1,1.864514,1.878194,17.725441,17.717900
0,8,PLT-0,0.716770,0.768545,13.667228,13.661471
0,8,PLT-1,0.310057,0.448310,13.694590,13.701504
0,8,PLT-10,1.585659,1.577987,14.111653,14.107445
0,8,PLT-11,0.243412,0.403210,14.168212,14.169250
0,8,PLT-2,0.470951,0.581588,13.777005,13.778041
0,8,PLT-3,1.526535,1.498771,14.139904,14.127976
0,8,PLT-4,1.680347,1.656904,14.111653,14.115257
0,8,PLT-5,0.168807,0.168785,14.111653,14.103516
0,8,PLT-6,0.068495,0.068530,14.139904,14.132760
0,8,PLT-7,0.170503,0.170858,14.111653,14.117305
0,8,PLT-8,0.064377,0.064651,14.139904,14.152036
0,8,PLT-9,0.281112,0.441448,14.111653,14.111672
0,8,UGS-0,0.070581,0.070729,1.734987,1.735560
0,8,UGS-1,0.153970,0.153494,1.624175,1.623858
0,8,UGS-10,0.057097,0.056910,1.548056,1.547854
0,8,UGS-11,0.143848,0.143767,1.569882,1.569769
0,8,UGS-12,0.061483,0.061395,1.551156,1.550285
0,8,UGS-13,0.131994,0.132242,1.617692,1.617214
0,8,UGS-14,0.051560,0.051687,1.569882,1.570895
0,8,UGS-15,0.057671,0.057382,1.637221,1.636727
0,8,UGS-16,0.137931,0.137982,1.560490,1.561317
0,8,UGS-2,0.134391,0.135886,1.566745,1.566136
0,8,UGS-20,0.058018,0.058061,1.617692,1.617445
0,8,UGS-21,0.140156,0.140601,1.517403,1.518625
0,8,UGS-22,0.146168,0.145909,1.502304,1.500786
0,8,UGS-23,0.145293,0.145278,1.563615,1.562723
0,8,UGS-24,0.138484,0.139031,1.627427,1.627260
0,8,UGS-25,0.055078,0.055143,1.627427,1.627695
0,8,UGS-26,0.136559,0.136187,1.532653,1.531941
0,8,UGS-27,0.057902,0.058142,1.611234,1.612346
0,8,UGS-28,0.149120,0.148944,1.576174,1.576917
0,8,UGS-29,0.058718,0.058966,1.630685,1.630036
0,8,UGS-3,0.065284,0.065069,1.611234,1.610816
0,8,UGS-4,0.056303,0.056356,1.687082,1.688566
0,8,UGS-5,0.128349,0.128396,1.573024,1.574034
0,8,UGS-6,0.055410,0.055435,1.604802,1.604315
0,8,UGS-7,0.060749,0.061372,1.548056,1.547316
0,8,UGS-8,0.141848,0.142341,1.573024,1.572356
0,8,UGS-9,0.160253,0.159461,1.611234,1.612341
0,9,APC-0,1.348510,1.339408,13.612669,13.625010
0,9,APC-1,0.136014,0.137555,13.971239,13.966713
0,9,APC-2,0.203722,0.204953,13.832223,13.823497
0,9,APC-3,0.203315,0.206263,13.971239,13.963097
0,9,CHQ-1,1.860788,1.877198,17.725441,17.715310
0,9,PLT-0,0.715338,0.742543,13.667228,13.658392
0,9,PLT-1,0.308819,0.538233,13.694590,13.700585
0,9,PLT-10,1.588834,1.506056,14.111653,14.105348
0,9,PLT-11,0.242925,0.358990,14.168212,14.172051
0,9,PLT-2,0.473786,0.576371,13.777005,13.773910
0,9,PLT-3,1.532653,1.495302,14.139904,14.134666
0,9,PLT-4,1.680347,1.610732,14.111653,14.113250
0,9,PLT-5,0.168807,0.169006,14.111653,14.105653
0,9,PLT-6,0.068358,0.068802,14.139904,14.131063
0,9,PLT-7,0.170503,0.172071,14.111653,14.117132
0,9,PLT-8,0.064377,0.065323,14.139904,14.147731
0,9,PLT-9,0.281675,0.359721,14.111653,14.109944
0,9,UGS-0,0.070722,0.070749,1.734987,1.735071
0,9,UGS-1,0.153355,0.153920,1.624175,1.624008
0,9,UGS-10,0.057097,0.056938,1.548056,1.547194
0,9,UGS-11,0.144136,0.143246,1.569882,1.569647
0,9,UGS-12,0.061483,0.061237,1.551156,1.550281
0,9,UGS-13,0.131994,0.132222,1.617692,1.617619
0,9,UGS-14,0.051664,0.051657,1.569882,1.570407
0,9,UGS-15,0.057671,0.057451,1.637221,1.636016
0,9,UGS-16,0.138207,0.138749,1.560490,1.560684
0,9,UGS-2,0.134660,0.137103,1.566745,1.566562
0,9,UGS-20,0.057902,0.057959,1.617692,1.616952
0,9,UGS-21,0.139876,0.140505,1.517403,1.518840
0,9,UGS-22,0.146168,0.146761,1.502304,1.501059
0,9,UGS-23,0.145293,0.144748,1.563615,1.562585
0,9,UGS-24,0.138484,0.138316,1.627427,1.626711
0,9,UGS-25,0.055078,0.055296,1.627427,1.628320
0,9,UGS-26,0.136559,0.136763,1.532653,1.532005
0,9,UGS-27,0.057902,0.058230,1.611234,1.611887
0,9,UGS-28,0.149120,0.148014,1.576174,1.576948
0,9,UGS-29,0.058718,0.058738,1.630685,1.629593
0,9,UGS-3,0.065284,0.065205,1.611234,1.610684
0,9,UGS-4,0.056303,0.056288,1.687082,1.688898
0,9,UGS-5,0.128349,0.127937,1.573024,1.574873
0,9,UGS-6,0.055410,0.055595,1.604802,1.604873
0,9,UGS-7,0.060628,0.061713,1.548056,1.546484
0,9,UGS-8,0.142132,0.141933,1.573024,1.572552
0,9,UGS-9,0.160253,0.159333,1.611234,1.612894
1,0,APC-0,1.348510,1.323104,13.639921,13.627718
1,0,APC-1,0.136014,0.137933,13.971239,13.967244
1,0,APC-2,0.203315,0.205255,13.832223,13.820816
1,0,APC-3,0.203315,0.210489,13.971239,13.960940
1,0,CHQ-1,1.860788,1.871038,17.725441,17.721081
1,0,PLT-0,0.715338,0.737546,13.667228,13.664737
1,0,PLT-1,0.310677,0.518275,13.694590,13.697709
1,0,PLT-10,1.585659,1.572174,14.111653,14.109477
1,0,PLT-11,0.242925,0.434532,14.168212,14.173104
1,0,PLT-2,0.472839,0.587291,13.777005,13.774303
1,0,PLT-3,1.529591,1.492399,14.139904,14.126217
1,0,PLT-4,1.680347,1.614812,14.111653,14.112338
1,0,PLT-5,0.168807,0.169393,14.111653,14.103876
1,0,PLT-6,0.068358,0.068461,14.139904,14.130003
1,0,PLT-7,0.170503,0.171858,14.111653,14.114542
1,0,PLT-8,0.064377,0.064767,14.139904,14.152961
1,0,PLT-9,0.281112,0.474864,14.111653,14.111167
1,0,UGS-0,0.070581,0.070817,1.734987,1.735001
1,0,UGS-1,0.153662,0.153988,1.624175,1.624053
1,0,UGS-10,0.057097,0.057172,1.548056,1.547448
1,0,UGS-11,0.144136,0.143719,1.569882,1.569511
1,0,UGS-12,0.061483,0.061167,1.551156,1.550653
1,0,UGS-13,0.131994,0.133229,1.617692,1.617615
1,0,UGS-14,0.051560,0.051566,1.569882,1.570491
1,0,UGS-15,0.057671,0.057291,1.637221,1.636192
1,0,UGS-16,0.137931,0.138318,1.560490,1.561065
1,0,UGS-2,0.134660,0.136489,1.566745,1.566403
1,0,UGS-20,0.057902,0.058003,1.617692,1.617594
1,0,UGS-21,0.139876,0.140551,1.520441,1.519266
1,0,UGS-22,0.146168,0.146138,1.499303,1.500882
1,0,UGS-23,0.145003,0.145447,1.563615,1.563247
1,0,UGS-24,0.138484,0.138944,1.627427,1.627017
1,0,UGS-25,0.055078,0.055207,1.627427,1.628063
1,0,UGS-26,0.136286,0.136949,1.532653,1.532486
1,0,UGS-27,0.057902,0.057937,1.611234,1.612023
1,0,UGS-28,0.148823,0.148676,1.576174,1.576906
1,0,UGS-29,0.058718,0.058993,1.630685,1.630315
1,0,UGS-3,0.065284,0.064854,1.611234,1.610484
1,0,UGS-4,0.056303,0.056345,1.690459,1.688707
1,0,UGS-5,0.128606,0.127924,1.573024,1.574331
1,0,UGS-6,0.055521,0.055335,1.604802,1.604027
1,0,UGS-7,0.060628,0.061821,1.548056,1.547103
1,0,UGS-8,0.142132,0.141964,1.573024,1.572411
1,0,UGS-9,0.160253,0.158913,1.611234,1.612793
1,1,APC-0,1.348510,1.326595,13.612669,13.623347
1,1,APC-1,0.135742,0.138165,13.971239,13.962627
1,1,APC-2,0.203722,0.206480,13.832223,13.822283
1,1,APC-3,0.203315,0.211187,13.971239,13.960725
1,1,CHQ-1,1.860788,1.864303,17.725441,17.717513
1,1,PLT-0,0.716770,0.749941,13.667228,13.663281
1,1,PLT-1,0.308819,0.515868,13.694590,13.700102
1,1,PLT-10,1.585659,1.534928,14.111653,14.112147
1,1,PLT-11,0.242925,0.433563,14.168212,14.171951
1,1,PLT-2,0.471894,0.594273,13.777005,13.774804
1,1,PLT-3,1.529591,1.463215,14.139904,14.129061
1,1,PLT-4,1.683711,1.631042,14.111653,14.112745
1,1,PLT-5,0.168469,0.169250,14.111653,14.108938
1,1,PLT-6,0.068495,0.068627,14.139904,14.132925
1,1,PLT-7,0.170503,0.172177,14.111653,14.114494
1,1,PLT-8,0.064377,0.065114,14.139904,14.146066
1,1,PLT-9,0.280551,0.402261,14.111653,14.112892
1,1,UGS-0,0.070581,0.070920,1.734987,1.735105
1,1,UGS-1,0.153662,0.152987,1.624175,1.624170
1,1,UGS-10,0.057097,0.057094,1.548056,1.547651
1,1,UGS-11,0.143848,0.143735,1.569882,1.568989
1,1,UGS-12,0.061483,0.061636,1.551156,1.550516
1,1,UGS-13,0.131994,0.133116,1.617692,1.617667
1,1,UGS-14,0.051560,0.051752,1.569882,1.570491
1,1,UGS-15,0.057786,0.057258,1.637221,1.635782
1,1,UGS-16,0.137931,0.138563,1.560490,1.561446
1,1,UGS-2,0.134660,0.135639,1.566745,1.566409
1,1,UGS-20,0.057902,0.058019,1.617692,1.617260
1,1,UGS-21,0.139876,0.140224,1.517403,1.518581
1,1,UGS-22,0.146168,0.145822,1.499303,1.500533
1,1,UGS-23,0.145003,0.145020,1.563615,1.562040
1,1,UGS-24,0.138761,0.138882,1.627427,1.626739
1,1,UGS-25,0.055078,0.055005,1.627427,1.628310
1,1,UGS-26,0.136286,0.137063,1.532653,1.532180
1,1,UGS-27,0.058018,0.058452,1.611234,1.612283
1,1,UGS-28,0.149120,0.148772,1.576174,1.576911
1,1,UGS-29,0.058718,0.058966,1.630685,1.629991
1,1,UGS-3,0.065284,0.065040,1.611234,1.610478
1,1,UGS-4,0.056303,0.056330,1.690459,1.688937
1,1,UGS-5,0.128606,0.128256,1.573024,1.574431
1,1,UGS-6,0.055521,0.055344,1.604802,1.604583
1,1,UGS-7,0.060749,0.061102,1.548056,1.547138
1,1,UGS-8,0.142132,0.141786,1.573024,1.572216
1,1,UGS-9,0.160253,0.159615,1.611234,1.612611
1,2,APC-0,1.348510,1.335564,13.612669,13.622739
1,2,APC-1,0.136014,0.137423,13.971239,13.961366
1,2,APC-2,0.203315,0.205126,13.804586,13.818736
1,2,APC-3,0.202908,0.208434,13.971239,13.961840
1,2,CHQ-1,1.860788,1.852895,17.725441,17.713029
1,2,PLT-0,0.716770,0.762731,13.667228,13.657624
1,2,PLT-1,0.310057,0.498473,13.694590,13.700205
1,2,PLT-10,1.585659,1.562799,14.111653,14.108841
1,2,PLT-11,0.242925,0.375152,14.168212,14.167657
1,2,PLT-2,0.472839,0.572103,13.777005,13.773798
1,2,PLT-3,1.529591,1.491210,14.139904,14.132479
1,2,PLT-4,1.680347,1.649112,14.111653,14.113838
1,2,PLT-5,0.168807,0.169822,14.111653,14.106468
1,2,PLT-6,0.068358,0.068823,14.139904,14.130010
1,2,PLT-7,0.170163,0.172065,14.111653,14.114433
1,2,PLT-8,0.064377,0.064340,14.139904,14.151490
1,2,PLT-9,0.281112,0.441043,14.111653,14.109882
1,2,UGS-0,0.070581,0.070233,1.734987,1.734854
1,2,UGS-1,0.153662,0.153410,1.624175,1.624370
1,2,UGS-10,0.057097,0.056880,1.548056,1.547327
1,2,UGS-11,0.144136,0.143516,1.569882,1.569816
1,2,UGS-12,0.061483,0.061362,1.551156,1.550446
1,2,UGS-13,0.132258,0.132577,1.617692,1.617567
1,2,UGS-14,0.051560,0.051722,1.569882,1.571086
1,2,UGS-15,0.057786,0.057202,1.637221,1.635932
1,2,UGS-16,0.138207,0.138499,1.560490,1.560967
1,2,UGS-2,0.134660,0.136080,1.566745,1.566099
1,2,UGS-20,0.058018,0.058147,1.617692,1.617320
1,2,UGS-21,0.139876,0.140415,1.520441,1.519846
1,2,UGS-22,0.146460,0.146458,1.502304,1.500908
1,2,UGS-23,0.145003,0.145076,1.563615,1.562546
1,2,UGS-24,0.138484,0.138353,1.627427,1.626440
1,2,UGS-25,0.055078,0.055457,1.627427,1.628088
1,2,UGS-26,0.136286,0.136223,1.532653,1.531879
1,2,UGS-27,0.057902,0.058108,1.611234,1.612214
1,2,UGS-28,0.148823,0.149188,1.576174,1.577190
1,2,UGS-29,0.058601,0.058910,1.630685,1.629620
1,2,UGS-3,0.065284,0.064944,1.611234,1.610580
1,2,UGS-4,0.056303,0.056155,1.687082,1.688662
1,2,UGS-5,0.128349,0.128495,1.576174,1.574583
1,2,UGS-6,0.055410,0.055569,1.604802,1.604015
1,2,UGS-7,0.060749,0.061636,1.548056,1.547618
1,2,UGS-8,0.142132,0.142360,1.573024,1.572169
1,2,UGS-9,0.160253,0.158522,1.611234,1.612331
1,3,APC-0,1.348510,1.331026,13.639921,13.627732
1,3,APC-1,0.135742,0.137673,13.971239,13.964892
1,3,APC-2,0.203315,0.206387,13.832223,13.822474
1,3,APC-3,0.203315,0.210211,13.971239,13.959847
1,3,CHQ-1,1.860788,1.875806,17.725441,17.718300
1,3,PLT-0,0.719643,0.755285,13.667228,13.655935
1,3,PLT-1,0.309437,0.498053,13.694590,13.697885
1,3,PLT-10,1.585659,1.550899,14.111653,14.112568
1,3,PLT-11,0.243412,0.472621,14.168212,14.168267
1,3,PLT-2,0.473786,0.570816,13.777005,13.779947
1,3,PLT-3,1.529591,1.489937,14.139904,14.130582
1,3,PLT-4,1.680347,1.604080,14.111653,14.113308
1,3,PLT-5,0.168469,0.169974,14.111653,14.108721
1,3,PLT-6,0.068358,0.068621,14.139904,14.129254
1,3,PLT-7,0.170503,0.172079,14.111653,14.118302
1,3,PLT-8,0.064377,0.064438,14.139904,14.153141
1,3,PLT-9,0.280551,0.456656,14.111653,14.109687
1,3,UGS-0,0.070581,0.070648,1.734987,1.735277
1,3,UGS-1,0.153355,0.153284,1.624175,1.624383
1,3,UGS-10,0.057097,0.056978,1.548056,1.547467
1,3,UGS-11,0.144136,0.143783,1.569882,1.568651
1,3,UGS-12,0.061483,0.061344,1.551156,1.550954
1,3,UGS-13,0.131994,0.132338,1.617692,1.618026
1,3,UGS-14,0.051560,0.051745,1.569882,1.571103
1,3,UGS-15,0.057786,0.057526,1.637221,1.636432
1,3,UGS-16,0.137931,0.138544,1.560490,1.561301
1,3,UGS-2,0.134391,0.135697,1.566745,1.567101
1,3,UGS-20,0.057902,0.057918,1.617692,1.617298
1,3,UGS-21,0.139596,0.140452,1.520441,1.518914
1,3,UGS-22,0.146168,0.146420,1.502304,1.501428
1,3,UGS-23,0.145293,0.145525,1.563615,1.562322
1,3,UGS-24,0.138484,0.138982,1.627427,1.626655
1,3,UGS-25,0.055188,0.055185,1.627427,1.628191
1,3,UGS-26,0.136286,0.136633,1.532653,1.532689
1,3,UGS-27,0.058018,0.058131,1.611234,1.612064
1,3,UGS-28,0.149120,0.149059,1.576174,1.577052
1,3,UGS-29,0.058718,0.059081,1.630685,1.630140
1,3,UGS-3,0.065284,0.065068,1.611234,1.611249
1,3,UGS-4,0.056191,0.056321,1.687082,1.688890
1,3,UGS-5,0.128606,0.128370,1.573024,1.573810
1,3,UGS-6,0.055410,0.055278,1.604802,1.603971
1,3,UGS-7,0.060628,0.061847,1.548056,1.547000
1,3,UGS-8,0.142132,0.142131,1.573024,1.572578
1,3,UGS-9,0.160253,0.159434,1.611234,1.612505
1,4,APC-0,1.348510,1.344847,13.612669,13.627488
1,4,APC-1,0.136014,0.138440,13.971239,13.963752
1,4,APC-2,0.203315,0.204938,13.832223,13.824336
1,4,APC-3,0.202908,0.209235,13.943325,13.957458
1,4,CHQ-1,1.860788,1.886585,17.725441,17.713981
1,4,PLT-0,0.715338,0.779472,13.667228,13.659531
1,4,PLT-1,0.310057,0.539624,13.694590,13.694919
1,4,PLT-10,1.585659,1.524218,14.111653,14.108148
1,4,PLT-11,0.242925,0.401424,14.168212,14.170326
1,4,PLT-2,0.473786,0.595346,13.777005,13.770697
1,4,PLT-3,1.529591,1.487564,14.139904,14.129233
1,4,PLT-4,1.680347,1.624081,14.111653,14.115047
1,4,PLT-5,0.168807,0.170326,14.111653,14.106372
1,4,PLT-6,0.068358,0.068478,14.139904,14.133412
1,4,PLT-7,0.170163,0.172559,14.111653,14.119575
1,4,PLT-8,0.064506,0.064879,14.139904,14.152819
1,4,PLT-9,0.279990,0.405679,14.111653,14.111209
1,4,UGS-0,0.070581,0.070771,1.734987,1.735000
1,4,UGS-1,0.153355,0.154819,1.624175,1.624039
1,4,UGS-10,0.057097,0.057026,1.548056,1.547226
1,4,UGS-11,0.143848,0.143860,1.569882,1.570003
1,4,UGS-12,0.061483,0.061439,1.551156,1.550688
1,4,UGS-13,0.132258,0.133004,1.617692,1.617008
1,4,UGS-14,0.051560,0.051847,1.569882,1.571138
1,4,UGS-15,0.057786,0.057491,1.637221,1.636321
1,4,UGS-16,0.137931,0.138325,1.560490,1.560814
1,4,UGS-2,0.134660,0.135824,1.566745,1.566233
1,4,UGS-20,0.058018,0.058015,1.617692,1.617443
1,4,UGS-21,0.139876,0.140753,1.520441,1.519395
1,4,UGS-22,0.146168,0.146129,1.499303,1.500642
1,4,UGS-23,0.145003,0.145043,1.563615,1.562475
1,4,UGS-24,0.138484,0.138723,1.627427,1.626591
1,4,UGS-25,0.055078,0.055277,1.627427,1.628735
1,4,UGS-26,0.136286,0.136912,1.532653,1.531962
1,4,UGS-27,0.058134,0.058515,1.611234,1.611870
1,4,UGS-28,0.148823,0.148123,1.576174,1.576886
1,4,UGS-29,0.058601,0.059018,1.630685,1.630428
1,4,UGS-3,0.065284,0.065135,1.611234,1.610495
1,4,UGS-4,0.056191,0.056166,1.690459,1.689292
1,4,UGS-5,0.128349,0.128492,1.573024,1.574189
1,4,UGS-6,0.055410,0.055381,1.604802,1.603975
1,4,UGS-7,0.060628,0.061643,1.548056,1.547325
1,4,UGS-8,0.142132,0.141937,1.573024,1.572709
1,4,UGS-9,0.160253,0.159153,1.611234,1.612890
1,5,APC-0,1.348510,1.334620,13.639921,13.628256
1,5,APC-1,0.136014,0.138047,13.971239,13.964791
1,5,APC-2,0.203722,0.207064,13.832223,13.823457
1,5,APC-3,0.203315,0.207177,13.943325,13.959527
1,5,CHQ-1,1.860788,1.873720,17.725441,17.715398
1,5,PLT-0,0.716770,0.744150,13.667228,13.659524
1,5,PLT-1,0.310057,0.503930,13.694590,13.702293
1,5,PLT-10,1.585659,1.579638,14.111653,14.109832
1,5,PLT-11,0.243412,0.390293,14.168212,14.172008
1,5,PLT-2,0.473786,0.543198,13.777005,13.771849
1,5,PLT-3,1.529591,1.504996,14.139904,14.129236
1,5,PLT-4,1.683711,1.637677,14.111653,14.118860
1,5,PLT-5,0.168807,0.169181,14.111653,14.103250
1,5,PLT-6,0.068358,0.068663,14.139904,14.133056
1,5,PLT-7,0.170503,0.171606,14.111653,14.111490
1,5,PLT-8,0.064506,0.064617,14.139904,14.147111
1,5,PLT-9,0.281675,0.348502,14.111653,14.112343
1,5,UGS-0,0.070581,0.070852,1.734987,1.735564
1,5,UGS-1,0.153662,0.153620,1.624175,1.623431
1,5,UGS-10,0.057097,0.057131,1.548056,1.547443
1,5,UGS-11,0.144136,0.143813,1.569882,1.569254
1,5,UGS-12,0.061483,0.061224,1.551156,1.550581
1,5,UGS-13,0.131994,0.132921,1.617692,1.617100
1,5,UGS-14,0.051560,0.051670,1.569882,1.570461
1,5,UGS-15,0.057786,0.057396,1.637221,1.636185
1,5,UGS-16,0.137931,0.138295,1.560490,1.561216
1,5,UGS-2,0.134660,0.136241,1.566745,1.566634
1,5,UGS-20,0.058018,0.058022,1.617692,1.617497
1,5,UGS-21,0.139876,0.140449,1.520441,1.519218
1,5,UGS-22,0.146460,0.146166,1.499303,1.500577
1,5,UGS-23,0.145003,0.145119,1.563615,1.562494
1,5,UGS-24,0.138207,0.138866,1.627427,1.626979
1,5,UGS-25,0.055078,0.055179,1.627427,1.628170
1,5,UGS-26,0.136286,0.136197,1.532653,1.531966
1,5,UGS-27,0.058018,0.058129,1.611234,1.611628
1,5,UGS-28,0.148823,0.148745,1.576174,1.576849
1,5,UGS-29,0.058718,0.058441,1.630685,1.629695
1,5,UGS-3,0.065284,0.064966,1.611234,1.610962
1,5,UGS-4,0.056303,0.056099,1.687082,1.688519
1,5,UGS-5,0.128606,0.128925,1.573024,1.574174
1,5,UGS-6,0.055410,0.055504,1.604802,1.604358
1,5,UGS-7,0.060749,0.061399,1.548056,1.547270
1,5,UGS-8,0.142132,0.141895,1.573024,1.572244
1,5,UGS-9,0.160253,0.159337,1.611234,1.612357
1,6,APC-0,1.348510,1.343313,13.612669,13.626606
1,6,APC-1,0.135742,0.137880,13.971239,13.966404
1,6,APC-2,0.203722,0.204324,13.832223,13.822027
1,6,APC-3,0.203315,0.208137,13.971239,13.959272
1,6,CHQ-1,1.860788,1.870678,17.725441,17.714172
1,6,PLT-0,0.716770,0.771298,13.667228,13.662268
1,6,PLT-1,0.310057,0.431034,13.694590,13.700002
1,6,PLT-10,1.585659,1.582305,14.111653,14.109721
1,6,PLT-11,0.242925,0.398099,14.168212,14.168727
1,6,PLT-2,0.472839,0.499430,13.777005,13.774184
1,6,PLT-3,1.529591,1.461173,14.139904,14.131484
1,6,PLT-4,1.680347,1.667619,14.111653,14.116282
1,6,PLT-5,0.168807,0.169302,14.111653,14.106490
1,6,PLT-6,0.068495,0.068682,14.139904,14.137425
1,6,PLT-7,0.170503,0.171576,14.111653,14.117241
1,6,PLT-8,0.064506,0.064644,14.139904,14.153541
1,6,PLT-9,0.279990,0.377976,14.111653,14.111256
1,6,UGS-0,0.070581,0.070614,1.734987,1.735771
1,6,UGS-1,0.153662,0.154076,1.624175,1.623775
1,6,UGS-10,0.057097,0.056899,1.548056,1.547481
1,6,UGS-11,0.144136,0.143929,1.569882,1.569137
1,6,UGS-12,0.061483,0.061397,1.551156,1.550455
1,6,UGS-13,0.131994,0.132322,1.617692,1.617163
1,6,UGS-14,0.051560,0.051636,1.569882,1.570524
1,6,UGS-15,0.057671,0.057378,1.637221,1.636455
1,6,UGS-16,0.138207,0.138025,1.560490,1.560738
1,6,UGS-2,0.134391,0.136207,1.566745,1.566466
1,6,UGS-20,0.058018,0.058081,1.617692,1.617306
1,6,UGS-21,0.139876,0.140497,1.517403,1.518879
1,6,UGS-22,0.146168,0.146216,1.502304,1.501133
1,6,UGS-23,0.145003,0.145345,1.563615,1.562349
1,6,UGS-24,0.138484,0.139100,1.627427,1.627051
1,6,UGS-25,0.055188,0.055135,1.627427,1.628284
1,6,UGS-26,0.136559,0.136096,1.532653,1.532502
1,6,UGS-27,0.058018,0.058208,1.611234,1.612290
1,6,UGS-28,0.148823,0.149021,1.576174,1.577038
1,6,UGS-29,0.058601,0.058937,1.630685,1.629755
1,6,UGS-3,0.065154,0.065018,1.611234,1.610599
1,6,UGS-4,0.056303,0.056367,1.690459,1.688860
1,6,UGS-5,0.128606,0.128578,1.573024,1.574459
1,6,UGS-6,0.055410,0.055464,1.604802,1.604147
1,6,UGS-7,0.060749,0.061414,1.548056,1.547300
1,6,UGS-8,0.142132,0.142097,1.573024,1.572323
1,6,UGS-9,0.160253,0.159051,1.611234,1.612013
1,7,APC-0,1.345815,1.342426,13.639921,13.628268
1,7,APC-1,0.136014,0.137110,13.971239,13.966099
1,7,APC-2,0.203315,0.204436,13.832223,13.820370
1,7,APC-3,0.203315,0.207154,13.971239,13.961509
1,7,CHQ-1,1.860788,1.863223,17.725441,17.718044
1,7,PLT-0,0.713909,0.774532,13.667228,13.658828
1,7,PLT-1,0.310677,0.426267,13.694590,13.698712
1,7,PLT-10,1.585659,1.569201,14.111653,14.108481
1,7,PLT-11,0.242925,0.298329,14.168212,14.170161
1,7,PLT-2,0.473786,0.517184,13.777005,13.771626
1,7,PLT-3,1.529591,1.497032,14.139904,14.131412
1,7,PLT-4,1.680347,1.663978,14.111653,14.118217
1,7,PLT-5,0.168807,0.169031,14.111653,14.104109
1,7,PLT-6,0.068358,0.068520,14.139904,14.131784
1,7,PLT-7,0.170503,0.170941,14.111653,14.119502
1,7,PLT-8,0.064377,0.064709,14.139904,14.149037
1,7,PLT-9,0.281675,0.352831,14.111653,14.111475
1,7,UGS-0,0.070581,0.070797,1.734987,1.734895
1,7,UGS-1,0.153970,0.153696,1.624175,1.624480
1,7,UGS-10,0.057097,0.056909,1.548056,1.547660
1,7,UGS-11,0.143848,0.143773,1.569882,1.568979
1,7,UGS-12,0.061483,0.061343,1.551156,1.550767
1,7,UGS-13,0.131994,0.132356,1.617692,1.617494
1,7,UGS-14,0.051560,0.051700,1.569882,1.570690
1,7,UGS-15,0.057671,0.057354,1.637221,1.635905
1,7,UGS-16,0.138207,0.138339,1.560490,1.561194
1,7,UGS-2,0.134391,0.135476,1.566745,1.566344
1,7,UGS-20,0.058018,0.058007,1.617692,1.617190
1,7,UGS-21,0.139876,0.140307,1.520441,1.519046
1,7,UGS-22,0.146168,0.146198,1.499303,1.500751
1,7,UGS-23,0.145293,0.145434,1.563615,1.562281
1,7,UGS-24,0.138761,0.139075,1.627427,1.626886
1,7,UGS-25,0.055078,0.055208,1.627427,1.627841
1,7,UGS-26,0.136559,0.136471,1.532653,1.532126
1,7,UGS-27,0.058018,0.058283,1.611234,1.612044
1,7,UGS-28,0.149120,0.148984,1.576174,1.577185
1,7,UGS-29,0.058601,0.058920,1.630685,1.630329
1,7,UGS-3,0.065284,0.065094,1.611234,1.610932
1,7,UGS-4,0.056303,0.056374,1.687082,1.688457
1,7,UGS-5,0.128606,0.128300,1.576174,1.574716
1,7,UGS-6,0.055521,0.055559,1.604802,1.604324
1,7,UGS-7,0.060749,0.061675,1.548056,1.546939
1,7,UGS-8,0.142132,0.142340,1.573024,1.572760
1,7,UGS-9,0.160253,0.159499,1.611234,1.612115
1,8,APC-0,1.348510,1.343762,13.612669,13.625809
1,8,APC-1,0.135742,0.136914,13.971239,13.964546
1,8,APC-2,0.203722,0.204980,13.804586,13.818487
1,8,APC-3,0.202908,0.207986,13.971239,13.959600
1,8,CHQ-1,1.860788,1.866113,17.725441,17.717325
1,8,PLT-0,0.715338,0.745594,13.667228,13.661076
1,8,PLT-1,0.310057,0.506955,13.694590,13.699615
1,8,PLT-10,1.585659,1.580805,14.111653,14.108291
1,8,PLT-11,0.242925,0.365722,14.168212,14.168657
1,8,PLT-2,0.471894,0.567612,13.777005,13.772914
1,8,PLT-3,1.529591,1.486245,14.139904,14.127130
1,8,PLT-4,1.680347,1.667428,14.111653,14.118998
1,8,PLT-5,0.168807,0.169044,14.111653,14.108591
1,8,PLT-6,0.068495,0.068574,14.139904,14.130975
1,8,PLT-7,0.170503,0.171390,14.111653,14.114938
1,8,PLT-8,0.064377,0.064606,14.139904,14.151722
1,8,PLT-9,0.281112,0.410567,14.111653,14.109940
1,8,UGS-0,0.070722,0.070765,1.734987,1.735173
1,8,UGS-1,0.153970,0.153403,1.624175,1.624225
1,8,UGS-10,0.056983,0.056931,1.548056,1.547197
1,8,UGS-11,0.143848,0.143802,1.569882,1.569200
1,8,UGS-12,0.061483,0.061310,1.551156,1.550745
1,8,UGS-13,0.132258,0.132768,1.617692,1.617144
1,8,UGS-14,0.051560,0.051707,1.569882,1.570524
1,8,UGS-15,0.057671,0.057505,1.637221,1.636201
1,8,UGS-16,0.138207,0.138232,1.560490,1.561000
1,8,UGS-2,0.134391,0.135279,1.566745,1.566581
1,8,UGS-20,0.058018,0.058079,1.617692,1.616883
1,8,UGS-21,0.139876,0.140400,1.520441,1.519622
1,8,UGS-22,0.146168,0.145968,1.502304,1.500833
1,8,UGS-23,0.145003,0.145290,1.563615,1.562542
1,8,UGS-24,0.138484,0.138962,1.627427,1.626512
1,8,UGS-25,0.055078,0.055076,1.627427,1.628627
1,8,UGS-26,0.136559,0.136621,1.532653,1.532182
1,8,UGS-27,0.057902,0.058240,1.611234,1.612540
1,8,UGS-28,0.149120,0.148899,1.576174,1.577419
1,8,UGS-29,0.058601,0.058779,1.630685,1.630371
1,8,UGS-3,0.065284,0.065223,1.611234,1.610701
1,8,UGS-4,0.056303,0.056277,1.690459,1.688929
1,8,UGS-5,0.128606,0.128378,1.573024,1.574299
1,8,UGS-6,0.055410,0.055414,1.604802,1.603548
1,8,UGS-7,0.060749,0.061333,1.548056,1.546661
1,8,UGS-8,0.142132,0.141847,1.573024,1.572151
1,8,UGS-9,0.160253,0.159946,1.611234,1.612453
1,9,APC-0,1.348510,1.346196,13.639921,13.626843
1,9,APC-1,0.135742,0.137320,13.971239,13.965547
1,9,APC-2,0.203722,0.204978,13.832223,13.819360
1,9,APC-3,0.203315,0.212445,13.971239,13.959329
1,9,CHQ-1,1.860788,1.880037,17.725441,17.711794
1,9,PLT-0,0.716770,0.730737,13.667228,13.657528
1,9,PLT-1,0.310057,0.526602,13.694590,13.697464
1,9,PLT-10,1.585659,1.575690,14.111653,14.113384
1,9,PLT-11,0.243412,0.419309,14.168212,14.170837
1,9,PLT-2,0.471894,0.566200,13.777005,13.776991
1,9,PLT-3,1.529591,1.502283,14.139904,14.132076
1,9,PLT-4,1.683711,1.651623,14.111653,14.117132
1,9,PLT-5,0.168469,0.170002,14.111653,14.108605
1,9,PLT-6,0.068358,0.068637,14.139904,14.130350
1,9,PLT-7,0.170503,0.171689,14.111653,14.116831
1,9,PLT-8,0.064506,0.064615,14.139904,14.150981
1,9,PLT-9,0.280551,0.431709,14.111653,14.110607
1,9,UGS-0,0.070581,0.070885,1.734987,1.735529
1,9,UGS-1,0.153662,0.154203,1.624175,1.623732
1,9,UGS-10,0.057097,0.056983,1.548056,1.547652
1,9,UGS-11,0.144136,0.143664,1.569882,1.568563
1,9,UGS-12,0.061483,0.061670,1.551156,1.550367
1,9,UGS-13,0.132258,0.133198,1.617692,1.617655
1,9,UGS-14,0.051560,0.051725,1.569882,1.571208
1,9,UGS-15,0.057671,0.057282,1.637221,1.635953
1,9,UGS-16,0.137931,0.138448,1.560490,1.561118
1,9,UGS-2,0.134391,0.136140,1.566745,1.566038
1,9,UGS-20,0.058018,0.058237,1.617692,1.617162
1,9,UGS-21,0.139876,0.140420,1.517403,1.518430
1,9,UGS-22,0.146168,0.146372,1.499303,1.500986
1,9,UGS-23,0.145003,0.145032,1.560490,1.561863
1,9,UGS-24,0.138761,0.139102,1.627427,1.627132
1,9,UGS-25,0.055078,0.055506,1.627427,1.629193
1,9,UGS-26,0.136286,0.136645,1.532653,1.532047
1,9,UGS-27,0.057902,0.058162,1.611234,1.612235
1,9,UGS-28,0.148823,0.148384,1.576174,1.576616
1,9,UGS-29,0.058718,0.059057,1.630685,1.630149
1,9,UGS-3,0.065284,0.064919,1.611234,1.610458
1,9,UGS-4,0.056303,0.056462,1.687082,1.688481
1,9,UGS-5,0.128349,0.128328,1.576174,1.574776
1,9,UGS-6,0.055410,0.055382,1.604802,1.604231
1,9,UGS-7,0.060628,0.061306,1.548056,1.546829
1,9,UGS-8,0.142132,0.142049,1.573024,1.572220
1,9,UGS-9,0.160253,0.158855,1.611234,1.612315
2,0,APC-0,1.348510,1.317837,13.639921,13.628696
2,0,APC-1,0.135742,0.137836,13.971239,13.962418
2,0,APC-2,0.203722,0.206083,13.832223,13.824062
2,0,APC-3,0.202908,0.210241,13.971239,13.958907
2,0,CHQ-1,1.860788,1.878534,17.725441,17.715343
2,0,PLT-0,0.715338,0.755000,13.667228,13.660227
2,0,PLT-1,0.309437,0.509741,13.694590,13.699755
2,0,PLT-10,1.585659,1.540183,14.111653,14.107893
2,0,PLT-11,0.243412,0.408762,14.168212,14.166643
2,0,PLT-2,0.472839,0.566256,13.777005,13.772904
2,0,PLT-3,1.529591,1.432782,14.139904,14.130660
2,0,PLT-4,1.683711,1.631827,14.111653,14.120312
2,0,PLT-5,0.168807,0.170001,14.111653,14.104844
2,0,PLT-6,0.068358,0.068563,14.139904,14.131744
2,0,PLT-7,0.170163,0.171509,14.111653,14.115039
2,0,PLT-8,0.064377,0.064636,14.139904,14.149897
2,0,PLT-9,0.281112,0.396760,14.111653,14.109078
2,0,UGS-0,0.070581,0.070875,1.734987,1.734960
2,0,UGS-1,0.153662,0.153360,1.624175,1.624030
2,0,UGS-10,0.057097,0.057014,1.548056,1.547594
2,0,UGS-11,0.143848,0.142978,1.569882,1.568778
2,0,UGS-12,0.061483,0.061212,1.551156,1.550145
2,0,UGS-13,0.131994,0.132203,1.617692,1.617808
2,0,UGS-14,0.051560,0.051683,1.569882,1.570632
2,0,UGS-15,0.057671,0.057247,1.637221,1.636375
2,0,UGS-16,0.137931,0.138335,1.560490,1.561095
2,0,UGS-2,0.134391,0.135963,1.566745,1.566620
2,0,UGS-20,0.057902,0.058028,1.617692,1.617322
2,0,UGS-21,0.139876,0.140827,1.520441,1.519560
2,0,UGS-22,0.146168,0.145867,1.499303,1.500691
2,0,UGS-23,0.145003,0.145577,1.563615,1.562500
2,0,UGS-24,0.138484,0.139034,1.627427,1.626729
2,0,UGS-25,0.055078,0.055138,1.627427,1.628705
2,0,UGS-26,0.136559,0.136164,1.532653,1.532425
2,0,UGS-27,0.057902,0.058473,1.611234,1.611930
2,0,UGS-28,0.148823,0.148384,1.576174,1.577092
2,0,UGS-29,0.058601,0.058962,1.630685,1.629694
2,0,UGS-3,0.065284,0.065373,1.611234,1.610784
2,0,UGS-4,0.056303,0.056364,1.690459,1.689101
2,0,UGS-5,0.128349,0.128229,1.576174,1.574773
2,0,UGS-6,0.055410,0.055345,1.604802,1.605083
2,0,UGS-7,0.060628,0.061880,1.548056,1.546894
2,0,UGS-8,0.142132,0.141772,1.573024,1.572064
2,0,UGS-9,0.160253,0.159067,1.611234,1.612717
2,1,APC-0,1.348510,1.325690,13.639921,13.629572
2,1,APC-1,0.136014,0.137890,13.971239,13.963899
2,1,APC-2,0.203315,0.206118,13.832223,13.823235
2,1,APC-3,0.203315,0.209317,13.971239,13.963298
2,1,CHQ-1,1.860788,1.882054,17.725441,17.719807
2,1,PLT-0,0.718205,0.763253,13.667228,13.662820
2,1,PLT-1,0.310677,0.501437,13.694590,13.700942
2,1,PLT-10,1.585659,1.548596,14.111653,14.106228
2,1,PLT-11,0.242925,0.344906,14.168212,14.170473
2,1,PLT-2,0.471894,0.536194,13.777005,13.775925
2,1,PLT-3,1.532653,1.493317,14.139904,14.130827
2,1,PLT-4,1.683711,1.647966,14.111653,14.112183
2,1,PLT-5,0.168807,0.168856,14.111653,14.108782
2,1,PLT-6,0.068495,0.068455,14.139904,14.130852
2,1,PLT-7,0.170163,0.172073,14.111653,14.118455
2,1,PLT-8,0.064506,0.064902,14.139904,14.150332
2,1,PLT-9,0.281112,0.410962,14.111653,14.111491
2,1,UGS-0,0.070581,0.070924,1.734987,1.735191
2,1,UGS-1,0.153662,0.153377,1.624175,1.624099
2,1,UGS-10,0.057097,0.056924,1.548056,1.547520
2,1,UGS-11,0.144136,0.143367,1.569882,1.568718
2,1,UGS-12,0.061483,0.061525,1.551156,1.550199
2,1,UGS-13,0.131994,0.132920,1.617692,1.617372
2,1,UGS-14,0.051560,0.051586,1.569882,1.571093
2,1,UGS-15,0.057671,0.057198,1.637221,1.637058
2,1,UGS-16,0.137931,0.138205,1.560490,1.561194
2,1,UGS-2,0.134660,0.134509,1.566745,1.566496
2,1,UGS-20,0.057902,0.058073,1.617692,1.617498
2,1,UGS-21,0.139876,0.140143,1.520441,1.519199
2,1,UGS-22,0.146460,0.146219,1.502304,1.500664
2,1,UGS-23,0.145003,0.144175,1.563615,1.561782
2,1,UGS-24,0.138761,0.138947,1.627427,1.627013
2,1,UGS-25,0.055078,0.055247,1.627427,1.628362
2,1,UGS-26,0.136559,0.136503,1.532653,1.532216
2,1,UGS-27,0.058018,0.058075,1.611234,1.612151
2,1,UGS-28,0.148823,0.149210,1.576174,1.577214
2,1,UGS-29,0.058601,0.058718,1.630685,1.630384
2,1,UGS-3,0.065284,0.065004,1.611234,1.610770
2,1,UGS-4,0.056303,0.056343,1.687082,1.688337
2,1,UGS-5,0.128349,0.128582,1.573024,1.574200
2,1,UGS-6,0.055521,0.055503,1.604802,1.604385
2,1,UGS-7,0.060749,0.061331,1.548056,1.547399
2,1,UGS-8,0.142132,0.142186,1.573024,1.572316
2,1,UGS-9,0.160253,0.159599,1.611234,1.611979
2,2,APC-0,1.348510,1.343671,13.639921,13.630653
2,2,APC-1,0.136014,0.137838,13.971239,13.963182
2,2,APC-2,0.203315,0.205407,13.832223,13.821307
2,2,APC-3,0.202908,0.208017,13.971239,13.963992
2,2,CHQ-1,1.860788,1.876050,17.725441,17.718836
2,2,PLT-0,0.716770,0.726043,13.667228,13.662067
2,2,PLT-1,0.310057,0.490387,13.694590,13.696012
2,2,PLT-10,1.585659,1.559427,14.111653,14.107674
2,2,PLT-11,0.242925,0.387074,14.168212,14.174189
2,2,PLT-2,0.472839,0.577907,13.777005,13.774772
2,2,PLT-3,1.529591,1.502523,14.111653,14.124762
2,2,PLT-4,1.680347,1.666383,14.111653,14.117000
2,2,PLT-5,0.168807,0.168981,14.111653,14.105273
2,2,PLT-6,0.068495,0.068620,14.139904,14.129402
2,2,PLT-7,0.170503,0.170801,14.111653,14.113291
2,2,PLT-8,0.064506,0.064795,14.139904,14.151278
2,2,PLT-9,0.281675,0.387627,14.111653,14.109925
2,2,UGS-0,0.070581,0.070902,1.734987,1.735398
2,2,UGS-1,0.153970,0.152683,1.624175,1.624438
2,2,UGS-10,0.057097,0.057056,1.548056,1.547041
2,2,UGS-11,0.143848,0.143639,1.569882,1.569696
2,2,UGS-12,0.061483,0.061277,1.551156,1.550502
2,2,UGS-13,0.131994,0.132387,1.617692,1.617138
2,2,UGS-14,0.051560,0.051745,1.569882,1.570939
2,2,UGS-15,0.057786,0.057547,1.637221,1.636347
2,2,UGS-16,0.137931,0.138260,1.560490,1.561267
2,2,UGS-2,0.134391,0.137266,1.566745,1.566159
2,2,UGS-20,0.057902,0.058032,1.617692,1.617433
2,2,UGS-21,0.139876,0.140394,1.520441,1.519409
2,2,UGS-22,0.146460,0.145969,1.502304,1.500731
2,2,UGS-23,0.145003,0.145570,1.563615,1.562427
2,2,UGS-24,0.138484,0.139315,1.627427,1.626700
2,2,UGS-25,0.055078,0.055085,1.627427,1.628287
2,2,UGS-26,0.136286,0.136232,1.532653,1.532758
2,2,UGS-27,0.058018,0.058277,1.611234,1.611793
2,2,UGS-28,0.148823,0.149027,1.576174,1.577287
2,2,UGS-29,0.058718,0.058744,1.630685,1.630302
2,2,UGS-3,0.065415,0.065275,1.611234,1.611409
2,2,UGS-4,0.056303,0.056353,1.690459,1.688967
2,2,UGS-5,0.128349,0.128563,1.576174,1.574694
2,2,UGS-6,0.055410,0.055463,1.604802,1.604211
2,2,UGS-7,0.060749,0.061878,1.548056,1.546828
2,2,UGS-8,0.142132,0.142118,1.573024,1.572915
2,2,UGS-9,0.160253,0.158770,1.611234,1.612484
2,3,APC-0,1.348510,1.342315,13.639921,13.627893
2,3,APC-1,0.135742,0.137984,13.971239,13.967698
2,3,APC-2,0.203722,0.205718,13.832223,13.825514
2,3,APC-3,0.203315,0.209111,13.971239,13.962727
2,3,CHQ-1,1.860788,1.874404,17.725441,17.716964
2,3,PLT-0,0.715338,0.748963,13.667228,13.664725
2,3,PLT-1,0.309437,0.487562,13.694590,13.700036
2,3,PLT-10,1.582491,1.558626,14.111653,14.106252
2,3,PLT-11,0.242925,0.295450,14.168212,14.169550
2,3,PLT-2,0.472839,0.572893,13.777005,13.773936
2,3,PLT-3,1.529591,1.465558,14.139904,14.129516
2,3,PLT-4,1.683711,1.615086,14.111653,14.110735
2,3,PLT-5,0.168807,0.168097,14.111653,14.103400
2,3,PLT-6,0.068495,0.068541,14.139904,14.131683
2,3,PLT-7,0.170503,0.171712,14.111653,14.115087
2,3,PLT-8,0.064377,0.064734,14.139904,14.155123
2,3,PLT-9,0.281112,0.455321,14.111653,14.110007
2,3,UGS-0,0.070722,0.070610,1.734987,1.735413
2,3,UGS-1,0.153970,0.153716,1.624175,1.623928
2,3,UGS-10,0.057097,0.056953,1.548056,1.547709
2,3,UGS-11,0.144136,0.143608,1.569882,1.569167
2,3,UGS-12,0.061483,0.061505,1.551156,1.550179
2,3,UGS-13,0.132258,0.132769,1.617692,1.617380
2,3,UGS-14,0.051560,0.051828,1.569882,1.570898
2,3,UGS-15,0.057786,0.057038,1.637221,1.635967
2,3,UGS-16,0.137931,0.138120,1.560490,1.560696
2,3,UGS-2,0.134660,0.135704,1.566745,1.566502
2,3,UGS-20,0.058018,0.058228,1.617692,1.617199
2,3,UGS-21,0.139876,0.140414,1.520441,1.518890
2,3,UGS-22,0.146168,0.145883,1.502304,1.501152
2,3,UGS-23,0.145293,0.145236,1.563615,1.562200
2,3,UGS-24,0.138761,0.138826,1.627427,1.626788
2,3,UGS-25,0.055078,0.055396,1.627427,1.628212
2,3,UGS-26,0.136286,0.136700,1.532653,1.532473
2,3,UGS-27,0.058018,0.057943,1.611234,1.612490
2,3,UGS-28,0.149120,0.149072,1.576174,1.577116
2,3,UGS-29,0.058718,0.058683,1.630685,1.629739
2,3,UGS-3,0.065284,0.065135,1.611234,1.610971
2,3,UGS-4,0.056191,0.056475,1.687082,1.688693
2,3,UGS-5,0.128349,0.127989,1.573024,1.573873
2,3,UGS-6,0.055410,0.055246,1.604802,1.604249
2,3,UGS-7,0.060749,0.060965,1.548056,1.547175
2,3,UGS-8,0.142132,0.142278,1.573024,1.572575
2,3,UGS-9,0.160253,0.159078,1.611234,1.612370
2,4,APC-0,1.348510,1.315365,13.639921,13.627635
2,4,APC-1,0.136014,0.137511,13.971239,13.967338
2,4,APC-2,0.203722,0.206076,13.832223,13.820973
2,4,APC-3,0.203722,0.206854,13.971239,13.960979
2,4,CHQ-1,1.860788,1.889109,17.725441,17.719266
2,4,PLT-0,0.713909,0.762636,13.667228,13.658314
2,4,PLT-1,0.310677,0.452722,13.694590,13.699665
2,4,PLT-10,1.585659,1.545046,14.111653,14.109823
2,4,PLT-11,0.242925,0.422196,14.168212,14.171985
2,4,PLT-2,0.472839,0.569810,13.777005,13.773157
2,4,PLT-3,1.529591,1.489537,14.139904,14.129134
2,4,PLT-4,1.683711,1.670949,14.111653,14.111973
2,4,PLT-5,0.168807,0.169474,14.111653,14.108273
2,4,PLT-6,0.068495,0.068636,14.139904,14.127981
2,4,PLT-7,0.170503,0.172406,14.111653,14.119571
2,4,PLT-8,0.064506,0.064486,14.139904,14.150771
2,4,PLT-9,0.280551,0.438571,14.111653,14.112107
2,4,UGS-0,0.070581,0.070826,1.734987,1.735691
2,4,UGS-1,0.153662,0.153532,1.624175,1.623696
2,4,UGS-10,0.057211,0.056718,1.548056,1.547994
2,4,UGS-11,0.143848,0.143563,1.569882,1.569340
2,4,UGS-12,0.061483,0.061394,1.551156,1.550734
2,4,UGS-13,0.131994,0.133044,1.617692,1.617617
2,4,UGS-14,0.051560,0.051769,1.569882,1.570833
2,4,UGS-15,0.057671,0.057578,1.637221,1.636255
2,4,UGS-16,0.137931,0.137828,1.560490,1.560791
2,4,UGS-2,0.134660,0.136231,1.566745,1.566357
2,4,UGS-20,0.058018,0.058060,1.617692,1.617199
2,4,UGS-21,0.139876,0.140673,1.520441,1.519412
2,4,UGS-22,0.146168,0.145656,1.502304,1.500752
2,4,UGS-23,0.145003,0.145480,1.563615,1.562758
2,4,UGS-24,0.138484,0.139108,1.627427,1.626744
2,4,UGS-25,0.055078,0.055209,1.627427,1.628037
2,4,UGS-26,0.136559,0.137074,1.532653,1.532437
2,4,UGS-27,0.058018,0.058035,1.611234,1.612293
2,4,UGS-28,0.148823,0.148325,1.576174,1.576829
2,4,UGS-29,0.058601,0.058817,1.630685,1.629981
2,4,UGS-3,0.065284,0.065169,1.611234,1.610772
2,4,UGS-4,0.056303,0.056273,1.687082,1.688134
2,4,UGS-5,0.128349,0.128472,1.573024,1.574174
2,4,UGS-6,0.055521,0.055404,1.604802,1.604894
2,4,UGS-7,0.060749,0.061569,1.548056,1.547229
2,4,UGS-8,0.142132,0.142472,1.573024,1.572430
2,4,UGS-9,0.160253,0.159158,1.611234,1.612109
2,5,APC-0,1.348510,1.346819,13.639921,13.627291
2,5,APC-1,0.136014,0.137341,13.971239,13.963616
2,5,APC-2,0.203722,0.205712,13.832223,13.819298
2,5,APC-3,0.203315,0.208587,13.971239,13.962802
2,5,CHQ-1,1.857070,1.874563,17.725441,17.716628
2,5,PLT-0,0.718205,0.746724,13.667228,13.657898
2,5,PLT-1,0.310057,0.486497,13.694590,13.700745
2,5,PLT-10,1.585659,1.561079,14.111653,14.101986
2,5,PLT-11,0.242925,0.330549,14.168212,14.168141
2,5,PLT-2,0.472839,0.548930,13.777005,13.770294
2,5,PLT-3,1.526535,1.455927,14.139904,14.132475
2,5,PLT-4,1.680347,1.667228,14.111653,14.116892
2,5,PLT-5,0.168807,0.169265,14.111653,14.104345
2,5,PLT-6,0.068495,0.068390,14.139904,14.128144
2,5,PLT-7,0.170503,0.171759,14.111653,14.118431
2,5,PLT-8,0.064248,0.064701,14.139904,14.144517
2,5,PLT-9,0.281675,0.496310,14.111653,14.108601
2,5,UGS-0,0.070581,0.070734,1.734987,1.735483
2,5,UGS-1,0.153662,0.154436,1.624175,1.624252
2,5,UGS-10,0.057097,0.057152,1.548056,1.546877
2,5,UGS-11,0.143848,0.143733,1.569882,1.570014
2,5,UGS-12,0.061483,0.061577,1.551156,1.550351
2,5,UGS-13,0.131994,0.132567,1.617692,1.617331
2,5,UGS-14,0.051664,0.051840,1.569882,1.570504
2,5,UGS-15,0.057786,0.057262,1.637221,1.636264
2,5,UGS-16,0.137931,0.138222,1.560490,1.560790
2,5,UGS-2,0.134660,0.136411,1.566745,1.566839
2,5,UGS-20,0.057902,0.057990,1.617692,1.617579
2,5,UGS-21,0.139876,0.141007,1.520441,1.519020
2,5,UGS-22,0.146168,0.146887,1.502304,1.501190
2,5,UGS-23,0.145293,0.145093,1.563615,1.562151
2,5,UGS-24,0.138484,0.138478,1.627427,1.627004
2,5,UGS-25,0.055078,0.054983,1.627427,1.628276
2,5,UGS-26,0.136286,0.136855,1.532653,1.532045
2,5,UGS-27,0.058134,0.058181,1.611234,1.612000
2,5,UGS-28,0.148823,0.148700,1.576174,1.576669
2,5,UGS-29,0.058601,0.058647,1.630685,1.629966
2,5,UGS-3,0.065284,0.065151,1.611234,1.610587
2,5,UGS-4,0.056303,0.056269,1.687082,1.688706
2,5,UGS-5,0.128606,0.128562,1.573024,1.574060
2,5,UGS-6,0.055410,0.055445,1.604802,1.604906
2,5,UGS-7,0.060749,0.062029,1.548056,1.547082
2,5,UGS-8,0.142132,0.142151,1.573024,1.572312
2,5,UGS-9,0.160253,0.160065,1.611234,1.612156
2,6,APC-0,1.348510,1.343072,13.639921,13.629710
2,6,APC-1,0.135742,0.137879,13.971239,13.961898
2,6,APC-2,0.203722,0.204716,13.832223,13.824041
2,6,APC-3,0.203315,0.205653,13.971239,13.964541
2,6,CHQ-1,1.860788,1.869235,17.725441,17.713512
2,6,PLT-0,0.716770,0.743338,13.667228,13.658385
2,6,PLT-1,0.309437,0.463028,13.694590,13.700920
2,6,PLT-10,1.585659,1.575566,14.111653,14.106631
2,6,PLT-11,0.243412,0.394974,14.168212,14.167319
2,6,PLT-2,0.472839,0.557249,13.777005,13.770854
2,6,PLT-3,1.529591,1.497699,14.139904,14.131132
2,6,PLT-4,1.680347,1.633437,14.111653,14.114601
2,6,PLT-5,0.168807,0.169982,14.111653,14.105510
2,6,PLT-6,0.068358,0.068659,14.139904,14.129689
2,6,PLT-7,0.170503,0.170738,14.111653,14.117199
2,6,PLT-8,0.064506,0.064719,14.139904,14.150506
2,6,PLT-9,0.281675,0.434561,14.111653,14.107958
2,6,UGS-0,0.070581,0.070613,1.734987,1.735470
2,6,UGS-1,0.153662,0.153344,1.624175,1.624340
2,6,UGS-10,0.057097,0.056974,1.548056,1.547887
2,6,UGS-11,0.143848,0.143943,1.569882,1.569627
2,6,UGS-12,0.061483,0.061296,1.551156,1.550405
2,6,UGS-13,0.132258,0.132367,1.617692,1.617810
2,6,UGS-14,0.051560,0.051585,1.569882,1.571150
2,6,UGS-15,0.057786,0.057395,1.637221,1.636037
2,6,UGS-16,0.138207,0.138316,1.560490,1.561284
2,6,UGS-2,0.134660,0.136411,1.566745,1.566167
2,6,UGS-20,0.057902,0.058037,1.617692,1.617243
2,6,UGS-21,0.139876,0.140401,1.520441,1.519200
2,6,UGS-22,0.146168,0.145861,1.499303,1.500561
2,6,UGS-23,0.145293,0.145449,1.563615,1.563142
2,6,UGS-24,0.138761,0.138975,1.627427,1.627336
2,6,UGS-25,0.055188,0.055197,1.627427,1.628209
2,6,UGS-26,0.136286,0.136406,1.532653,1.532348
2,6,UGS-27,0.058018,0.058282,1.611234,1.612409
2,6,UGS-28,0.148823,0.148939,1.576174,1.577199
2,6,UGS-29,0.058601,0.058819,1.630685,1.630067
2,6,UGS-3,0.065284,0.064993,1.611234,1.610803
2,6,UGS-4,0.056303,0.056342,1.687082,1.688652
2,6,UGS-5,0.128349,0.128228,1.576174,1.575124
2,6,UGS-6,0.055410,0.055426,1.604802,1.604437
2,6,UGS-7,0.060749,0.061756,1.548056,1.547283
2,6,UGS-8,0.142416,0.142115,1.573024,1.572578
2,6,UGS-9,0.160253,0.159578,1.611234,1.612230
2,7,APC-0,1.348510,1.346517,13.612669,13.625130
2,7,APC-1,0.136014,0.137971,13.971239,13.965462
2,7,APC-2,0.203315,0.205558,13.832223,13.821548
2,7,APC-3,0.202908,0.206927,13.943325,13.955183
2,7,CHQ-1,1.860788,1.865866,17.725441,17.713336
2,7,PLT-0,0.716770,0.760695,13.667228,13.657869
2,7,PLT-1,0.310057,0.464513,13.694590,13.699812
2,7,PLT-10,1.585659,1.581623,14.111653,14.109477
2,7,PLT-11,0.243412,0.402056,14.168212,14.168551
2,7,PLT-2,0.472839,0.566875,13.777005,13.772446
2,7,PLT-3,1.529591,1.473046,14.139904,14.133025
2,7,PLT-4,1.680347,1.668497,14.111653,14.115090
2,7,PLT-5,0.168807,0.169120,14.111653,14.108438
2,7,PLT-6,0.068358,0.068474,14.139904,14.132708
2,7,PLT-7,0.170503,0.170763,14.111653,14.117157
2,7,PLT-8,0.064377,0.064588,14.139904,14.147349
2,7,PLT-9,0.281112,0.310279,14.111653,14.110467
2,7,UGS-0,0.070722,0.070688,1.734987,1.735449
2,7,UGS-1,0.153662,0.153953,1.624175,1.623604
2,7,UGS-10,0.057097,0.056994,1.548056,1.547224
2,7,UGS-11,0.143848,0.143820,1.569882,1.568475
2,7,UGS-12,0.061360,0.061371,1.551156,1.550496
2,7,UGS-13,0.131994,0.132129,1.617692,1.617420
2,7,UGS-14,0.051560,0.051771,1.569882,1.570652
2,7,UGS-15,0.057671,0.057409,1.637221,1.636788
2,7,UGS-16,0.138207,0.138265,1.560490,1.561241
2,7,UGS-2,0.134660,0.135669,1.566745,1.566638
2,7,UGS-20,0.058018,0.058027,1.617692,1.617185
2,7,UGS-21,0.139876,0.140648,1.520441,1.518971
2,7,UGS-22,0.146168,0.145891,1.502304,1.501038
2,7,UGS-23,0.145293,0.145298,1.563615,1.562789
2,7,UGS-24,0.138484,0.139075,1.627427,1.627429
2,7,UGS-25,0.055188,0.055138,1.627427,1.628297
2,7,UGS-26,0.136286,0.136518,1.532653,1.532469
2,7,UGS-27,0.058018,0.058200,1.611234,1.611495
2,7,UGS-28,0.148823,0.148797,1.576174,1.577020
2,7,UGS-29,0.058718,0.059026,1.630685,1.630251
2,7,UGS-3,0.065284,0.065050,1.611234,1.610872
2,7,UGS-4,0.056303,0.056338,1.687082,1.688694
2,7,UGS-5,0.128349,0.128206,1.576174,1.574631
2,7,UGS-6,0.055410,0.055500,1.604802,1.603828
2,7,UGS-7,0.060628,0.061785,1.548056,1.547173
2,7,UGS-8,0.142132,0.142382,1.573024,1.572600
2,7,UGS-9,0.159933,0.159413,1.611234,1.611840
2,8,APC-0,1.348510,1.346855,13.639921,13.629801
2,8,APC-1,0.135742,0.138009,13.971239,13.968519
2,8,APC-2,0.203722,0.204598,13.832223,13.823854
2,8,APC-3,0.202908,0.209922,13.971239,13.961786
2,8,CHQ-1,1.864514,1.883346,17.725441,17.716212
2,8,PLT-0,0.715338,0.769478,13.667228,13.657112
2,8,PLT-1,0.310057,0.445970,13.694590,13.700061
2,8,PLT-10,1.585659,1.546405,14.111653,14.113483
2,8,PLT-11,0.242925,0.390203,14.168212,14.168892
2,8,PLT-2,0.472839,0.546368,13.777005,13.777738
2,8,PLT-3,1.532653,1.478467,14.139904,14.125614
2,8,PLT-4,1.680347,1.625729,14.111653,14.113684
2,8,PLT-5,0.168807,0.168549,14.111653,14.107690
2,8,PLT-6,0.068358,0.068512,14.139904,14.129796
2,8,PLT-7,0.170503,0.171697,14.111653,14.116646
2,8,PLT-8,0.064506,0.064733,14.168212,14.153851
2,8,PLT-9,0.281112,0.465881,14.111653,14.107410
2,8,UGS-0,0.070581,0.070678,1.734987,1.735806
2,8,UGS-1,0.153355,0.153308,1.624175,1.624029
2,8,UGS-10,0.057097,0.056952,1.548056,1.547074
2,8,UGS-11,0.143848,0.143814,1.569882,1.569233
2,8,UGS-12,0.061483,0.061307,1.551156,1.550282
2,8,UGS-13,0.131994,0.132286,1.617692,1.617292
2,8,UGS-14,0.051560,0.051772,1.569882,1.571572
2,8,UGS-15,0.057786,0.057437,1.637221,1.636338
2,8,UGS-16,0.137931,0.138350,1.560490,1.560923
2,8,UGS-2,0.134391,0.135743,1.566745,1.566501
2,8,UGS-20,0.057902,0.058034,1.617692,1.617067
2,8,UGS-21,0.139876,0.140582,1.520441,1.519328
2,8,UGS-22,0.146460,0.146205,1.502304,1.501068
2,8,UGS-23,0.145293,0.145690,1.563615,1.562905
2,8,UGS-24,0.138484,0.139166,1.627427,1.627052
2,8,UGS-25,0.055078,0.055322,1.627427,1.627471
2,8,UGS-26,0.136286,0.136465,1.532653,1.531900
2,8,UGS-27,0.057902,0.058365,1.611234,1.612084
2,8,UGS-28,0.148823,0.148646,1.576174,1.576652
2,8,UGS-29,0.058718,0.058778,1.630685,1.629748
2,8,UGS-3,0.065154,0.065216,1.611234,1.610940
2,8,UGS-4,0.056303,0.056282,1.690459,1.689060
2,8,UGS-5,0.128349,0.128304,1.573024,1.574764
2,8,UGS-6,0.055410,0.055385,1.604802,1.604439
2,8,UGS-7,0.060749,0.061545,1.548056,1.547150
2,8,UGS-8,0.142416,0.142434,1.573024,1.572529
2,8,UGS-9,0.160253,0.159626,1.611234,1.612300
2,9,APC-0,1.348510,1.346146,13.612669,13.624020
2,9,APC-1,0.136014,0.138257,13.971239,13.966787
2,9,APC-2,0.203315,0.205146,13.804586,13.816887
2,9,APC-3,0.203315,0.208642,13.971239,13.962909
2,9,CHQ-1,1.860788,1.872878,17.725441,17.714831
2,9,PLT-0,0.715338,0.759669,13.667228,13.666221
2,9,PLT-1,0.310057,0.498194,13.694590,13.699423
2,9,PLT-10,1.585659,1.552064,14.111653,14.109539
2,9,PLT-11,0.242925,0.343105,14.168212,14.174053
2,9,PLT-2,0.471894,0.521116,13.777005,13.776274
2,9,PLT-3,1.529591,1.483505,14.139904,14.128717
2,9,PLT-4,1.680347,1.650100,14.111653,14.115833
2,9,PLT-5,0.168807,0.169100,14.111653,14.100893
2,9,PLT-6,0.068358,0.068501,14.139904,14.130685
2,9,PLT-7,0.170503,0.172114,14.111653,14.117433
2,9,PLT-8,0.064506,0.064804,14.139904,14.151915
2,9,PLT-9,0.282239,0.363249,14.111653,14.111640
2,9,UGS-0,0.070581,0.070769,1.734987,1.736112
2,9,UGS-1,0.153662,0.153414,1.624175,1.624254
2,9,UGS-10,0.057097,0.057017,1.548056,1.547184
2,9,UGS-11,0.143848,0.143394,1.569882,1.569728
2,9,UGS-12,0.061483,0.061367,1.551156,1.550488
2,9,UGS-13,0.131994,0.132802,1.617692,1.618115
2,9,UGS-14,0.051560,0.051654,1.569882,1.570316
2,9,UGS-15,0.057671,0.057166,1.637221,1.636592
2,9,UGS-16,0.137931,0.138057,1.560490,1.561046
2,9,UGS-2,0.134391,0.135608,1.566745,1.566560
2,9,UGS-20,0.058018,0.057975,1.617692,1.617125
2,9,UGS-21,0.139876,0.140072,1.520441,1.519170
2,9,UGS-22,0.146460,0.145658,1.499303,1.500530
2,9,UGS-23,0.145293,0.144065,1.563615,1.562628
2,9,UGS-24,0.138484,0.138543,1.627427,1.627093
2,9,UGS-25,0.055078,0.054598,1.627427,1.627821
2,9,UGS-26,0.136559,0.136917,1.532653,1.532206
2,9,UGS-27,0.058018,0.057945,1.611234,1.611895
2,9,UGS-28,0.148823,0.149683,1.576174,1.576987
2,9,UGS-29,0.058601,0.058732,1.630685,1.629985
2,9,UGS-3,0.065284,0.065221,1.611234,1.610062
2,9,UGS-4,0.056303,0.056305,1.687082,1.688374
2,9,UGS-5,0.128606,0.128359,1.573024,1.574007
2,9,UGS-6,0.055521,0.055749,1.604802,1.604745
2,9,UGS-7,0.060749,0.061167,1.548056,1.546928
2,9,UGS-8,0.142132,0.141450,1.573024,1.572238
2,9,UGS-9,0.160253,0.160660,1.611234,1.612638
3,0,APC-0,1.348510,1.330566,13.639921,13.627246
3,0,APC-1,0.136014,0.138245,13.971239,13.966437
3,0,APC-2,0.203722,0.206590,13.832223,13.822718
3,0,APC-3,0.203315,0.207813,13.943325,13.956808
3,0,CHQ-1,1.860788,1.885410,17.725441,17.715324
3,0,PLT-0,0.719643,0.725577,13.667228,13.662428
3,0,PLT-1,0.308819,0.498417,13.694590,13.699592
3,0,PLT-10,1.585659,1.575857,14.111653,14.109957
3,0,PLT-11,0.243412,0.430132,14.168212,14.170699
3,0,PLT-2,0.472839,0.569506,13.777005,13.775796
3,0,PLT-3,1.529591,1.487860,14.139904,14.133124
3,0,PLT-4,1.680347,1.626512,14.111653,14.115365
3,0,PLT-5,0.168807,0.169617,14.111653,14.102334
3,0,PLT-6,0.068495,0.068735,14.139904,14.127565
3,0,PLT-7,0.170163,0.172704,14.111653,14.113950
3,0,PLT-8,0.064377,0.064716,14.139904,14.149020
3,0,PLT-9,0.280551,0.450145,14.111653,14.112180
3,0,UGS-0,0.070581,0.070762,1.734987,1.734887
3,0,UGS-1,0.153355,0.153315,1.624175,1.624059
3,0,UGS-10,0.057097,0.057055,1.548056,1.547406
3,0,UGS-11,0.143848,0.143518,1.569882,1.569322
3,0,UGS-12,0.061483,0.061243,1.551156,1.550098
3,0,UGS-13,0.131994,0.132817,1.617692,1.617154
3,0,UGS-14,0.051560,0.051701,1.569882,1.570671
3,0,UGS-15,0.057671,0.057155,1.637221,1.636550
3,0,UGS-16,0.137931,0.137577,1.560490,1.561392
3,0,UGS-2,0.134391,0.136013,1.566745,1.566677
3,0,UGS-20,0.057902,0.058064,1.617692,1.617006
3,0,UGS-21,0.139876,0.140201,1.520441,1.519181
3,0,UGS-22,0.146168,0.146557,1.502304,1.500739
3,0,UGS-23,0.145293,0.145006,1.563615,1.562178
3,0,UGS-24,0.138484,0.139004,1.627427,1.626883
3,0,UGS-25,0.055078,0.054859,1.627427,1.628328
3,0,UGS-26,0.136559,0.136506,1.532653,1.532028
3,0,UGS-27,0.057902,0.058401,1.611234,1.612229
3,0,UGS-28,0.149120,0.147908,1.576174,1.577005
3,0,UGS-29,0.058601,0.058895,1.630685,1.630296
3,0,UGS-3,0.065284,0.064871,1.611234,1.610567
3,0,UGS-4,0.056303,0.056315,1.687082,1.687739
3,0,UGS-5,0.128349,0.128870,1.573024,1.574376
3,0,UGS-6,0.055521,0.055454,1.604802,1.604448
3,0,UGS-7,0.060749,0.061748,1.548056,1.546656
3,0,UGS-8,0.142416,0.141968,1.573024,1.572339
3,0,UGS-9,0.160253,0.159062,1.611234,1.611901
3,1,APC-0,1.348510,1.325683,13.639921,13.628533
3,1,APC-1,0.136014,0.136778,13.971239,13.963265
3,1,APC-2,0.203315,0.204010,13.832223,13.825410
3,1,APC-3,0.203315,0.211498,13.943325,13.955791
3,1,CHQ-1,1.860788,1.873780,17.725441,17.716807
3,1,PLT-0,0.718205,0.764392,13.667228,13.661380
3,1,PLT-1,0.310057,0.443691,13.694590,13.697074
3,1,PLT-10,1.585659,1.559843,14.111653,14.111607
3,1,PLT-11,0.243412,0.397598,14.168212,14.170073
3,1,PLT-2,0.471894,0.564661,13.777005,13.772610
3,1,PLT-3,1.529591,1.499607,14.139904,14.128043
3,1,PLT-4,1.683711,1.657050,14.111653,14.116729
3,1,PLT-5,0.168807,0.168703,14.111653,14.103654
3,1,PLT-6,0.068495,0.068429,14.139904,14.129652
3,1,PLT-7,0.170503,0.171566,14.111653,14.118551
3,1,PLT-8,0.064377,0.064627,14.139904,14.148485
3,1,PLT-9,0.282239,0.403953,14.111653,14.115255
3,1,UGS-0,0.070581,0.070713,1.734987,1.735415
3,1,UGS-1,0.153662,0.153441,1.624175,1.623717
3,1,UGS-10,0.057097,0.057018,1.548056,1.547776
3,1,UGS-11,0.143848,0.143930,1.569882,1.568972
3,1,UGS-12,0.061360,0.061264,1.551156,1.550582
3,1,UGS-13,0.131994,0.133445,1.617692,1.617245
3,1,UGS-14,0.051560,0.051708,1.569882,1.570846
3,1,UGS-15,0.057671,0.057598,1.637221,1.636357
3,1,UGS-16,0.137931,0.137970,1.560490,1.561319
3,1,UGS-2,0.134391,0.135956,1.566745,1.566421
3,1,UGS-20,0.057902,0.058120,1.617692,1.617253
3,1,UGS-21,0.139876,0.140571,1.520441,1.518904
3,1,UGS-22,0.146460,0.146577,1.502304,1.500890
3,1,UGS-23,0.145293,0.145121,1.563615,1.562545
3,1,UGS-24,0.138207,0.139004,1.627427,1.627280
3,1,UGS-25,0.055078,0.055046,1.627427,1.628084
3,1,UGS-26,0.136559,0.135859,1.532653,1.532440
3,1,UGS-27,0.058018,0.058220,1.611234,1.612052
3,1,UGS-28,0.148823,0.149109,1.576174,1.576739
3,1,UGS-29,0.058718,0.058785,1.630685,1.629206
3,1,UGS-3,0.065415,0.065107,1.611234,1.610339
3,1,UGS-4,0.056303,0.056198,1.687082,1.688512
3,1,UGS-5,0.128349,0.128442,1.573024,1.574617
3,1,UGS-6,0.055410,0.055462,1.604802,1.604667
3,1,UGS-7,0.060749,0.061588,1.548056,1.547705
3,1,UGS-8,0.142132,0.141992,1.573024,1.572369
3,1,UGS-9,0.160253,0.159677,1.611234,1.612822
3,2,APC-0,1.348510,1.340801,13.639921,13.629915
3,2,APC-1,0.136014,0.137900,13.971239,13.965542
3,2,APC-2,0.203722,0.206868,13.832223,13.820906
3,2,APC-3,0.202908,0.207395,13.971239,13.960698
3,2,CHQ-1,1.857070,1.893182,17.725441,17.710148
3,2,PLT-0,0.716770,0.734825,13.667228,13.660942
3,2,PLT-1,0.309437,0.513870,13.694590,13.699545
3,2,PLT-10,1.585659,1.551767,14.111653,14.107835
3,2,PLT-11,0.242440,0.291705,14.168212,14.170453
3,2,PLT-2,0.471894,0.532248,13.777005,13.772103
3,2,PLT-3,1.529591,1.438628,14.139904,14.130368
3,2,PLT-4,1.683711,1.650032,14.111653,14.115292
3,2,PLT-5,0.168807,0.169695,14.111653,14.109584
3,2,PLT-6,0.068358,0.068485,14.139904,14.132027
3,2,PLT-7,0.170163,0.170876,14.111653,14.111468
3,2,PLT-8,0.064506,0.065032,14.139904,14.150501
3,2,PLT-9,0.281112,0.447378,14.111653,14.110736
3,2,UGS-0,0.070581,0.070453,1.734987,1.734970
3,2,UGS-1,0.153662,0.153479,1.624175,1.624197
3,2,UGS-10,0.057097,0.057239,1.548056,1.547334
3,2,UGS-11,0.143848,0.143616,1.569882,1.568999
3,2,UGS-12,0.061483,0.061244,1.551156,1.550229
3,2,UGS-13,0.132258,0.132644,1.617692,1.617102
3,2,UGS-14,0.051560,0.051641,1.569882,1.570764
3,2,UGS-15,0.057671,0.057252,1.637221,1.635510
3,2,UGS-16,0.137931,0.137975,1.560490,1.560659
3,2,UGS-2,0.134391,0.136635,1.566745,1.566826
3,2,UGS-20,0.058018,0.058266,1.617692,1.617689
3,2,UGS-21,0.139876,0.140395,1.520441,1.519088
3,2,UGS-22,0.146168,0.146119,1.502304,1.501086
3,2,UGS-23,0.145003,0.144945,1.563615,1.562224
3,2,UGS-24,0.138484,0.139203,1.627427,1.626752
3,2,UGS-25,0.055078,0.055120,1.627427,1.628065
3,2,UGS-26,0.136559,0.137924,1.532653,1.532169
3,2,UGS-27,0.057902,0.058081,1.611234,1.612377
3,2,UGS-28,0.148823,0.149188,1.576174,1.576832
3,2,UGS-29,0.058718,0.058875,1.630685,1.629091
3,2,UGS-3,0.065284,0.065102,1.611234,1.610783
3,2,UGS-4,0.056303,0.056090,1.687082,1.688827
3,2,UGS-5,0.128606,0.129118,1.573024,1.574623
3,2,UGS-6,0.055410,0.055394,1.604802,1.604893
3,2,UGS-7,0.060749,0.061910,1.548056,1.547152
3,2,UGS-8,0.142132,0.142493,1.573024,1.572025
3,2,UGS-9,0.160253,0.159290,1.611234,1.612224
3,3,APC-0,1.348510,1.350902,13.639921,13.629094
3,3,APC-1,0.136014,0.138225,13.971239,13.961286
3,3,APC-2,0.203722,0.206485,13.832223,13.821115
3,3,APC-3,0.202908,0.207920,13.971239,13.963522
3,3,CHQ-1,1.860788,1.883062,17.725441,17.720534
3,3,PLT-0,0.718205,0.743186,13.667228,13.660862
3,3,PLT-1,0.309437,0.447923,13.694590,13.694592
3,3,PLT-10,1.585659,1.569499,14.111653,14.108969
3,3,PLT-11,0.242925,0.422225,14.168212,14.171676
3,3,PLT-2,0.471894,0.519513,13.777005,13.771728
3,3,PLT-3,1.529591,1.461010,14.139904,14.134078
3,3,PLT-4,1.680347,1.652613,14.111653,14.112742
3,3,PLT-5,0.168807,0.169961,14.111653,14.104607
3,3,PLT-6,0.068358,0.068507,14.139904,14.128920
3,3,PLT-7,0.170503,0.171064,14.111653,14.114863
3,3,PLT-8,0.064506,0.064715,14.139904,14.153471
3,3,PLT-9,0.279990,0.427207,14.111653,14.111919
3,3,UGS-0,0.070581,0.070567,1.734987,1.735565
3,3,UGS-1,0.153355,0.154044,1.624175,1.624103
3,3,UGS-10,0.057097,0.056625,1.548056,1.547609
3,3,UGS-11,0.144136,0.144038,1.569882,1.569280
3,3,UGS-12,0.061483,0.061264,1.551156,1.550579
3,3,UGS-13,0.131994,0.132118,1.617692,1.617575
3,3,UGS-14,0.051664,0.051900,1.569882,1.570805
3,3,UGS-15,0.057671,0.057062,1.637221,1.636533
3,3,UGS-16,0.137931,0.138143,1.560490,1.561246
3,3,UGS-2,0.134391,0.136056,1.566745,1.566465
3,3,UGS-20,0.057902,0.057997,1.617692,1.617041
3,3,UGS-21,0.139876,0.140197,1.517403,1.518908
3,3,UGS-22,0.146168,0.146091,1.502304,1.501402
3,3,UGS-23,0.145003,0.145363,1.563615,1.562125
3,3,UGS-24,0.138484,0.139168,1.627427,1.626984
3,3,UGS-25,0.055078,0.055158,1.627427,1.628195
3,3,UGS-26,0.136559,0.136717,1.532653,1.532235
3,3,UGS-27,0.058134,0.058312,1.611234,1.612597
3,3,UGS-28,0.148823,0.148255,1.576174,1.576000
3,3,UGS-29,0.058718,0.058740,1.630685,1.630432
3,3,UGS-3,0.065284,0.065428,1.611234,1.611395
3,3,UGS-4,0.056303,0.056203,1.690459,1.689060
3,3,UGS-5,0.128606,0.127716,1.573024,1.574086
3,3,UGS-6,0.055521,0.055455,1.604802,1.604657
3,3,UGS-7,0.060749,0.062052,1.548056,1.547434
3,3,UGS-8,0.142132,0.141720,1.573024,1.572420
3,3,UGS-9,0.160253,0.159358,1.611234,1.611652
3,4,APC-0,1.348510,1.312096,13.639921,13.628590
3,4,APC-1,0.136014,0.139359,13.971239,13.968762
3,4,APC-2,0.203722,0.205826,13.832223,13.821298
3,4,APC-3,0.203315,0.209641,13.971239,13.958643
3,4,CHQ-1,1.860788,1.885688,17.725441,17.715808
3,4,PLT-0,0.716770,0.752188,13.667228,13.662804
3,4,PLT-1,0.310057,0.485510,13.694590,13.698944
3,4,PLT-10,1.585659,1.551098,14.111653,14.108861
3,4,PLT-11,0.242440,0.367782,14.168212,14.169748
3,4,PLT-2,0.472839,0.564471,13.777005,13.773751
3,4,PLT-3,1.529591,1.460804,14.139904,14.128789
3,4,PLT-4,1.680347,1.673932,14.111653,14.115879
3,4,PLT-5,0.168469,0.169791,14.111653,14.104635
3,4,PLT-6,0.068358,0.068815,14.139904,14.127858
3,4,PLT-7,0.170163,0.171744,14.111653,14.118548
3,4,PLT-8,0.064377,0.064665,14.139904,14.150524
3,4,PLT-9,0.282239,0.481478,14.111653,14.109819
3,4,UGS-0,0.070581,0.070891,1.734987,1.735140
3,4,UGS-1,0.153662,0.153279,1.624175,1.623810
3,4,UGS-10,0.057097,0.056962,1.548056,1.547622
3,4,UGS-11,0.144136,0.143645,1.569882,1.569496
3,4,UGS-12,0.061483,0.061275,1.551156,1.550312
3,4,UGS-13,0.131994,0.133226,1.617692,1.617151
3,4,UGS-14,0.051664,0.051732,1.569882,1.570650
3,4,UGS-15,0.057671,0.057481,1.637221,1.635787
3,4,UGS-16,0.138207,0.137693,1.560490,1.561625
3,4,UGS-2,0.134391,0.136150,1.566745,1.566487
3,4,UGS-20,0.058018,0.058167,1.617692,1.617216
3,4,UGS-21,0.139876,0.140240,1.520441,1.518971
3,4,UGS-22,0.146168,0.146329,1.502304,1.500640
3,4,UGS-23,0.145293,0.144585,1.563615,1.562548
3,4,UGS-24,0.138484,0.138678,1.627427,1.626694
3,4,UGS-25,0.055078,0.055084,1.627427,1.628221
3,4,UGS-26,0.136559,0.136192,1.532653,1.531994
3,4,UGS-27,0.057902,0.058396,1.611234,1.611852
3,4,UGS-28,0.148823,0.148622,1.576174,1.577278
3,4,UGS-29,0.058601,0.058764,1.630685,1.630519
3,4,UGS-3,0.065284,0.065281,1.611234,1.610444
3,4,UGS-4,0.056303,0.056435,1.690459,1.688900
3,4,UGS-5,0.128349,0.128454,1.576174,1.574925
3,4,UGS-6,0.055410,0.055414,1.604802,1.603878
3,4,UGS-7,0.060749,0.062010,1.548056,1.547238
3,4,UGS-8,0.142132,0.142773,1.573024,1.572075
3,4,UGS-9,0.160253,0.159442,1.611234,1.611823
3,5,APC-0,1.348510,1.320532,13.639921,13.632525
3,5,APC-1,0.136014,0.137033,13.971239,13.964628
3,5,APC-2,0.203315,0.206413,13.832223,13.825007
3,5,APC-3,0.202908,0.207851,13.971239,13.960111
3,5,CHQ-1,1.860788,1.882621,17.725441,17.718577
3,5,PLT-0,0.716770,0.772131,13.667228,13.657370
3,5,PLT-1,0.310677,0.453325,13.694590,13.701059
3,5,PLT-10,1.588834,1.540513,14.111653,14.105111
3,5,PLT-11,0.243412,0.377441,14.168212,14.172363
3,5,PLT-2,0.471894,0.543195,13.777005,13.774442
3,5,PLT-3,1.526535,1.456033,14.139904,14.127328
3,5,PLT-4,1.680347,1.658831,14.111653,14.116462
3,5,PLT-5,0.168469,0.169835,14.111653,14.106799
3,5,PLT-6,0.068358,0.068772,14.139904,14.129211
3,5,PLT-7,0.170503,0.171754,14.111653,14.116720
3,5,PLT-8,0.064377,0.065248,14.139904,14.149733
3,5,PLT-9,0.281112,0.315056,14.111653,14.112011
3,5,UGS-0,0.070581,0.070851,1.734987,1.735265
3,5,UGS-1,0.153662,0.153964,1.624175,1.623993
3,5,UGS-10,0.057097,0.056759,1.548056,1.547013
3,5,UGS-11,0.143848,0.143677,1.569882,1.569568
3,5,UGS-12,0.061483,0.061601,1.551156,1.550399
3,5,UGS-13,0.131994,0.132672,1.617692,1.617330
3,5,UGS-14,0.051560,0.051848,1.569882,1.570703
3,5,UGS-15,0.057786,0.057156,1.637221,1.636669
3,5,UGS-16,0.137931,0.138781,1.560490,1.561561
3,5,UGS-2,0.134391,0.135926,1.566745,1.566542
3,5,UGS-20,0.057902,0.058014,1.617692,1.618152
3,5,UGS-21,0.139876,0.140305,1.520441,1.519102
3,5,UGS-22,0.146168,0.145886,1.502304,1.501183
3,5,UGS-23,0.145003,0.145480,1.563615,1.562047
3,5,UGS-24,0.138484,0.138286,1.627427,1.627086
3,5,UGS-25,0.055078,0.054911,1.627427,1.628494
3,5,UGS-26,0.136286,0.136474,1.532653,1.532157
3,5,UGS-27,0.058018,0.058198,1.611234,1.612176
3,5,UGS-28,0.148823,0.149016,1.576174,1.577102
3,5,UGS-29,0.058601,0.058826,1.630685,1.629925
3,5,UGS-3,0.065284,0.065324,1.611234,1.610635
3,5,UGS-4,0.056191,0.056251,1.687082,1.688372
3,5,UGS-5,0.128349,0.129184,1.573024,1.574158
3,5,UGS-6,0.055410,0.055539,1.604802,1.604685
3,5,UGS-7,0.060628,0.061784,1.548056,1.547217
3,5,UGS-8,0.142132,0.142213,1.573024,1.572573
3,5,UGS-9,0.160253,0.159223,1.611234,1.611939
3,6,APC-0,1.348510,1.333509,13.639921,13.627657
3,6,APC-1,0.135742,0.137865,13.971239,13.967439
3,6,APC-2,0.203722,0.205729,13.832223,13.821697
3,6,APC-3,0.202908,0.206574,13.971239,13.959156
3,6,CHQ-1,1.860788,1.872895,17.725441,17.716727
3,6,PLT-0,0.715338,0.759269,13.667228,13.662878
3,6,PLT-1,0.309437,0.452795,13.694590,13.699719
3,6,PLT-10,1.585659,1.579856,14.111653,14.108886
3,6,PLT-11,0.242440,0.405910,14.168212,14.168317
3,6,PLT-2,0.473786,0.551466,13.777005,13.776784
3,6,PLT-3,1.529591,1.512197,14.139904,14.133295
3,6,PLT-4,1.680347,1.661590,14.111653,14.112381
3,6,PLT-5,0.168807,0.168961,14.111653,14.106704
3,6,PLT-6,0.068495,0.068437,14.139904,14.134215
3,6,PLT-7,0.170503,0.171485,14.111653,14.116906
3,6,PLT-8,0.064248,0.064634,14.139904,14.149853
3,6,PLT-9,0.280551,0.347976,14.111653,14.107734
3,6,UGS-0,0.070440,0.070717,1.734987,1.735343
3,6,UGS-1,0.153970,0.153324,1.624175,1.624325
3,6,UGS-10,0.057097,0.056962,1.548056,1.547609
3,6,UGS-11,0.143848,0.143762,1.569882,1.569512
3,6,UGS-12,0.061483,0.061450,1.551156,1.550459
3,6,UGS-13,0.132258,0.132271,1.617692,1.617529
3,6,UGS-14,0.051664,0.051790,1.569882,1.571106
3,6,UGS-15,0.057786,0.057320,1.637221,1.636613
3,6,UGS-16,0.137931,0.137965,1.560490,1.560670
3,6,UGS-2,0.134391,0.135812,1.566745,1.566277
3,6,UGS-20,0.057902,0.058025,1.617692,1.617733
3,6,UGS-21,0.139876,0.140389,1.517403,1.518948
3,6,UGS-22,0.146460,0.145980,1.502304,1.500975
3,6,UGS-23,0.145003,0.145354,1.563615,1.562769
3,6,UGS-24,0.138207,0.139035,1.627427,1.627586
3,6,UGS-25,0.055078,0.055201,1.627427,1.628933
3,6,UGS-26,0.136559,0.136411,1.532653,1.531968
3,6,UGS-27,0.058018,0.058314,1.611234,1.611901
3,6,UGS-28,0.149120,0.148929,1.576174,1.577111
3,6,UGS-29,0.058601,0.059027,1.630685,1.629910
3,6,UGS-3,0.065284,0.065007,1.611234,1.610258
3,6,UGS-4,0.056303,0.056382,1.690459,1.689149
3,6,UGS-5,0.128349,0.128213,1.576174,1.574739
3,6,UGS-6,0.055410,0.055451,1.604802,1.604188
3,6,UGS-7,0.060749,0.061451,1.548056,1.547166
3,6,UGS-8,0.142132,0.142281,1.573024,1.572549
3,6,UGS-9,0.160253,0.159906,1.611234,1.612540
3,7,APC-0,1.348510,1.344819,13.639921,13.627613
3,7,APC-1,0.136014,0.137953,13.971239,13.965419
3,7,APC-2,0.203722,0.204470,13.832223,13.824355
3,7,APC-3,0.202908,0.205599,13.971239,13.961673
3,7,CHQ-1,1.864514,1.879441,17.725441,17.716849
3,7,PLT-0,0.716770,0.715886,13.667228,13.660911
3,7,PLT-1,0.310677,0.434399,13.694590,13.702478
3,7,PLT-10,1.585659,1.553009,14.111653,14.107453
3,7,PLT-11,0.243412,0.363420,14.168212,14.170211
3,7,PLT-2,0.472839,0.556502,13.777005,13.772835
3,7,PLT-3,1.532653,1.506841,14.139904,14.130875
3,7,PLT-4,1.683711,1.664622,14.111653,14.118251
3,7,PLT-5,0.168469,0.168941,14.111653,14.103491
3,7,PLT-6,0.068495,0.068577,14.139904,14.133319
3,7,PLT-7,0.170503,0.170741,14.111653,14.113448
3,7,PLT-8,0.064377,0.064722,14.139904,14.152368
3,7,PLT-9,0.281675,0.307689,14.111653,14.108821
3,7,UGS-0,0.070581,0.070731,1.734987,1.735185
3,7,UGS-1,0.153662,0.153617,1.624175,1.623928
3,7,UGS-10,0.057097,0.056925,1.548056,1.547597
3,7,UGS-11,0.143848,0.143971,1.569882,1.569349
3,7,UGS-12,0.061483,0.061357,1.551156,1.550606
3,7,UGS-13,0.132258,0.132200,1.617692,1.617684
3,7,UGS-14,0.051560,0.051628,1.569882,1.570533
3,7,UGS-15,0.057786,0.057249,1.637221,1.636773
3,7,UGS-16,0.137931,0.138144,1.560490,1.560872
3,7,UGS-2,0.134660,0.136541,1.566745,1.566325
3,7,UGS-20,0.058018,0.058035,1.617692,1.617510
3,7,UGS-21,0.139876,0.140385,1.520441,1.519420
3,7,UGS-22,0.146460,0.145910,1.502304,1.500786
3,7,UGS-23,0.145003,0.145346,1.563615,1.562636
3,7,UGS-24,0.138484,0.139023,1.627427,1.626451
3,7,UGS-25,0.055078,0.055153,1.627427,1.628370
3,7,UGS-26,0.136559,0.136323,1.532653,1.532081
3,7,UGS-27,0.058018,0.058229,1.611234,1.612122
3,7,UGS-28,0.149120,0.148680,1.576174,1.576921
3,7,UGS-29,0.058718,0.058819,1.630685,1.630103
3,7,UGS-3,0.065284,0.064996,1.611234,1.610483
3,7,UGS-4,0.056303,0.056334,1.687082,1.688440
3,7,UGS-5,0.128606,0.128305,1.573024,1.574363
3,7,UGS-6,0.055410,0.055509,1.604802,1.604453
3,7,UGS-7,0.060628,0.061699,1.548056,1.546599
3,7,UGS-8,0.142416,0.142604,1.573024,1.572527
3,7,UGS-9,0.160253,0.159320,1.611234,1.612214
3,8,APC-0,1.348510,1.343506,13.639921,13.629647
3,8,APC-1,0.135742,0.137448,13.971239,13.964744
3,8,APC-2,0.203722,0.205473,13.832223,13.822766
3,8,APC-3,0.202908,0.206065,13.971239,13.961666
3,8,CHQ-1,1.860788,1.876576,17.725441,17.718189
3,8,PLT-0,0.715338,0.715836,13.667228,13.659828
3,8,PLT-1,0.310057,0.432781,13.694590,13.698510
3,8,PLT-10,1.585659,1.555311,14.111653,14.107096
3,8,PLT-11,0.243412,0.272617,14.168212,14.171098
3,8,PLT-2,0.471894,0.529348,13.777005,13.773354
3,8,PLT-3,1.529591,1.512779,14.139904,14.132658
3,8,PLT-4,1.680347,1.634941,14.111653,14.113572
3,8,PLT-5,0.168807,0.169044,14.111653,14.103679
3,8,PLT-6,0.068358,0.068525,14.139904,14.135034
3,8,PLT-7,0.170503,0.171507,14.111653,14.112364
3,8,PLT-8,0.064506,0.064628,14.139904,14.149278
3,8,PLT-9,0.281112,0.423576,14.111653,14.113073
3,8,UGS-0,0.070581,0.070683,1.734987,1.734905
3,8,UGS-1,0.153662,0.153676,1.624175,1.624098
3,8,UGS-10,0.057211,0.056996,1.548056,1.547441
3,8,UGS-11,0.144136,0.143958,1.569882,1.569203
3,8,UGS-12,0.061483,0.061361,1.551156,1.550308
3,8,UGS-13,0.131994,0.132130,1.617692,1.617575
3,8,UGS-14,0.051664,0.051795,1.569882,1.570948
3,8,UGS-15,0.057671,0.057498,1.637221,1.636289
3,8,UGS-16,0.137931,0.138035,1.560490,1.561327
3,8,UGS-2,0.134660,0.136501,1.566745,1.565705
3,8,UGS-20,0.058018,0.058100,1.617692,1.616971
3,8,UGS-21,0.139876,0.140339,1.517403,1.518920
3,8,UGS-22,0.146168,0.145828,1.499303,1.500500
3,8,UGS-23,0.145003,0.145293,1.563615,1.562390
3,8,UGS-24,0.138484,0.139055,1.627427,1.627172
3,8,UGS-25,0.055078,0.055070,1.627427,1.628640
3,8,UGS-26,0.136559,0.136558,1.532653,1.531980
3,8,UGS-27,0.058018,0.058310,1.611234,1.612104
3,8,UGS-28,0.148823,0.148690,1.576174,1.577142
3,8,UGS-29,0.058601,0.058790,1.630685,1.630099
3,8,UGS-3,0.065154,0.065056,1.611234,1.610921
3,8,UGS-4,0.056303,0.056299,1.687082,1.688748
3,8,UGS-5,0.128349,0.128234,1.573024,1.574159
3,8,UGS-6,0.055521,0.055471,1.604802,1.604690
3,8,UGS-7,0.060749,0.061782,1.548056,1.547156
3,8,UGS-8,0.142132,0.142566,1.573024,1.572572
3,8,UGS-9,0.160253,0.160025,1.611234,1.612199
3,9,APC-0,1.345815,1.332954,13.639921,13.629192
3,9,APC-1,0.135742,0.137693,13.971239,13.967002
3,9,APC-2,0.203722,0.206298,13.832223,13.820689
3,9,APC-3,0.203315,0.207978,13.971239,13.961668
3,9,CHQ-1,1.857070,1.880707,17.725441,17.716228
3,9,PLT-0,0.716770,0.721484,13.667228,13.658706
3,9,PLT-1,0.310677,0.478766,13.694590,13.703800
3,9,PLT-10,1.585659,1.566188,14.111653,14.106307
3,9,PLT-11,0.242925,0.420234,14.168212,14.168112
3,9,PLT-2,0.472839,0.567545,13.777005,13.779779
3,9,PLT-3,1.529591,1.494199,14.139904,14.126993
3,9,PLT-4,1.680347,1.614061,14.111653,14.113814
3,9,PLT-5,0.168807,0.169145,14.111653,14.111448
3,9,PLT-6,0.068495,0.068839,14.139904,14.131389
3,9,PLT-7,0.170163,0.171739,14.111653,14.119160
3,9,PLT-8,0.064377,0.064252,14.168212,14.153574
3,9,PLT-9,0.281112,0.388952,14.111653,14.108298
3,9,UGS-0,0.070581,0.070724,1.734987,1.735323
3,9,UGS-1,0.153355,0.154041,1.624175,1.623579
3,9,UGS-10,0.056983,0.056894,1.548056,1.547158
3,9,UGS-11,0.143848,0.143586,1.569882,1.569018
3,9,UGS-12,0.061360,0.061385,1.551156,1.550945
3,9,UGS-13,0.132258,0.132668,1.617692,1.617668
3,9,UGS-14,0.051560,0.051821,1.569882,1.570863
3,9,UGS-15,0.057671,0.057593,1.637221,1.636515
3,9,UGS-16,0.137931,0.138345,1.560490,1.561359
3,9,UGS-2,0.134660,0.136819,1.566745,1.566311
3,9,UGS-20,0.058018,0.057911,1.617692,1.618024
3,9,UGS-21,0.139876,0.139987,1.520441,1.519613
3,9,UGS-22,0.146168,0.146314,1.502304,1.501070
3,9,UGS-23,0.145003,0.145753,1.563615,1.562756
3,9,UGS-24,0.138484,0.139281,1.627427,1.627024
3,9,UGS-25,0.055188,0.055094,1.627427,1.628243
3,9,UGS-26,0.136559,0.136697,1.532653,1.532190
3,9,UGS-27,0.058018,0.058201,1.611234,1.612193
3,9,UGS-28,0.149120,0.148873,1.576174,1.576617
3,9,UGS-29,0.058718,0.059044,1.630685,1.630201
3,9,UGS-3,0.065284,0.064997,1.611234,1.610712
3,9,UGS-4,0.056191,0.056425,1.687082,1.688940
3,9,UGS-5,0.128606,0.129058,1.573024,1.574249
3,9,UGS-6,0.055410,0.055421,1.604802,1.603916
3,9,UGS-7,0.060749,0.061772,1.548056,1.546810
3,9,UGS-8,0.142132,0.142116,1.573024,1.572430
3,9,UGS-9,0.160253,0.159461,1.611234,1.611895
4,0,APC-0,1.348510,1.316223,13.639921,13.631157
4,0,APC-1,0.136014,0.137543,13.971239,13.968103
4,0,APC-2,0.203722,0.205684,13.832223,13.823588
4,0,APC-3,0.202908,0.208432,13.971239,13.957164
4,0,CHQ-1,1.860788,1.875876,17.725441,17.718809
4,0,PLT-0,0.718205,0.762138,13.667228,13.662934
4,0,PLT-1,0.310057,0.487907,13.694590,13.699139
4,0,PLT-10,1.585659,1.560607,14.111653,14.107754
4,0,PLT-11,0.242925,0.434453,14.168212,14.168201
4,0,PLT-2,0.472839,0.569457,13.777005,13.774118
4,0,PLT-3,1.529591,1.453508,14.139904,14.132440
4,0,PLT-4,1.680347,1.651357,14.111653,14.113040
4,0,PLT-5,0.168807,0.170005,14.111653,14.102435
4,0,PLT-6,0.068495,0.068707,14.139904,14.131670
4,0,PLT-7,0.170163,0.171987,14.111653,14.112319
4,0,PLT-8,0.064377,0.064713,14.139904,14.151061
4,0,PLT-9,0.281112,0.484280,14.111653,14.106555
4,0,UGS-0,0.070581,0.070645,1.734987,1.735041
4,0,UGS-1,0.153662,0.153401,1.624175,1.623836
4,0,UGS-10,0.057097,0.057262,1.548056,1.547337
4,0,UGS-11,0.143848,0.143195,1.569882,1.569536
4,0,UGS-12,0.061483,0.061174,1.551156,1.550487
4,0,UGS-13,0.131994,0.132752,1.617692,1.617404
4,0,UGS-14,0.051664,0.051795,1.569882,1.571193
4,0,UGS-15,0.057671,0.057253,1.637221,1.636313
4,0,UGS-16,0.137931,0.138356,1.560490,1.561276
4,0,UGS-2,0.134391,0.137033,1.566745,1.566329
4,0,UGS-20,0.058018,0.058259,1.617692,1.617306
4,0,UGS-21,0.139876,0.140749,1.517403,1.518858
4,0,UGS-22,0.146168,0.146227,1.502304,1.500881
4,0,UGS-23,0.145003,0.145492,1.563615,1.562620
4,0,UGS-24,0.138484,0.138697,1.627427,1.626769
4,0,UGS-25,0.055078,0.055131,1.627427,1.628933
4,0,UGS-26,0.136286,0.136200,1.532653,1.532121
4,0,UGS-27,0.058018,0.058435,1.611234,1.612390
4,0,UGS-28,0.148823,0.148599,1.576174,1.577131
4,0,UGS-29,0.058601,0.058996,1.630685,1.630277
4,0,UGS-3,0.065284,0.065314,1.611234,1.610882
4,0,UGS-4,0.056303,0.056380,1.690459,1.689331
4,0,UGS-5,0.128606,0.127976,1.573024,1.574525
4,0,UGS-6,0.055410,0.055444,1.604802,1.604095
4,0,UGS-7,0.060749,0.061465,1.548056,1.546869
4,0,UGS-8,0.142132,0.142011,1.573024,1.572667
4,0,UGS-9,0.160253,0.158849,1.611234,1.612131
4,1,APC-0,1.348510,1.326585,13.639921,13.628729
4,1,APC-1,0.135742,0.137322,13.971239,13.966254
4,1,APC-2,0.203722,0.206857,13.832223,13.824940
4,1,APC-3,0.203315,0.207737,13.971239,13.963601
4,1,CHQ-1,1.860788,1.877731,17.725441,17.715871
4,1,PLT-0,0.716770,0.738666,13.667228,13.660609
4,1,PLT-1,0.310057,0.464012,13.694590,13.699659
4,1,PLT-10,1.585659,1.554411,14.111653,14.108035
4,1,PLT-11,0.242925,0.375521,14.168212,14.169663
4,1,PLT-2,0.473786,0.568004,13.777005,13.773146
4,1,PLT-3,1.529591,1.458130,14.139904,14.134602
4,1,PLT-4,1.680347,1.640026,14.111653,14.115275
4,1,PLT-5,0.168807,0.168743,14.111653,14.100484
4,1,PLT-6,0.068495,0.068593,14.139904,14.131424
4,1,PLT-7,0.170163,0.172017,14.111653,14.117644
4,1,PLT-8,0.064506,0.064399,14.139904,14.154011
4,1,PLT-9,0.281112,0.361893,14.111653,14.112543
4,1,UGS-0,0.070581,0.071161,1.734987,1.735054
4,1,UGS-1,0.153662,0.153818,1.624175,1.623584
4,1,UGS-10,0.057097,0.057007,1.548056,1.547399
4,1,UGS-11,0.143848,0.143849,1.569882,1.569150
4,1,UGS-12,0.061483,0.061230,1.551156,1.550682
4,1,UGS-13,0.131994,0.132463,1.617692,1.617037
4,1,UGS-14,0.051560,0.051797,1.569882,1.570972
4,1,UGS-15,0.057786,0.057201,1.637221,1.636214
4,1,UGS-16,0.137931,0.138233,1.560490,1.560896
4,1,UGS-2,0.134660,0.136445,1.566745,1.566202
4,1,UGS-20,0.057902,0.058010,1.617692,1.617400
4,1,UGS-21,0.139876,0.140181,1.520441,1.519279
4,1,UGS-22,0.146460,0.146640,1.502304,1.501115
4,1,UGS-23,0.145003,0.145546,1.563615,1.562412
4,1,UGS-24,0.138484,0.138837,1.627427,1.627063
4,1,UGS-25,0.055078,0.055219,1.627427,1.628237
4,1,UGS-26,0.136832,0.136594,1.532653,1.532226
4,1,UGS-27,0.058018,0.058441,1.611234,1.612258
4,1,UGS-28,0.148823,0.148355,1.576174,1.577117
4,1,UGS-29,0.058601,0.058901,1.630685,1.629787
4,1,UGS-3,0.065284,0.064953,1.611234,1.610626
4,1,UGS-4,0.056303,0.056289,1.687082,1.688759
4,1,UGS-5,0.128606,0.128032,1.576174,1.574602
4,1,UGS-6,0.055410,0.055330,1.604802,1.604468
4,1,UGS-7,0.060871,0.061441,1.548056,1.547329
4,1,UGS-8,0.142132,0.142458,1.573024,1.572390
4,1,UGS-9,0.160253,0.159504,1.611234,1.612408
4,2,APC-0,1.348510,1.351824,13.612669,13.625509
4,2,APC-1,0.135742,0.136341,13.971239,13.967333
4,2,APC-2,0.203315,0.207004,13.832223,13.819906
4,2,APC-3,0.203315,0.206954,13.971239,13.961175
4,2,CHQ-1,1.860788,1.872758,17.725441,17.712655
4,2,PLT-0,0.716770,0.718997,13.667228,13.662145
4,2,PLT-1,0.310057,0.503802,13.694590,13.693913
4,2,PLT-10,1.585659,1.560981,14.111653,14.108412
4,2,PLT-11,0.243412,0.359666,14.168212,14.166110
4,2,PLT-2,0.472839,0.563840,13.777005,13.771211
4,2,PLT-3,1.529591,1.493952,14.139904,14.129480
4,2,PLT-4,1.683711,1.638595,14.111653,14.118551
4,2,PLT-5,0.168807,0.169181,14.111653,14.107406
4,2,PLT-6,0.068358,0.068326,14.139904,14.133757
4,2,PLT-7,0.170163,0.171615,14.111653,14.116120
4,2,PLT-8,0.064377,0.064489,14.139904,14.152838
4,2,PLT-9,0.281112,0.478918,14.111653,14.112294
4,2,UGS-0,0.070722,0.070858,1.734987,1.735734
4,2,UGS-1,0.153355,0.152661,1.624175,1.623996
4,2,UGS-10,0.057211,0.057024,1.548056,1.547959
4,2,UGS-11,0.143848,0.143844,1.569882,1.569456
4,2,UGS-12,0.061483,0.061743,1.551156,1.550741
4,2,UGS-13,0.131994,0.132295,1.617692,1.617166
4,2,UGS-14,0.051560,0.051692,1.569882,1.570780
4,2,UGS-15,0.057786,0.057446,1.637221,1.636756
4,2,UGS-16,0.137931,0.138420,1.560490,1.561141
4,2,UGS-2,0.134391,0.136255,1.566745,1.566249
4,2,UGS-20,0.057902,0.058041,1.617692,1.617644
4,2,UGS-21,0.139876,0.140299,1.517403,1.518956
4,2,UGS-22,0.146460,0.146545,1.502304,1.501065
4,2,UGS-23,0.145293,0.145443,1.563615,1.562118
4,2,UGS-24,0.138484,0.138473,1.627427,1.626864
4,2,UGS-25,0.055078,0.055280,1.627427,1.628544
4,2,UGS-26,0.136559,0.136186,1.532653,1.531998
4,2,UGS-27,0.058018,0.057840,1.611234,1.612023
4,2,UGS-28,0.149120,0.149895,1.576174,1.576973
4,2,UGS-29,0.058601,0.058964,1.630685,1.630476
4,2,UGS-3,0.065284,0.065171,1.611234,1.610742
4,2,UGS-4,0.056303,0.056233,1.687082,1.688255
4,2,UGS-5,0.128349,0.128513,1.573024,1.574307
4,2,UGS-6,0.055410,0.055586,1.604802,1.603837
4,2,UGS-7,0.060749,0.061343,1.548056,1.546335
4,2,UGS-8,0.142132,0.141975,1.573024,1.572217
4,2,UGS-9,0.160253,0.158999,1.611234,1.612399
4,3,APC-0,1.348510,1.326579,13.639921,13.628476
4,3,APC-1,0.136014,0.138006,13.971239,13.964102
4,3,APC-2,0.203722,0.205884,13.832223,13.823629
4,3,APC-3,0.202908,0.207768,13.971239,13.964165
4,3,CHQ-1,1.860788,1.879048,17.725441,17.714857
4,3,PLT-0,0.718205,0.715389,13.667228,13.659633
4,3,PLT-1,0.310057,0.518587,13.694590,13.700387
4,3,PLT-10,1.585659,1.528415,14.111653,14.106982
4,3,PLT-11,0.242925,0.438965,14.168212,14.166233
4,3,PLT-2,0.473786,0.551172,13.777005,13.770715
4,3,PLT-3,1.529591,1.459147,14.139904,14.133604
4,3,PLT-4,1.683711,1.604443,14.111653,14.111366
4,3,PLT-5,0.168469,0.168471,14.111653,14.106446
4,3,PLT-6,0.068358,0.068320,14.139904,14.131997
4,3,PLT-7,0.170163,0.172029,14.111653,14.113928
4,3,PLT-8,0.064377,0.064897,14.139904,14.151434
4,3,PLT-9,0.281675,0.436084,14.111653,14.111711
4,3,UGS-0,0.070722,0.070460,1.734987,1.735398
4,3,UGS-1,0.153662,0.152973,1.624175,1.623904
4,3,UGS-10,0.057097,0.056829,1.548056,1.547390
4,3,UGS-11,0.144136,0.143850,1.569882,1.569512
4,3,UGS-12,0.061360,0.061296,1.551156,1.550353
4,3,UGS-13,0.132258,0.132990,1.617692,1.617417
4,3,UGS-14,0.051560,0.051613,1.569882,1.570930
4,3,UGS-15,0.057671,0.057400,1.637221,1.636212
4,3,UGS-16,0.137931,0.138308,1.560490,1.560747
4,3,UGS-2,0.134391,0.136598,1.566745,1.566898
4,3,UGS-20,0.057902,0.058132,1.617692,1.617224
4,3,UGS-21,0.139876,0.140226,1.520441,1.519277
4,3,UGS-22,0.146168,0.145765,1.502304,1.500596
4,3,UGS-23,0.145003,0.144694,1.560490,1.561897
4,3,UGS-24,0.138484,0.139132,1.627427,1.626929
4,3,UGS-25,0.055078,0.055215,1.627427,1.628264
4,3,UGS-26,0.136559,0.136476,1.532653,1.531664
4,3,UGS-27,0.058018,0.058263,1.611234,1.612152
4,3,UGS-28,0.149120,0.148538,1.576174,1.577119
4,3,UGS-29,0.058601,0.058897,1.630685,1.629941
4,3,UGS-3,0.065284,0.065067,1.611234,1.610766
4,3,UGS-4,0.056191,0.056484,1.687082,1.688503
4,3,UGS-5,0.128349,0.128267,1.573024,1.573841
4,3,UGS-6,0.055521,0.055447,1.604802,1.604085
4,3,UGS-7,0.060749,0.061904,1.548056,1.547368
4,3,UGS-8,0.142132,0.142188,1.573024,1.572408
4,3,UGS-9,0.160253,0.160083,1.611234,1.612770
4,4,APC-0,1.348510,1.312932,13.639921,13.627661
4,4,APC-1,0.136014,0.137311,13.971239,13.961857
4,4,APC-2,0.203315,0.206197,13.832223,13.823238
4,4,APC-3,0.202908,0.209077,13.971239,13.960262
4,4,CHQ-1,1.860788,1.884637,17.725441,17.715247
4,4,PLT-0,0.716770,0.769486,13.667228,13.662489
4,4,PLT-1,0.310057,0.535624,13.694590,13.701296
4,4,PLT-10,1.585659,1.569184,14.111653,14.109513
4,4,PLT-11,0.242925,0.360855,14.168212,14.164659
4,4,PLT-2,0.472839,0.567737,13.777005,13.770654
4,4,PLT-3,1.532653,1.488492,14.139904,14.132821
4,4,PLT-4,1.680347,1.617052,14.111653,14.120090
4,4,PLT-5,0.168807,0.169434,14.111653,14.103845
4,4,PLT-6,0.068495,0.068499,14.139904,14.136477
4,4,PLT-7,0.170503,0.172307,14.111653,14.113841
4,4,PLT-8,0.064377,0.064552,14.139904,14.151291
4,4,PLT-9,0.281112,0.480740,14.111653,14.113186
4,4,UGS-0,0.070581,0.070892,1.734987,1.734781
4,4,UGS-1,0.153662,0.152999,1.624175,1.623551
4,4,UGS-10,0.057097,0.057055,1.548056,1.547776
4,4,UGS-11,0.143848,0.143389,1.569882,1.569570
4,4,UGS-12,0.061483,0.061261,1.551156,1.550824
4,4,UGS-13,0.131994,0.132871,1.617692,1.617382
4,4,UGS-14,0.051560,0.051762,1.569882,1.570681
4,4,UGS-15,0.057786,0.057165,1.637221,1.636271
4,4,UGS-16,0.137931,0.138099,1.560490,1.561077
4,4,UGS-2,0.134391,0.137230,1.566745,1.566809
4,4,UGS-20,0.058018,0.058116,1.617692,1.617083
4,4,UGS-21,0.139876,0.140480,1.520441,1.519360
4,4,UGS-22,0.146460,0.146089,1.502304,1.501492
4,4,UGS-23,0.145003,0.145519,1.563615,1.562617
4,4,UGS-24,0.138484,0.139046,1.627427,1.626966
4,4,UGS-25,0.055078,0.054790,1.627427,1.627581
4,4,UGS-26,0.136286,0.136693,1.532653,1.532604
4,4,UGS-27,0.058018,0.058129,1.611234,1.612258
4,4,UGS-28,0.148823,0.149108,1.576174,1.577068
4,4,UGS-29,0.058601,0.058895,1.630685,1.630025
4,4,UGS-3,0.065284,0.065118,1.611234,1.611302
4,4,UGS-4,0.056303,0.056384,1.690459,1.689140
4,4,UGS-5,0.128349,0.128840,1.576174,1.574832
4,4,UGS-6,0.055521,0.055528,1.604802,1.604276
4,4,UGS-7,0.060749,0.061713,1.548056,1.547476
4,4,UGS-8,0.142132,0.141600,1.573024,1.572266
4,4,UGS-9,0.160253,0.159171,1.611234,1.612775
4,5,APC-0,1.348510,1.333171,13.639921,13.626104
4,5,APC-1,0.136014,0.137280,13.971239,13.969007
4,5,APC-2,0.203315,0.206097,13.832223,13.826494
4,5,APC-3,0.203315,0.208977,13.971239,13.960304
4,5,CHQ-1,1.860788,1.887143,17.725441,17.716995
4,5,PLT-0,0.715338,0.738628,13.667228,13.658017
4,5,PLT-1,0.310677,0.436683,13.694590,13.700548
4,5,PLT-10,1.585659,1.564910,14.111653,14.105474
4,5,PLT-11,0.243412,0.399785,14.168212,14.168303
4,5,PLT-2,0.472839,0.503939,13.777005,13.772677
4,5,PLT-3,1.529591,1.501035,14.139904,14.126977
4,5,PLT-4,1.680347,1.666990,14.111653,14.118465
4,5,PLT-5,0.168469,0.168522,14.111653,14.104978
4,5,PLT-6,0.068495,0.068683,14.139904,14.134075
4,5,PLT-7,0.170163,0.171403,14.111653,14.118593
4,5,PLT-8,0.064506,0.065169,14.139904,14.154261
4,5,PLT-9,0.281675,0.381841,14.111653,14.108978
4,5,UGS-0,0.070581,0.070413,1.734987,1.735042
4,5,UGS-1,0.153662,0.153497,1.624175,1.623650
4,5,UGS-10,0.057097,0.056914,1.548056,1.547429
4,5,UGS-11,0.144136,0.143736,1.569882,1.569590
4,5,UGS-12,0.061483,0.061267,1.551156,1.550299
4,5,UGS-13,0.131994,0.132630,1.617692,1.617725
4,5,UGS-14,0.051560,0.051655,1.569882,1.570901
4,5,UGS-15,0.057786,0.057261,1.637221,1.636090
4,5,UGS-16,0.137931,0.138281,1.560490,1.560850
4,5,UGS-2,0.134660,0.135891,1.566745,1.566474
4,5,UGS-20,0.057902,0.058034,1.617692,1.617157
4,5,UGS-21,0.139596,0.140189,1.520441,1.518838
4,5,UGS-22,0.146168,0.146122,1.502304,1.500994
4,5,UGS-23,0.145293,0.145349,1.563615,1.562486
4,5,UGS-24,0.138207,0.139059,1.627427,1.627419
4,5,UGS-25,0.055188,0.055536,1.627427,1.627856
4,5,UGS-26,0.136559,0.135875,1.532653,1.532401
4,5,UGS-27,0.058018,0.058462,1.611234,1.612262
4,5,UGS-28,0.148823,0.149221,1.576174,1.577218
4,5,UGS-29,0.058601,0.058315,1.630685,1.630670
4,5,UGS-3,0.065415,0.065050,1.611234,1.610512
4,5,UGS-4,0.056191,0.056219,1.687082,1.688826
4,5,UGS-5,0.128606,0.128746,1.573024,1.574619
4,5,UGS-6,0.055410,0.055217,1.604802,1.604479
4,5,UGS-7,0.060749,0.061917,1.548056,1.547478
4,5,UGS-8,0.142132,0.142110,1.573024,1.572530
4,5,UGS-9,0.160253,0.158910,1.611234,1.612806
4,6,APC-0,1.348510,1.331444,13.639921,13.627115
4,6,APC-1,0.135742,0.137150,13.971239,13.966288
4,6,APC-2,0.203315,0.205620,13.832223,13.823548
4,6,APC-3,0.203315,0.207492,13.971239,13.961512
4,6,CHQ-1,1.860788,1.874482,17.725441,17.720472
4,6,PLT-0,0.716770,0.747650,13.667228,13.655830
4,6,PLT-1,0.309437,0.457435,13.694590,13.696193
4,6,PLT-10,1.585659,1.578100,14.111653,14.111977
4,6,PLT-11,0.243412,0.264887,14.168212,14.168437
4,6,PLT-2,0.472839,0.534013,13.777005,13.771689
4,6,PLT-3,1.529591,1.475692,14.139904,14.128973
4,6,PLT-4,1.680347,1.668290,14.111653,14.118587
4,6,PLT-5,0.168807,0.169729,14.111653,14.105153
4,6,PLT-6,0.068495,0.068636,14.139904,14.129653
4,6,PLT-7,0.170163,0.170522,14.111653,14.116885
4,6,PLT-8,0.064377,0.064494,14.139904,14.147182
4,6,PLT-9,0.280551,0.376625,14.111653,14.115586
4,6,UGS-0,0.070581,0.070662,1.734987,1.735723
4,6,UGS-1,0.153662,0.153969,1.624175,1.624822
4,6,UGS-10,0.057097,0.056940,1.548056,1.547301
4,6,UGS-11,0.144136,0.143999,1.569882,1.569655
4,6,UGS-12,0.061483,0.061446,1.551156,1.550578
4,6,UGS-13,0.132258,0.132448,1.617692,1.617605
4,6,UGS-14,0.051560,0.051769,1.569882,1.571344
4,6,UGS-15,0.057671,0.057422,1.637221,1.636847
4,6,UGS-16,0.138207,0.138334,1.560490,1.560557
4,6,UGS-2,0.134660,0.135840,1.566745,1.566968
4,6,UGS-20,0.057902,0.058039,1.617692,1.617084
4,6,UGS-21,0.139596,0.140611,1.520441,1.519157
4,6,UGS-22,0.146460,0.145932,1.502304,1.501307
4,6,UGS-23,0.145003,0.145343,1.563615,1.562495
4,6,UGS-24,0.138484,0.138988,1.627427,1.626997
4,6,UGS-25,0.055078,0.055062,1.627427,1.628813
4,6,UGS-26,0.136559,0.136545,1.532653,1.531989
4,6,UGS-27,0.058018,0.058285,1.611234,1.612396
4,6,UGS-28,0.148823,0.148886,1.576174,1.577131
4,6,UGS-29,0.058718,0.058851,1.630685,1.629988
4,6,UGS-3,0.065284,0.065265,1.611234,1.610429
4,6,UGS-4,0.056191,0.056350,1.690459,1.688911
4,6,UGS-5,0.128349,0.128191,1.573024,1.574088
4,6,UGS-6,0.055521,0.055492,1.604802,1.604298
4,6,UGS-7,0.060628,0.061437,1.548056,1.547025
4,6,UGS-8,0.142132,0.142319,1.573024,1.572924
4,6,UGS-9,0.160253,0.159572,1.611234,1.612057
4,7,APC-0,1.348510,1.340023,13.639921,13.635963
4,7,APC-1,0.136014,0.137372,13.971239,13.964006
4,7,APC-2,0.203315,0.205869,13.804586,13.817110
4,7,APC-3,0.203315,0.208084,13.971239,13.957261
4,7,CHQ-1,1.860788,1.886241,17.725441,17.713003
4,7,PLT-0,0.719643,0.716116,13.667228,13.657229
4,7,PLT-1,0.308819,0.439516,13.694590,13.699714
4,7,PLT-10,1.588834,1.529009,14.111653,14.109198
4,7,PLT-11,0.242925,0.419895,14.168212,14.168250
4,7,PLT-2,0.471894,0.569067,13.777005,13.770688
4,7,PLT-3,1.526535,1.472911,14.139904,14.128294
4,7,PLT-4,1.680347,1.671018,14.111653,14.115095
4,7,PLT-5,0.168807,0.170032,14.111653,14.103354
4,7,PLT-6,0.068495,0.068196,14.139904,14.132332
4,7,PLT-7,0.170163,0.172507,14.111653,14.118914
4,7,PLT-8,0.064377,0.064832,14.139904,14.151550
4,7,PLT-9,0.280551,0.484266,14.111653,14.110474
4,7,UGS-0,0.070581,0.070647,1.734987,1.735426
4,7,UGS-1,0.153662,0.153768,1.624175,1.623828
4,7,UGS-10,0.057097,0.056881,1.548056,1.547486
4,7,UGS-11,0.143848,0.143986,1.569882,1.568804
4,7,UGS-12,0.061483,0.061306,1.551156,1.549963
4,7,UGS-13,0.131994,0.132726,1.617692,1.617318
4,7,UGS-14,0.051664,0.051775,1.569882,1.570945
4,7,UGS-15,0.057786,0.057361,1.637221,1.636217
4,7,UGS-16,0.138207,0.138975,1.560490,1.561156
4,7,UGS-2,0.134660,0.136731,1.566745,1.566861
4,7,UGS-20,0.058018,0.058082,1.617692,1.617259
4,7,UGS-21,0.139876,0.140540,1.520441,1.519136
4,7,UGS-22,0.146168,0.145273,1.502304,1.500972
4,7,UGS-23,0.145293,0.145133,1.563615,1.562680
4,7,UGS-24,0.138484,0.138367,1.627427,1.626711
4,7,UGS-25,0.055078,0.055290,1.627427,1.628292
4,7,UGS-26,0.136559,0.136188,1.532653,1.532011
4,7,UGS-27,0.058018,0.058102,1.611234,1.612358
4,7,UGS-28,0.148823,0.149195,1.576174,1.576727
4,7,UGS-29,0.058601,0.058960,1.630685,1.629547
4,7,UGS-3,0.065415,0.065211,1.611234,1.611061
4,7,UGS-4,0.056303,0.056214,1.690459,1.688991
4,7,UGS-5,0.128349,0.128462,1.573024,1.573937
4,7,UGS-6,0.055521,0.055458,1.604802,1.604420
4,7,UGS-7,0.060628,0.061542,1.548056,1.546695
4,7,UGS-8,0.142132,0.142397,1.573024,1.572502
4,7,UGS-9,0.160253,0.159286,1.611234,1.612207
4,8,APC-0,1.348510,1.336429,13.639921,13.628587
4,8,APC-1,0.135742,0.136058,13.971239,13.964914
4,8,APC-2,0.203315,0.204592,13.832223,13.825371
4,8,APC-3,0.203315,0.208920,13.971239,13.961708
4,8,CHQ-1,1.860788,1.872628,17.725441,17.718213
4,8,PLT-0,0.716770,0.753851,13.667228,13.658585
4,8,PLT-1,0.309437,0.546745,13.694590,13.698249
4,8,PLT-10,1.585659,1.576037,14.111653,14.109613
4,8,PLT-11,0.243412,0.326226,14.168212,14.170488
4,8,PLT-2,0.473786,0.526945,13.777005,13.773263
4,8,PLT-3,1.529591,1.495800,14.139904,14.130738
4,8,PLT-4,1.683711,1.632846,14.111653,14.117876
4,8,PLT-5,0.168469,0.169572,14.111653,14.106089
4,8,PLT-6,0.068358,0.068425,14.139904,14.129672
4,8,PLT-7,0.170503,0.172021,14.111653,14.114892
4,8,PLT-8,0.064377,0.064843,14.139904,14.151176
4,8,PLT-9,0.281675,0.436706,14.111653,14.107895
4,8,UGS-0,0.070581,0.070530,1.734987,1.735095
4,8,UGS-1,0.153662,0.153717,1.624175,1.623765
4,8,UGS-10,0.057097,0.057030,1.548056,1.547475
4,8,UGS-11,0.144136,0.143537,1.569882,1.569866
4,8,UGS-12,0.061483,0.061205,1.551156,1.550191
4,8,UGS-13,0.131994,0.133419,1.617692,1.617420
4,8,UGS-14,0.051560,0.051812,1.569882,1.570458
4,8,UGS-15,0.057671,0.057330,1.637221,1.636251
4,8,UGS-16,0.137931,0.138621,1.560490,1.560943
4,8,UGS-2,0.134660,0.136252,1.566745,1.566064
4,8,UGS-20,0.058018,0.057800,1.617692,1.617737
4,8,UGS-21,0.139876,0.140687,1.520441,1.519029
4,8,UGS-22,0.146460,0.146674,1.502304,1.500786
4,8,UGS-23,0.145003,0.145066,1.563615,1.562759
4,8,UGS-24,0.138484,0.138480,1.627427,1.627185
4,8,UGS-25,0.055078,0.055159,1.627427,1.628210
4,8,UGS-26,0.136559,0.136462,1.532653,1.532596
4,8,UGS-27,0.058018,0.057824,1.611234,1.612159
4,8,UGS-28,0.149120,0.149052,1.576174,1.576163
4,8,UGS-29,0.058718,0.058892,1.630685,1.630153
4,8,UGS-3,0.065284,0.065131,1.611234,1.610779
4,8,UGS-4,0.056303,0.056423,1.687082,1.688367
4,8,UGS-5,0.128606,0.127940,1.573024,1.574314
4,8,UGS-6,0.055410,0.055486,1.604802,1.604440
4,8,UGS-7,0.060749,0.061802,1.548056,1.547015
4,8,UGS-8,0.142132,0.142255,1.573024,1.572139
4,8,UGS-9,0.160253,0.159683,1.611234,1.611979
4,9,APC-0,1.348510,1.343639,13.612669,13.624571
4,9,APC-1,0.135742,0.137301,13.971239,13.970418
4,9,APC-2,0.203315,0.204931,13.832223,13.827410
4,9,APC-3,0.203315,0.212577,13.971239,13.959638
4,9,CHQ-1,1.860788,1.880253,17.725441,17.713334
4,9,PLT-0,0.716770,0.743961,13.667228,13.657705
4,9,PLT-1,0.310057,0.489706,13.694590,13.691032
4,9,PLT-10,1.585659,1.577149,14.111653,14.114923
4,9,PLT-11,0.243899,0.380106,14.168212,14.170621
4,9,PLT-2,0.472839,0.569214,13.777005,13.773417
4,9,PLT-3,1.529591,1.455584,14.139904,14.131346
4,9,PLT-4,1.680347,1.658070,14.111653,14.114022
4,9,PLT-5,0.168807,0.168455,14.111653,14.109903
4,9,PLT-6,0.068495,0.068582,14.139904,14.132354
4,9,PLT-7,0.170163,0.172127,14.111653,14.118589
4,9,PLT-8,0.064506,0.064616,14.168212,14.156207
4,9,PLT-9,0.281112,0.322811,14.111653,14.114244
4,9,UGS-0,0.070581,0.070588,1.734987,1.735112
4,9,UGS-1,0.153662,0.153273,1.624175,1.624097
4,9,UGS-10,0.057211,0.056824,1.548056,1.547355
4,9,UGS-11,0.144136,0.143909,1.569882,1.569493
4,9,UGS-12,0.061483,0.061165,1.551156,1.550502
4,9,UGS-13,0.131994,0.132763,1.617692,1.617946
4,9,UGS-14,0.051560,0.051665,1.569882,1.571195
4,9,UGS-15,0.057786,0.057440,1.637221,1.635485
4,9,UGS-16,0.138207,0.136863,1.560490,1.561381
4,9,UGS-2,0.134391,0.135751,1.566745,1.566541
4,9,UGS-20,0.058018,0.057995,1.617692,1.617415
4,9,UGS-21,0.139876,0.140796,1.520441,1.519060
4,9,UGS-22,0.146168,0.145780,1.502304,1.501013
4,9,UGS-23,0.145003,0.145513,1.563615,1.562272
4,9,UGS-24,0.138761,0.138833,1.627427,1.627306
4,9,UGS-25,0.055078,0.055305,1.627427,1.628017
4,9,UGS-26,0.136286,0.137151,1.532653,1.533072
4,9,UGS-27,0.058018,0.058091,1.611234,1.611504
4,9,UGS-28,0.149120,0.149153,1.576174,1.576954
4,9,UGS-29,0.058601,0.058700,1.630685,1.629706
4,9,UGS-3,0.065284,0.065067,1.611234,1.610865
4,9,UGS-4,0.056303,0.056535,1.687082,1.688366
4,9,UGS-5,0.128606,0.127414,1.573024,1.574421
4,9,UGS-6,0.055410,0.055568,1.604802,1.604630
4,9,UGS-7,0.060749,0.061854,1.548056,1.547248
4,9,UGS-8,0.142132,0.141956,1.573024,1.572393
4,9,UGS-9,0.160253,0.159638,1.611234,1.612054
5,0,APC-0,1.348510,1.326344,13.612669,13.626084
5,0,APC-1,0.136014,0.138142,13.971239,13.965011
5,0,APC-2,0.203315,0.206432,13.832223,13.822023
5,0,APC-3,0.203315,0.206352,13.971239,13.958406
5,0,CHQ-1,1.864514,1.885440,17.725441,17.713207
5,0,PLT-0,0.718205,0.742525,13.667228,13.661099
5,0,PLT-1,0.309437,0.480366,13.694590,13.697995
5,0,PLT-10,1.585659,1.523114,14.111653,14.108280
5,0,PLT-11,0.243412,0.319873,14.168212,14.167926
5,0,PLT-2,0.471894,0.563472,13.777005,13.775291
5,0,PLT-3,1.529591,1.440445,14.139904,14.127784
5,0,PLT-4,1.680347,1.622165,14.111653,14.117725
5,0,PLT-5,0.168807,0.169569,14.111653,14.107044
5,0,PLT-6,0.068495,0.068459,14.139904,14.130205
5,0,PLT-7,0.170163,0.171847,14.111653,14.116078
5,0,PLT-8,0.064506,0.064772,14.139904,14.148372
5,0,PLT-9,0.281675,0.367234,14.111653,14.109982
5,0,UGS-0,0.070581,0.070703,1.734987,1.735372
5,0,UGS-1,0.153662,0.153923,1.624175,1.624055
5,0,UGS-10,0.057211,0.056818,1.548056,1.547099
5,0,UGS-11,0.143848,0.143459,1.569882,1.569364
5,0,UGS-12,0.061483,0.061205,1.551156,1.550326
5,0,UGS-13,0.131994,0.132560,1.617692,1.617204
5,0,UGS-14,0.051560,0.051644,1.569882,1.571039
5,0,UGS-15,0.057786,0.057402,1.637221,1.636294
5,0,UGS-16,0.138207,0.138822,1.560490,1.560922
5,0,UGS-2,0.134391,0.136574,1.566745,1.566177
5,0,UGS-20,0.058018,0.058115,1.617692,1.617103
5,0,UGS-21,0.139876,0.140533,1.520441,1.519227
5,0,UGS-22,0.146168,0.146250,1.499303,1.500703
5,0,UGS-23,0.145293,0.145373,1.563615,1.562253
5,0,UGS-24,0.138484,0.138745,1.627427,1.626950
5,0,UGS-25,0.055078,0.055092,1.627427,1.628674
5,0,UGS-26,0.136286,0.137046,1.532653,1.531996
5,0,UGS-27,0.057902,0.058263,1.611234,1.612089
5,0,UGS-28,0.148823,0.148027,1.576174,1.576370
5,0,UGS-29,0.058718,0.059015,1.630685,1.629727
5,0,UGS-3,0.065284,0.065128,1.611234,1.611236
5,0,UGS-4,0.056191,0.056224,1.687082,1.688828
5,0,UGS-5,0.128349,0.128300,1.576174,1.574609
5,0,UGS-6,0.055410,0.055386,1.604802,1.604432
5,0,UGS-7,0.060749,0.061478,1.548056,1.547158
5,0,UGS-8,0.142132,0.141934,1.573024,1.572543
5,0,UGS-9,0.160253,0.159035,1.611234,1.612672
5,1,APC-0,1.348510,1.339071,13.612669,13.623735
5,1,APC-1,0.135742,0.136976,13.971239,13.966010
5,1,APC-2,0.203315,0.204409,13.832223,13.825947
5,1,APC-3,0.203315,0.209656,13.971239,13.962477
5,1,CHQ-1,1.860788,1.880333,17.725441,17.711599
5,1,PLT-0,0.718205,0.758450,13.667228,13.658474
5,1,PLT-1,0.310057,0.505161,13.694590,13.700396
5,1,PLT-10,1.585659,1.576539,14.111653,14.109536
5,1,PLT-11,0.242925,0.355928,14.168212,14.166869
5,1,PLT-2,0.472839,0.558308,13.777005,13.772464
5,1,PLT-3,1.529591,1.489006,14.139904,14.130211
5,1,PLT-4,1.683711,1.627186,14.111653,14.114117
5,1,PLT-5,0.168807,0.169079,14.111653,14.104594
5,1,PLT-6,0.068495,0.068403,14.139904,14.127870
5,1,PLT-7,0.170503,0.171805,14.111653,14.119268
5,1,PLT-8,0.064377,0.064994,14.139904,14.146267
5,1,PLT-9,0.279990,0.425025,14.111653,14.111698
5,1,UGS-0,0.070581,0.071119,1.734987,1.735502
5,1,UGS-1,0.153662,0.152799,1.624175,1.623952
5,1,UGS-10,0.057097,0.057089,1.548056,1.547702
5,1,UGS-11,0.144136,0.143640,1.569882,1.569009
5,1,UGS-12,0.061483,0.061246,1.551156,1.550069
5,1,UGS-13,0.132258,0.133107,1.617692,1.617482
5,1,UGS-14,0.051560,0.051868,1.569882,1.570961
5,1,UGS-15,0.057786,0.057307,1.637221,1.636104
5,1,UGS-16,0.137931,0.138302,1.560490,1.560688
5,1,UGS-2,0.134391,0.136478,1.566745,1.566583
5,1,UGS-20,0.057902,0.058009,1.617692,1.616897
5,1,UGS-21,0.139876,0.140573,1.520441,1.519089
5,1,UGS-22,0.146460,0.146250,1.499303,1.500435
5,1,UGS-23,0.145293,0.145618,1.563615,1.562427
5,1,UGS-24,0.138484,0.138386,1.627427,1.626941
5,1,UGS-25,0.055078,0.055462,1.627427,1.628575
5,1,UGS-26,0.136559,0.137155,1.532653,1.532042
5,1,UGS-27,0.058018,0.057884,1.611234,1.612185
5,1,UGS-28,0.148823,0.149039,1.576174,1.576920
5,1,UGS-29,0.058601,0.058881,1.630685,1.629854
5,1,UGS-3,0.065284,0.065246,1.611234,1.610347
5,1,UGS-4,0.056303,0.056256,1.690459,1.688857
5,1,UGS-5,0.128606,0.128127,1.573024,1.574198
5,1,UGS-6,0.055410,0.055538,1.604802,1.603523
5,1,UGS-7,0.060628,0.061671,1.548056,1.547163
5,1,UGS-8,0.142132,0.142136,1.573024,1.572363
5,1,UGS-9,0.160253,0.158838,1.611234,1.612454
5,2,APC-0,1.348510,1.341440,13.639921,13.628399
5,2,APC-1,0.135742,0.137636,13.971239,13.963659
5,2,APC-2,0.203722,0.205679,13.832223,13.823620
5,2,APC-3,0.203315,0.208562,13.971239,13.959825
5,2,CHQ-1,1.860788,1.859214,17.725441,17.715170
5,2,PLT-0,0.716770,0.720463,13.667228,13.659652
5,2,PLT-1,0.310677,0.491245,13.694590,13.701997
5,2,PLT-10,1.585659,1.540611,14.111653,14.107802
5,2,PLT-11,0.242925,0.403875,14.168212,14.174171
5,2,PLT-2,0.472839,0.579777,13.777005,13.777009
5,2,PLT-3,1.529591,1.518285,14.139904,14.132031
5,2,PLT-4,1.680347,1.654539,14.111653,14.113958
5,2,PLT-5,0.168807,0.169676,14.111653,14.108452
5,2,PLT-6,0.068495,0.068527,14.139904,14.138608
5,2,PLT-7,0.170503,0.171995,14.111653,14.115351
5,2,PLT-8,0.064506,0.064740,14.139904,14.150755
5,2,PLT-9,0.280551,0.416877,14.111653,14.109876
5,2,UGS-0,0.070581,0.070528,1.734987,1.735234
5,2,UGS-1,0.153662,0.154688,1.624175,1.624171
5,2,UGS-10,0.057097,0.057164,1.548056,1.547608
5,2,UGS-11,0.143848,0.143877,1.569882,1.568801
5,2,UGS-12,0.061483,0.061402,1.551156,1.550699
5,2,UGS-13,0.131994,0.132259,1.617692,1.617542
5,2,UGS-14,0.051560,0.051911,1.569882,1.570539
5,2,UGS-15,0.057671,0.057399,1.637221,1.636333
5,2,UGS-16,0.138207,0.138405,1.560490,1.561090
5,2,UGS-2,0.134660,0.136065,1.566745,1.566570
5,2,UGS-20,0.057902,0.058059,1.617692,1.617381
5,2,UGS-21,0.139876,0.140351,1.520441,1.519489
5,2,UGS-22,0.146168,0.146489,1.502304,1.500890
5,2,UGS-23,0.145293,0.145678,1.563615,1.562507
5,2,UGS-24,0.138484,0.138753,1.627427,1.627313
5,2,UGS-25,0.055078,0.055153,1.627427,1.628529
5,2,UGS-26,0.136559,0.137252,1.532653,1.532069
5,2,UGS-27,0.058018,0.057903,1.611234,1.611707
5,2,UGS-28,0.148823,0.148620,1.576174,1.577000
5,2,UGS-29,0.058601,0.058649,1.630685,1.629877
5,2,UGS-3,0.065284,0.065178,1.611234,1.610576
5,2,UGS-4,0.056303,0.056348,1.687082,1.688653
5,2,UGS-5,0.128349,0.128760,1.573024,1.574496
5,2,UGS-6,0.055410,0.055291,1.604802,1.604334
5,2,UGS-7,0.060749,0.061126,1.548056,1.547455
5,2,UGS-8,0.142132,0.141417,1.573024,1.572553
5,2,UGS-9,0.160253,0.159527,1.611234,1.612590
5,3,APC-0,1.348510,1.338093,13.639921,13.630643
5,3,APC-1,0.136014,0.138663,13.971239,13.961683
5,3,APC-2,0.203315,0.206461,13.832223,13.823333
5,3,APC-3,0.203315,0.209067,13.971239,13.957574
5,3,CHQ-1,1.864514,1.889623,17.725441,17.717456
5,3,PLT-0,0.716770,0.739461,13.667228,13.659597
5,3,PLT-1,0.309437,0.481478,13.694590,13.700370
5,3,PLT-10,1.585659,1.519059,14.111653,14.107553
5,3,PLT-11,0.242925,0.443566,14.168212,14.166895
5,3,PLT-2,0.473786,0.517515,13.777005,13.775340
5,3,PLT-3,1.532653,1.430848,14.139904,14.127740
5,3,PLT-4,1.683711,1.627734,14.111653,14.122499
5,3,PLT-5,0.168807,0.170160,14.111653,14.103459
5,3,PLT-6,0.068495,0.068397,14.139904,14.131403
5,3,PLT-7,0.170163,0.171647,14.111653,14.113702
5,3,PLT-8,0.064377,0.064912,14.139904,14.150233
5,3,PLT-9,0.281675,0.421097,14.111653,14.104594
5,3,UGS-0,0.070722,0.070979,1.734987,1.734825
5,3,UGS-1,0.153662,0.154055,1.624175,1.623886
5,3,UGS-10,0.057097,0.057084,1.548056,1.547199
5,3,UGS-11,0.144136,0.143696,1.569882,1.569372
5,3,UGS-12,0.061483,0.061439,1.551156,1.550516
5,3,UGS-13,0.132258,0.133877,1.617692,1.617181
5,3,UGS-14,0.051560,0.051663,1.569882,1.570997
5,3,UGS-15,0.057671,0.057333,1.637221,1.636138
5,3,UGS-16,0.137931,0.138239,1.560490,1.560874
5,3,UGS-2,0.134660,0.136576,1.566745,1.566379
5,3,UGS-20,0.058018,0.058168,1.617692,1.616825
5,3,UGS-21,0.139876,0.140366,1.520441,1.519157
5,3,UGS-22,0.146168,0.146192,1.499303,1.500801
5,3,UGS-23,0.145003,0.145700,1.563615,1.562199
5,3,UGS-24,0.138484,0.138683,1.627427,1.626980
5,3,UGS-25,0.055078,0.055476,1.627427,1.628707
5,3,UGS-26,0.136559,0.136277,1.532653,1.532225
5,3,UGS-27,0.057902,0.058606,1.611234,1.611915
5,3,UGS-28,0.148823,0.148411,1.576174,1.576834
5,3,UGS-29,0.058601,0.058585,1.630685,1.629701
5,3,UGS-3,0.065154,0.065328,1.611234,1.610478
5,3,UGS-4,0.056303,0.056207,1.687082,1.688645
5,3,UGS-5,0.128349,0.128325,1.573024,1.574574
5,3,UGS-6,0.055521,0.055503,1.604802,1.604808
5,3,UGS-7,0.060749,0.061950,1.548056,1.547477
5,3,UGS-8,0.142132,0.142274,1.573024,1.572597
5,3,UGS-9,0.160253,0.159203,1.611234,1.612154
5,4,APC-0,1.345815,1.336627,13.612669,13.627988
5,4,APC-1,0.135742,0.138166,13.971239,13.959782
5,4,APC-2,0.203315,0.206093,13.832223,13.822489
5,4,APC-3,0.202908,0.207606,13.943325,13.954927
5,4,CHQ-1,1.860788,1.890444,17.725441,17.710539
5,4,PLT-0,0.716770,0.753241,13.667228,13.661323
5,4,PLT-1,0.308819,0.450642,13.694590,13.704691
5,4,PLT-10,1.585659,1.575913,14.111653,14.104872
5,4,PLT-11,0.242440,0.425721,14.168212,14.169090
5,4,PLT-2,0.472839,0.529705,13.777005,13.774898
5,4,PLT-3,1.529591,1.463396,14.139904,14.132359
5,4,PLT-4,1.680347,1.597786,14.111653,14.113139
5,4,PLT-5,0.168807,0.169417,14.111653,14.108755
5,4,PLT-6,0.068358,0.068656,14.139904,14.128732
5,4,PLT-7,0.170503,0.171944,14.111653,14.114549
5,4,PLT-8,0.064377,0.064797,14.168212,14.155721
5,4,PLT-9,0.280551,0.354875,14.111653,14.112466
5,4,UGS-0,0.070581,0.070625,1.734987,1.735506
5,4,UGS-1,0.153662,0.153585,1.624175,1.624408
5,4,UGS-10,0.057211,0.057148,1.548056,1.547192
5,4,UGS-11,0.143848,0.143463,1.569882,1.569069
5,4,UGS-12,0.061360,0.061178,1.551156,1.550624
5,4,UGS-13,0.131994,0.132708,1.617692,1.617437
5,4,UGS-14,0.051560,0.051774,1.569882,1.571148
5,4,UGS-15,0.057786,0.057346,1.637221,1.636925
5,4,UGS-16,0.137931,0.138385,1.560490,1.561462
5,4,UGS-2,0.134391,0.136661,1.566745,1.566522
5,4,UGS-20,0.058018,0.058124,1.617692,1.617113
5,4,UGS-21,0.139876,0.140014,1.520441,1.519233
5,4,UGS-22,0.146460,0.146452,1.502304,1.500969
5,4,UGS-23,0.145003,0.145593,1.563615,1.562245
5,4,UGS-24,0.138484,0.139098,1.627427,1.626942
5,4,UGS-25,0.055188,0.055032,1.627427,1.628331
5,4,UGS-26,0.136559,0.136999,1.532653,1.532054
5,4,UGS-27,0.057902,0.058452,1.611234,1.612038
5,4,UGS-28,0.148823,0.148279,1.576174,1.576721
5,4,UGS-29,0.058718,0.059155,1.630685,1.629593
5,4,UGS-3,0.065415,0.065088,1.611234,1.610554
5,4,UGS-4,0.056303,0.056284,1.687082,1.688896
5,4,UGS-5,0.128349,0.128439,1.573024,1.574154
5,4,UGS-6,0.055410,0.055459,1.604802,1.604127
5,4,UGS-7,0.060628,0.061167,1.548056,1.547184
5,4,UGS-8,0.142416,0.142457,1.573024,1.572662
5,4,UGS-9,0.160253,0.158801,1.611234,1.612301
5,5,APC-0,1.348510,1.346730,13.639921,13.627157
5,5,APC-1,0.135742,0.138499,13.971239,13.964528
5,5,APC-2,0.203722,0.205021,13.832223,13.825404
5,5,APC-3,0.203315,0.209129,13.971239,13.961327
5,5,CHQ-1,1.864514,1.880467,17.725441,17.716214
5,5,PLT-0,0.721084,0.717788,13.667228,13.657870
5,5,PLT-1,0.309437,0.417163,13.694590,13.697974
5,5,PLT-10,1.582491,1.581735,14.111653,14.111177
5,5,PLT-11,0.243899,0.379954,14.168212,14.172548
5,5,PLT-2,0.472839,0.535071,13.777005,13.775809
5,5,PLT-3,1.529591,1.460690,14.139904,14.130459
5,5,PLT-4,1.683711,1.661227,14.111653,14.114535
5,5,PLT-5,0.168807,0.169258,14.111653,14.105739
5,5,PLT-6,0.068358,0.068552,14.139904,14.132627
5,5,PLT-7,0.170163,0.171583,14.111653,14.118427
5,5,PLT-8,0.064506,0.064633,14.168212,14.154810
5,5,PLT-9,0.282239,0.405845,14.111653,14.113425
5,5,UGS-0,0.070581,0.070750,1.734987,1.735645
5,5,UGS-1,0.153662,0.153772,1.624175,1.623914
5,5,UGS-10,0.057097,0.056968,1.548056,1.547328
5,5,UGS-11,0.143848,0.143903,1.569882,1.569652
5,5,UGS-12,0.061483,0.061169,1.551156,1.550659
5,5,UGS-13,0.131994,0.132171,1.617692,1.617540
5,5,UGS-14,0.051560,0.051780,1.569882,1.570950
5,5,UGS-15,0.057786,0.057377,1.637221,1.636242
5,5,UGS-16,0.137931,0.138515,1.560490,1.561210
5,5,UGS-2,0.134660,0.135197,1.566745,1.566415
5,5,UGS-20,0.058018,0.057998,1.617692,1.618124
5,5,UGS-21,0.139876,0.140404,1.520441,1.519075
5,5,UGS-22,0.146460,0.146487,1.499303,1.500562
5,5,UGS-23,0.145003,0.145084,1.563615,1.562786
5,5,UGS-24,0.138484,0.139025,1.627427,1.626445
5,5,UGS-25,0.055078,0.055216,1.627427,1.628522
5,5,UGS-26,0.136286,0.136726,1.532653,1.531854
5,5,UGS-27,0.058018,0.058242,1.611234,1.612111
5,5,UGS-28,0.148823,0.148820,1.576174,1.577221
5,5,UGS-29,0.058601,0.058708,1.630685,1.629649
5,5,UGS-3,0.065284,0.065026,1.611234,1.610503
5,5,UGS-4,0.056303,0.056345,1.687082,1.688888
5,5,UGS-5,0.128606,0.128390,1.573024,1.574306
5,5,UGS-6,0.055410,0.055377,1.604802,1.604331
5,5,UGS-7,0.060628,0.061445,1.548056,1.546968
5,5,UGS-8,0.142132,0.141671,1.573024,1.572427
5,5,UGS-9,0.160253,0.159559,1.611234,1.611926
5,6,APC-0,1.348510,1.345667,13.639921,13.628852
5,6,APC-1,0.136014,0.137180,13.971239,13.961764
5,6,APC-2,0.203315,0.206039,13.832223,13.821450
5,6,APC-3,0.202908,0.207511,13.971239,13.961639
5,6,CHQ-1,1.860788,1.873090,17.725441,17.717565
5,6,PLT-0,0.715338,0.760707,13.667228,13.662562
5,6,PLT-1,0.310057,0.439327,13.694590,13.700221
5,6,PLT-10,1.585659,1.566540,14.111653,14.104955
5,6,PLT-11,0.243412,0.423940,14.168212,14.168285
5,6,PLT-2,0.473786,0.496932,13.777005,13.775988
5,6,PLT-3,1.532653,1.490709,14.139904,14.129544
5,6,PLT-4,1.680347,1.645952,14.111653,14.113763
5,6,PLT-5,0.168807,0.169449,14.111653,14.107857
5,6,PLT-6,0.068358,0.068586,14.139904,14.131687
5,6,PLT-7,0.170503,0.171760,14.111653,14.111698
5,6,PLT-8,0.064377,0.064742,14.139904,14.149623
5,6,PLT-9,0.279990,0.461374,14.111653,14.109298
5,6,UGS-0,0.070581,0.070781,1.734987,1.735301
5,6,UGS-1,0.153662,0.153732,1.624175,1.624250
5,6,UGS-10,0.057097,0.056956,1.548056,1.547876
5,6,UGS-11,0.143848,0.143847,1.569882,1.569478
5,6,UGS-12,0.061483,0.061323,1.551156,1.550152
5,6,UGS-13,0.131994,0.132068,1.617692,1.617133
5,6,UGS-14,0.051560,0.051770,1.569882,1.571340
5,6,UGS-15,0.057671,0.057537,1.637221,1.636224
5,6,UGS-16,0.138207,0.138231,1.560490,1.561030
5,6,UGS-2,0.134391,0.136349,1.566745,1.566572
5,6,UGS-20,0.058018,0.058057,1.617692,1.616909
5,6,UGS-21,0.139876,0.140464,1.520441,1.519013
5,6,UGS-22,0.146460,0.146142,1.502304,1.501077
5,6,UGS-23,0.145293,0.145469,1.563615,1.562669
5,6,UGS-24,0.138484,0.139118,1.627427,1.626686
5,6,UGS-25,0.055078,0.055154,1.627427,1.628403
5,6,UGS-26,0.136286,0.136371,1.532653,1.532396
5,6,UGS-27,0.058018,0.058102,1.611234,1.612328
5,6,UGS-28,0.148823,0.148809,1.576174,1.577186
5,6,UGS-29,0.058718,0.059053,1.630685,1.630171
5,6,UGS-3,0.065284,0.065193,1.611234,1.610858
5,6,UGS-4,0.056303,0.056361,1.690459,1.688960
5,6,UGS-5,0.128349,0.128544,1.573024,1.574004
5,6,UGS-6,0.055521,0.055541,1.604802,1.603689
5,6,UGS-7,0.060749,0.061454,1.548056,1.547383
5,6,UGS-8,0.142132,0.141967,1.573024,1.572327
5,6,UGS-9,0.160253,0.159333,1.611234,1.612596
5,7,APC-0,1.348510,1.327724,13.612669,13.625303
5,7,APC-1,0.135742,0.137301,13.971239,13.962806
5,7,APC-2,0.203315,0.205185,13.832223,13.822311
5,7,APC-3,0.202908,0.208159,13.943325,13.957081
5,7,CHQ-1,1.860788,1.877397,17.725441,17.717007
5,7,PLT-0,0.718205,0.742713,13.667228,13.658160
5,7,PLT-1,0.310057,0.432461,13.694590,13.696670
5,7,PLT-10,1.585659,1.577400,14.111653,14.112299
5,7,PLT-11,0.243412,0.370534,14.168212,14.173254
5,7,PLT-2,0.471894,0.522459,13.777005,13.776686
5,7,PLT-3,1.529591,1.465795,14.139904,14.134121
5,7,PLT-4,1.680347,1.665580,14.111653,14.115743
5,7,PLT-5,0.168469,0.168926,14.111653,14.103496
5,7,PLT-6,0.068358,0.068702,14.139904,14.134826
5,7,PLT-7,0.170503,0.171114,14.111653,14.115891
5,7,PLT-8,0.064377,0.064648,14.168212,14.154210
5,7,PLT-9,0.280551,0.305791,14.111653,14.113784
5,7,UGS-0,0.070581,0.070584,1.734987,1.734832
5,7,UGS-1,0.153355,0.153584,1.624175,1.623772
5,7,UGS-10,0.057097,0.056881,1.548056,1.547419
5,7,UGS-11,0.144136,0.143809,1.569882,1.568826
5,7,UGS-12,0.061483,0.061349,1.551156,1.550599
5,7,UGS-13,0.132258,0.132504,1.617692,1.617207
5,7,UGS-14,0.051560,0.051721,1.569882,1.571157
5,7,UGS-15,0.057671,0.057439,1.637221,1.636428
5,7,UGS-16,0.137931,0.137916,1.560490,1.560940
5,7,UGS-2,0.134391,0.135851,1.566745,1.566825
5,7,UGS-20,0.057902,0.058036,1.617692,1.617201
5,7,UGS-21,0.139596,0.140377,1.520441,1.519574
5,7,UGS-22,0.146460,0.146011,1.502304,1.501030
5,7,UGS-23,0.145003,0.145260,1.563615,1.562632
5,7,UGS-24,0.138484,0.138868,1.627427,1.626948
5,7,UGS-25,0.055188,0.055084,1.627427,1.628099
5,7,UGS-26,0.136286,0.136485,1.532653,1.532053
5,7,UGS-27,0.058018,0.058249,1.611234,1.611956
5,7,UGS-28,0.148823,0.148764,1.576174,1.576569
5,7,UGS-29,0.058601,0.058767,1.630685,1.630203
5,7,UGS-3,0.065284,0.065088,1.611234,1.610543
5,7,UGS-4,0.056303,0.056307,1.687082,1.688721
5,7,UGS-5,0.128606,0.128495,1.576174,1.574889
5,7,UGS-6,0.055410,0.055401,1.604802,1.604063
5,7,UGS-7,0.060749,0.061743,1.548056,1.546719
5,7,UGS-8,0.142132,0.141962,1.573024,1.572390
5,7,UGS-9,0.160253,0.159114,1.611234,1.612424
5,8,APC-0,1.348510,1.345419,13.639921,13.633127
5,8,APC-1,0.135742,0.137124,13.971239,13.967731
5,8,APC-2,0.203315,0.204200,13.832223,13.821033
5,8,APC-3,0.202908,0.209109,13.971239,13.960134
5,8,CHQ-1,1.860788,1.878522,17.725441,17.716088
5,8,PLT-0,0.716770,0.741607,13.667228,13.659345
5,8,PLT-1,0.310677,0.427026,13.694590,13.700381
5,8,PLT-10,1.585659,1.552822,14.111653,14.110521
5,8,PLT-11,0.243412,0.399395,14.168212,14.175585
5,8,PLT-2,0.471894,0.521439,13.777005,13.774370
5,8,PLT-3,1.529591,1.478960,14.139904,14.127081
5,8,PLT-4,1.683711,1.665266,14.111653,14.113770
5,8,PLT-5,0.168469,0.169490,14.111653,14.102701
5,8,PLT-6,0.068495,0.068605,14.139904,14.131527
5,8,PLT-7,0.170503,0.170792,14.111653,14.118083
5,8,PLT-8,0.064506,0.064562,14.139904,14.152230
5,8,PLT-9,0.281112,0.449322,14.111653,14.104793
5,8,UGS-0,0.070581,0.070689,1.734987,1.735408
5,8,UGS-1,0.153355,0.154090,1.624175,1.624158
5,8,UGS-10,0.057097,0.057028,1.548056,1.547630
5,8,UGS-11,0.143848,0.143720,1.569882,1.569576
5,8,UGS-12,0.061483,0.061424,1.551156,1.550273
5,8,UGS-13,0.132258,0.132021,1.617692,1.617962
5,8,UGS-14,0.051560,0.051731,1.569882,1.570426
5,8,UGS-15,0.057786,0.057338,1.637221,1.636364
5,8,UGS-16,0.138207,0.138187,1.560490,1.561381
5,8,UGS-2,0.134391,0.135971,1.566745,1.566265
5,8,UGS-20,0.058018,0.058070,1.617692,1.616985
5,8,UGS-21,0.139876,0.140661,1.520441,1.519158
5,8,UGS-22,0.146168,0.145996,1.499303,1.500728
5,8,UGS-23,0.145293,0.145352,1.563615,1.562737
5,8,UGS-24,0.138484,0.138999,1.627427,1.626633
5,8,UGS-25,0.055078,0.055083,1.627427,1.628479
5,8,UGS-26,0.136559,0.136422,1.532653,1.532075
5,8,UGS-27,0.058018,0.058263,1.611234,1.611942
5,8,UGS-28,0.149120,0.149043,1.576174,1.576982
5,8,UGS-29,0.058718,0.058908,1.630685,1.630513
5,8,UGS-3,0.065284,0.065061,1.611234,1.611013
5,8,UGS-4,0.056303,0.056365,1.690459,1.689289
5,8,UGS-5,0.128349,0.128468,1.576174,1.574630
5,8,UGS-6,0.055521,0.055456,1.604802,1.604671
5,8,UGS-7,0.060871,0.061462,1.548056,1.547174
5,8,UGS-8,0.142132,0.142150,1.573024,1.572288
5,8,UGS-9,0.159933,0.159806,1.611234,1.612217
5,9,APC-0,1.348510,1.347466,13.639921,13.630935
5,9,APC-1,0.136014,0.137737,13.971239,13.965201
5,9,APC-2,0.203315,0.205573,13.832223,13.821592
5,9,APC-3,0.202908,0.210073,13.971239,13.960824
5,9,CHQ-1,1.860788,1.873256,17.725441,17.715885
5,9,PLT-0,0.718205,0.755605,13.667228,13.658426
5,9,PLT-1,0.310057,0.521221,13.694590,13.696814
5,9,PLT-10,1.585659,1.542438,14.111653,14.108629
5,9,PLT-11,0.243412,0.359950,14.168212,14.171140
5,9,PLT-2,0.472839,0.568871,13.777005,13.772635
5,9,PLT-3,1.529591,1.514281,14.139904,14.132682
5,9,PLT-4,1.680347,1.653008,14.111653,14.116240
5,9,PLT-5,0.168469,0.169189,14.111653,14.105105
5,9,PLT-6,0.068495,0.068565,14.139904,14.130040
5,9,PLT-7,0.170503,0.172693,14.111653,14.121128
5,9,PLT-8,0.064506,0.065017,14.139904,14.151361
5,9,PLT-9,0.280551,0.433739,14.111653,14.112608
5,9,UGS-0,0.070581,0.070946,1.734987,1.735557
5,9,UGS-1,0.153662,0.153307,1.624175,1.624090
5,9,UGS-10,0.057097,0.056697,1.548056,1.547411
5,9,UGS-11,0.143848,0.143426,1.569882,1.569587
5,9,UGS-12,0.061483,0.061371,1.551156,1.550535
5,9,UGS-13,0.131994,0.133402,1.617692,1.616863
5,9,UGS-14,0.051560,0.051651,1.569882,1.570857
5,9,UGS-15,0.057671,0.057565,1.637221,1.635784
5,9,UGS-16,0.137656,0.138086,1.560490,1.560922
5,9,UGS-2,0.134391,0.136315,1.566745,1.566213
5,9,UGS-20,0.057902,0.057961,1.617692,1.617724
5,9,UGS-21,0.139876,0.140091,1.517403,1.518989
5,9,UGS-22,0.146168,0.145601,1.502304,1.501268
5,9,UGS-23,0.145293,0.145440,1.563615,1.562431
5,9,UGS-24,0.138484,0.138816,1.627427,1.626883
5,9,UGS-25,0.055078,0.054993,1.627427,1.627660
5,9,UGS-26,0.136286,0.136932,1.532653,1.532130
5,9,UGS-27,0.058018,0.058284,1.611234,1.611967
5,9,UGS-28,0.149120,0.148567,1.576174,1.577203
5,9,UGS-29,0.058718,0.058760,1.630685,1.629456
5,9,UGS-3,0.065284,0.064884,1.611234,1.610535
5,9,UGS-4,0.056303,0.056327,1.687082,1.688475
5,9,UGS-5,0.128606,0.128642,1.573024,1.574375
5,9,UGS-6,0.055521,0.055435,1.604802,1.604243
5,9,UGS-7,0.060749,0.061915,1.548056,1.547237
5,9,UGS-8,0.142132,0.142049,1.573024,1.572614
5,9,UGS-9,0.160253,0.159768,1.611234,1.612239
6,0,APC-0,1.348510,1.328205,13.639921,13.629941
6,0,APC-1,0.135742,0.138777,13.971239,13.966577
6,0,APC-2,0.203722,0.206986,13.832223,13.819425
6,0,APC-3,0.202908,0.210587,13.943325,13.960010
6,0,CHQ-1,1.860788,1.882426,17.725441,17.714774
6,0,PLT-0,0.716770,0.728280,13.667228,13.660527
6,0,PLT-1,0.310677,0.533069,13.694590,13.700883
6,0,PLT-10,1.582491,1.568144,14.111653,14.110489
6,0,PLT-11,0.243899,0.380624,14.168212,14.167191
6,0,PLT-2,0.472839,0.574752,13.777005,13.774004
6,0,PLT-3,1.529591,1.454042,14.139904,14.134191
6,0,PLT-4,1.680347,1.633550,14.111653,14.117923
6,0,PLT-5,0.168807,0.169411,14.111653,14.107234
6,0,PLT-6,0.068495,0.068489,14.139904,14.131190
6,0,PLT-7,0.170163,0.172172,14.111653,14.119619
6,0,PLT-8,0.064377,0.064734,14.139904,14.153037
6,0,PLT-9,0.281112,0.464359,14.111653,14.109314
6,0,UGS-0,0.070581,0.070666,1.734987,1.735618
6,0,UGS-1,0.153662,0.153438,1.624175,1.623584
6,0,UGS-10,0.057097,0.057091,1.548056,1.547388
6,0,UGS-11,0.143848,0.143541,1.569882,1.568985
6,0,UGS-12,0.061483,0.061434,1.551156,1.550428
6,0,UGS-13,0.131994,0.132349,1.617692,1.617428
6,0,UGS-14,0.051560,0.051862,1.569882,1.570860
6,0,UGS-15,0.057786,0.057327,1.637221,1.636705
6,0,UGS-16,0.137931,0.138463,1.560490,1.561341
6,0,UGS-2,0.134660,0.136112,1.566745,1.566253
6,0,UGS-20,0.058018,0.058108,1.617692,1.616865
6,0,UGS-21,0.139876,0.140613,1.520441,1.519386
6,0,UGS-22,0.146460,0.146198,1.502304,1.500860
6,0,UGS-23,0.145003,0.145224,1.563615,1.562122
6,0,UGS-24,0.138484,0.139145,1.627427,1.627236
6,0,UGS-25,0.055078,0.055308,1.627427,1.628127
6,0,UGS-26,0.136559,0.136816,1.532653,1.532193
6,0,UGS-27,0.058018,0.057679,1.611234,1.612323
6,0,UGS-28,0.148823,0.148909,1.576174,1.576955
6,0,UGS-29,0.058718,0.058835,1.630685,1.630159
6,0,UGS-3,0.065154,0.065095,1.611234,1.610762
6,0,UGS-4,0.056191,0.056294,1.690459,1.688883
6,0,UGS-5,0.128349,0.128674,1.573024,1.574456
6,0,UGS-6,0.055521,0.055530,1.604802,1.604493
6,0,UGS-7,0.060749,0.061868,1.548056,1.546875
6,0,UGS-8,0.142132,0.141885,1.573024,1.572144
6,0,UGS-9,0.160253,0.159327,1.614459,1.612849
6,1,APC-0,1.351209,1.319672,13.639921,13.629822
6,1,APC-1,0.136014,0.138444,13.971239,13.965805
6,1,APC-2,0.203315,0.206689,13.832223,13.826642
6,1,APC-3,0.202908,0.212052,13.971239,13.961724
6,1,CHQ-1,1.860788,1.887195,17.725441,17.716622
6,1,PLT-0,0.718205,0.726717,13.667228,13.664092
6,1,PLT-1,0.311299,0.503307,13.694590,13.694681
6,1,PLT-10,1.585659,1.542165,14.111653,14.105576
6,1,PLT-11,0.242440,0.335996,14.168212,14.167239
6,1,PLT-2,0.471894,0.560880,13.777005,13.774700
6,1,PLT-3,1.529591,1.530756,14.111653,14.126011
6,1,PLT-4,1.680347,1.620796,14.111653,14.118186
6,1,PLT-5,0.168807,0.169401,14.111653,14.107191
6,1,PLT-6,0.068358,0.068606,14.139904,14.135692
6,1,PLT-7,0.170503,0.171503,14.111653,14.113925
6,1,PLT-8,0.064506,0.065052,14.139904,14.150201
6,1,PLT-9,0.281112,0.391310,14.111653,14.107289
6,1,UGS-0,0.070722,0.070640,1.734987,1.735066
6,1,UGS-1,0.153662,0.153333,1.624175,1.624429
6,1,UGS-10,0.057097,0.057108,1.548056,1.547113
6,1,UGS-11,0.143848,0.143781,1.569882,1.569196
6,1,UGS-12,0.061483,0.061443,1.551156,1.550486
6,1,UGS-13,0.131994,0.132737,1.617692,1.617187
6,1,UGS-14,0.051560,0.051696,1.569882,1.570810
6,1,UGS-15,0.057671,0.057311,1.637221,1.635599
6,1,UGS-16,0.138207,0.137899,1.560490,1.561310
6,1,UGS-2,0.134391,0.136746,1.566745,1.566369
6,1,UGS-20,0.058018,0.057923,1.617692,1.617235
6,1,UGS-21,0.139876,0.140030,1.517403,1.518758
6,1,UGS-22,0.145876,0.146511,1.499303,1.500694
6,1,UGS-23,0.145003,0.145156,1.563615,1.562460
6,1,UGS-24,0.138484,0.138941,1.627427,1.627087
6,1,UGS-25,0.055078,0.055025,1.627427,1.628204
6,1,UGS-26,0.136559,0.136500,1.532653,1.531774
6,1,UGS-27,0.058018,0.057789,1.611234,1.612311
6,1,UGS-28,0.148823,0.148660,1.576174,1.577339
6,1,UGS-29,0.058601,0.058901,1.630685,1.629993
6,1,UGS-3,0.065284,0.065068,1.611234,1.611009
6,1,UGS-4,0.056303,0.056199,1.687082,1.688734
6,1,UGS-5,0.128349,0.128037,1.573024,1.574457
6,1,UGS-6,0.055410,0.055401,1.604802,1.603981
6,1,UGS-7,0.060749,0.061952,1.548056,1.547329
6,1,UGS-8,0.142132,0.142303,1.573024,1.572623
6,1,UGS-9,0.160253,0.158865,1.611234,1.612394
6,2,APC-0,1.348510,1.335445,13.639921,13.632568
6,2,APC-1,0.136014,0.137289,13.971239,13.966168
6,2,APC-2,0.203722,0.205691,13.832223,13.824644
6,2,APC-3,0.203315,0.209306,13.971239,13.962152
6,2,CHQ-1,1.857070,1.886741,17.725441,17.714146
6,2,PLT-0,0.715338,0.737872,13.667228,13.656719
6,2,PLT-1,0.309437,0.471405,13.694590,13.699136
6,2,PLT-10,1.585659,1.581313,14.111653,14.113644
6,2,PLT-11,0.243412,0.316126,14.168212,14.173452
6,2,PLT-2,0.472839,0.507921,13.777005,13.773711
6,2,PLT-3,1.529591,1.466815,14.139904,14.130874
6,2,PLT-4,1.683711,1.641091,14.111653,14.113476
6,2,PLT-5,0.168807,0.169423,14.111653,14.101880
6,2,PLT-6,0.068358,0.068396,14.139904,14.129865
6,2,PLT-7,0.170163,0.171972,14.111653,14.116361
6,2,PLT-8,0.064506,0.065529,14.139904,14.151672
6,2,PLT-9,0.280551,0.355741,14.111653,14.112565
6,2,UGS-0,0.070581,0.070570,1.734987,1.735773
6,2,UGS-1,0.153970,0.153618,1.624175,1.624289
6,2,UGS-10,0.057097,0.056842,1.548056,1.547434
6,2,UGS-11,0.144136,0.143603,1.569882,1.569350
6,2,UGS-12,0.061483,0.061114,1.551156,1.550828
6,2,UGS-13,0.131994,0.132749,1.617692,1.617560
6,2,UGS-14,0.051664,0.051720,1.569882,1.570637
6,2,UGS-15,0.057671,0.057555,1.637221,1.636021
6,2,UGS-16,0.137931,0.138461,1.560490,1.561300
6,2,UGS-2,0.134660,0.136377,1.566745,1.566594
6,2,UGS-20,0.058018,0.057898,1.617692,1.617187
6,2,UGS-21,0.139876,0.140661,1.520441,1.519194
6,2,UGS-22,0.146168,0.146022,1.499303,1.500521
6,2,UGS-23,0.145003,0.146029,1.563615,1.562217
6,2,UGS-24,0.138484,0.138642,1.627427,1.627164
6,2,UGS-25,0.055078,0.055018,1.627427,1.628217
6,2,UGS-26,0.136559,0.136652,1.532653,1.532610
6,2,UGS-27,0.058018,0.058414,1.611234,1.612042
6,2,UGS-28,0.148823,0.148192,1.576174,1.576872
6,2,UGS-29,0.058601,0.058774,1.630685,1.629805
6,2,UGS-3,0.065284,0.064881,1.611234,1.610813
6,2,UGS-4,0.056303,0.056327,1.690459,1.688614
6,2,UGS-5,0.128606,0.129544,1.576174,1.574895
6,2,UGS-6,0.055521,0.055474,1.604802,1.604289
6,2,UGS-7,0.060749,0.061826,1.548056,1.546828
6,2,UGS-8,0.142132,0.142161,1.573024,1.572202
6,2,UGS-9,0.160253,0.158423,1.611234,1.611933
6,3,APC-0,1.348510,1.329290,13.639921,13.627487
6,3,APC-1,0.135742,0.137766,13.971239,13.969220
6,3,APC-2,0.203315,0.207406,13.832223,13.822784
6,3,APC-3,0.202908,0.207038,13.971239,13.957203
6,3,CHQ-1,1.857070,1.891586,17.725441,17.715670
6,3,PLT-0,0.715338,0.737694,13.667228,13.660954
6,3,PLT-1,0.309437,0.486435,13.694590,13.702945
6,3,PLT-10,1.585659,1.487711,14.111653,14.110626
6,3,PLT-11,0.243412,0.334942,14.168212,14.175142
6,3,PLT-2,0.472839,0.548110,13.777005,13.777307
6,3,PLT-3,1.529591,1.476807,14.139904,14.133240
6,3,PLT-4,1.680347,1.635719,14.111653,14.113070
6,3,PLT-5,0.168469,0.168746,14.111653,14.108851
6,3,PLT-6,0.068495,0.068686,14.139904,14.132749
6,3,PLT-7,0.170503,0.170846,14.111653,14.118979
6,3,PLT-8,0.064248,0.064812,14.139904,14.149316
6,3,PLT-9,0.280551,0.487333,14.111653,14.110626
6,3,UGS-0,0.070581,0.070758,1.734987,1.734843
6,3,UGS-1,0.153662,0.153546,1.624175,1.623907
6,3,UGS-10,0.057211,0.056916,1.548056,1.547196
6,3,UGS-11,0.144136,0.143811,1.569882,1.569700
6,3,UGS-12,0.061360,0.061130,1.551156,1.550745
6,3,UGS-13,0.132258,0.132704,1.617692,1.617680
6,3,UGS-14,0.051560,0.051711,1.569882,1.570853
6,3,UGS-15,0.057671,0.057353,1.637221,1.636210
6,3,UGS-16,0.137931,0.138285,1.560490,1.560825
6,3,UGS-2,0.134660,0.137233,1.566745,1.566482
6,3,UGS-20,0.058018,0.058050,1.617692,1.617095
6,3,UGS-21,0.139596,0.140512,1.520441,1.519213
6,3,UGS-22,0.146168,0.145987,1.502304,1.501079
6,3,UGS-23,0.145003,0.145004,1.563615,1.562550
6,3,UGS-24,0.138484,0.138607,1.627427,1.626934
6,3,UGS-25,0.055078,0.055352,1.627427,1.628397
6,3,UGS-26,0.136559,0.136988,1.532653,1.532381
6,3,UGS-27,0.058018,0.058218,1.611234,1.612150
6,3,UGS-28,0.148823,0.148510,1.576174,1.576799
6,3,UGS-29,0.058601,0.059035,1.630685,1.630255
6,3,UGS-3,0.065284,0.065064,1.611234,1.611023
6,3,UGS-4,0.056303,0.056240,1.687082,1.688734
6,3,UGS-5,0.128349,0.128140,1.573024,1.574409
6,3,UGS-6,0.055521,0.055520,1.604802,1.604161
6,3,UGS-7,0.060628,0.061832,1.548056,1.547536
6,3,UGS-8,0.142132,0.142107,1.573024,1.572500
6,3,UGS-9,0.160253,0.160400,1.611234,1.612149
6,4,APC-0,1.348510,1.340017,13.612669,13.625590
6,4,APC-1,0.136014,0.137765,13.971239,13.963522
6,4,APC-2,0.203722,0.206195,13.832223,13.825660
6,4,APC-3,0.203315,0.211827,13.971239,13.962972
6,4,CHQ-1,1.860788,1.873167,17.725441,17.715356
6,4,PLT-0,0.718205,0.752718,13.667228,13.655336
6,4,PLT-1,0.310057,0.531160,13.694590,13.695865
6,4,PLT-10,1.585659,1.532960,14.111653,14.109109
6,4,PLT-11,0.243412,0.417898,14.168212,14.170135
6,4,PLT-2,0.471894,0.551814,13.777005,13.773587
6,4,PLT-3,1.532653,1.474387,14.139904,14.134334
6,4,PLT-4,1.683711,1.602852,14.111653,14.113574
6,4,PLT-5,0.168469,0.168738,14.111653,14.105545
6,4,PLT-6,0.068495,0.068652,14.139904,14.133403
6,4,PLT-7,0.170163,0.171901,14.111653,14.117282
6,4,PLT-8,0.064377,0.064710,14.139904,14.152813
6,4,PLT-9,0.280551,0.488692,14.111653,14.110495
6,4,UGS-0,0.070581,0.070732,1.734987,1.735114
6,4,UGS-1,0.153662,0.153151,1.624175,1.623915
6,4,UGS-10,0.057097,0.057124,1.548056,1.547161
6,4,UGS-11,0.144136,0.143887,1.569882,1.569292
6,4,UGS-12,0.061483,0.061262,1.551156,1.550449
6,4,UGS-13,0.131994,0.132498,1.617692,1.617624
6,4,UGS-14,0.051664,0.051868,1.569882,1.570875
6,4,UGS-15,0.057786,0.057147,1.637221,1.635973
6,4,UGS-16,0.137931,0.138377,1.560490,1.561096
6,4,UGS-2,0.134391,0.136343,1.566745,1.566522
6,4,UGS-20,0.058018,0.058087,1.617692,1.617284
6,4,UGS-21,0.139876,0.140613,1.520441,1.519037
6,4,UGS-22,0.146168,0.145803,1.502304,1.501108
6,4,UGS-23,0.145003,0.145638,1.563615,1.562816
6,4,UGS-24,0.138207,0.138953,1.627427,1.626997
6,4,UGS-25,0.055078,0.055140,1.627427,1.628731
6,4,UGS-26,0.136559,0.136906,1.532653,1.532032
6,4,UGS-27,0.058018,0.058163,1.611234,1.612155
6,4,UGS-28,0.149120,0.149000,1.576174,1.576994
6,4,UGS-29,0.058601,0.058733,1.630685,1.630380
6,4,UGS-3,0.065284,0.065011,1.611234,1.610371
6,4,UGS-4,0.056303,0.056423,1.687082,1.688274
6,4,UGS-5,0.128606,0.128650,1.576174,1.574826
6,4,UGS-6,0.055410,0.055235,1.604802,1.604803
6,4,UGS-7,0.060749,0.061681,1.548056,1.547201
6,4,UGS-8,0.142132,0.141853,1.573024,1.572446
6,4,UGS-9,0.160253,0.158654,1.611234,1.612806
6,5,APC-0,1.348510,1.332471,13.612669,13.623714
6,5,APC-1,0.136014,0.137425,13.971239,13.967213
6,5,APC-2,0.203315,0.208539,13.832223,13.823391
6,5,APC-3,0.203315,0.211860,13.971239,13.957216
6,5,CHQ-1,1.860788,1.865751,17.725441,17.715321
6,5,PLT-0,0.715338,0.755098,13.667228,13.659547
6,5,PLT-1,0.310057,0.526427,13.694590,13.702406
6,5,PLT-10,1.585659,1.575820,14.111653,14.105471
6,5,PLT-11,0.242925,0.319186,14.168212,14.167063
6,5,PLT-2,0.471894,0.566295,13.777005,13.771843
6,5,PLT-3,1.529591,1.453156,14.139904,14.129046
6,5,PLT-4,1.683711,1.641532,14.111653,14.114002
6,5,PLT-5,0.168807,0.170107,14.111653,14.103543
6,5,PLT-6,0.068495,0.068643,14.139904,14.132303
6,5,PLT-7,0.170503,0.171989,14.111653,14.113686
6,5,PLT-8,0.064506,0.064686,14.139904,14.149372
6,5,PLT-9,0.281675,0.374774,14.111653,14.107770
6,5,UGS-0,0.070722,0.071194,1.734987,1.735025
6,5,UGS-1,0.153662,0.152749,1.624175,1.624251
6,5,UGS-10,0.057097,0.057005,1.548056,1.547319
6,5,UGS-11,0.144136,0.143586,1.569882,1.569160
6,5,UGS-12,0.061483,0.061223,1.551156,1.550336
6,5,UGS-13,0.132258,0.132862,1.617692,1.617633
6,5,UGS-14,0.051560,0.051800,1.569882,1.570653
6,5,UGS-15,0.057671,0.057851,1.637221,1.636663
6,5,UGS-16,0.137931,0.138137,1.560490,1.561452
6,5,UGS-2,0.134660,0.136717,1.566745,1.566399
6,5,UGS-20,0.057902,0.058056,1.617692,1.617268
6,5,UGS-21,0.139876,0.140445,1.517403,1.518553
6,5,UGS-22,0.146168,0.146560,1.502304,1.500600
6,5,UGS-23,0.145293,0.144918,1.563615,1.562728
6,5,UGS-24,0.138484,0.139059,1.627427,1.627006
6,5,UGS-25,0.055078,0.055056,1.627427,1.628193
6,5,UGS-26,0.136559,0.136083,1.532653,1.532508
6,5,UGS-27,0.058018,0.057960,1.611234,1.611493
6,5,UGS-28,0.148823,0.148263,1.576174,1.576526
6,5,UGS-29,0.058601,0.058695,1.630685,1.629993
6,5,UGS-3,0.065284,0.064900,1.611234,1.610581
6,5,UGS-4,0.056191,0.056193,1.687082,1.688647
6,5,UGS-5,0.128349,0.127724,1.573024,1.574201
6,5,UGS-6,0.055410,0.055317,1.604802,1.604051
6,5,UGS-7,0.060628,0.061437,1.548056,1.547248
6,5,UGS-8,0.142132,0.141492,1.573024,1.572095
6,5,UGS-9,0.160253,0.159376,1.614459,1.612470
6,6,APC-0,1.348510,1.340014,13.639921,13.628063
6,6,APC-1,0.135742,0.137501,13.971239,13.967144
6,6,APC-2,0.203315,0.204482,13.832223,13.826951
6,6,APC-3,0.203315,0.206946,13.971239,13.958382
6,6,CHQ-1,1.860788,1.871488,17.725441,17.719122
6,6,PLT-0,0.716770,0.752408,13.667228,13.662877
6,6,PLT-1,0.309437,0.464832,13.694590,13.701486
6,6,PLT-10,1.585659,1.565376,14.111653,14.104803
6,6,PLT-11,0.242440,0.277057,14.168212,14.169663
6,6,PLT-2,0.471894,0.526507,13.777005,13.772229
6,6,PLT-3,1.529591,1.506244,14.139904,14.130829
6,6,PLT-4,1.683711,1.661371,14.111653,14.112547
6,6,PLT-5,0.168807,0.169087,14.111653,14.106984
6,6,PLT-6,0.068495,0.068502,14.139904,14.130588
6,6,PLT-7,0.170503,0.170712,14.111653,14.121654
6,6,PLT-8,0.064377,0.064581,14.139904,14.150452
6,6,PLT-9,0.281675,0.456272,14.111653,14.112298
6,6,UGS-0,0.070722,0.070736,1.734987,1.735501
6,6,UGS-1,0.153662,0.153545,1.624175,1.623730
6,6,UGS-10,0.057097,0.056920,1.548056,1.547976
6,6,UGS-11,0.143848,0.143973,1.569882,1.569136
6,6,UGS-12,0.061360,0.061341,1.551156,1.550599
6,6,UGS-13,0.131994,0.132150,1.617692,1.617702
6,6,UGS-14,0.051560,0.051723,1.569882,1.570826
6,6,UGS-15,0.057671,0.057483,1.637221,1.636511
6,6,UGS-16,0.137931,0.138274,1.560490,1.560852
6,6,UGS-2,0.134391,0.134953,1.566745,1.566279
6,6,UGS-20,0.057902,0.058040,1.617692,1.616753
6,6,UGS-21,0.139876,0.140361,1.520441,1.519250
6,6,UGS-22,0.146460,0.146060,1.502304,1.501080
6,6,UGS-23,0.145003,0.145295,1.563615,1.562627
6,6,UGS-24,0.138484,0.139096,1.627427,1.626723
6,6,UGS-25,0.055188,0.055218,1.627427,1.628147
6,6,UGS-26,0.136559,0.136247,1.532653,1.531957
6,6,UGS-27,0.058018,0.058186,1.611234,1.612100
6,6,UGS-28,0.148823,0.148695,1.576174,1.576579
6,6,UGS-29,0.058601,0.058716,1.630685,1.630464
6,6,UGS-3,0.065284,0.065089,1.611234,1.611058
6,6,UGS-4,0.056191,0.056384,1.687082,1.688362
6,6,UGS-5,0.128349,0.128215,1.573024,1.574691
6,6,UGS-6,0.055521,0.055449,1.604802,1.604262
6,6,UGS-7,0.060749,0.061459,1.548056,1.547553
6,6,UGS-8,0.142132,0.142239,1.573024,1.572513
6,6,UGS-9,0.160253,0.158988,1.611234,1.612412
6,7,APC-0,1.348510,1.343616,13.639921,13.629159
6,7,APC-1,0.136014,0.137339,13.971239,13.964424
6,7,APC-2,0.203722,0.205930,13.832223,13.823967
6,7,APC-3,0.203315,0.208864,13.971239,13.960920
6,7,CHQ-1,1.860788,1.879687,17.725441,17.716498
6,7,PLT-0,0.719643,0.716176,13.667228,13.660975
6,7,PLT-1,0.310057,0.492000,13.694590,13.697395
6,7,PLT-10,1.585659,1.553699,14.111653,14.110459
6,7,PLT-11,0.243412,0.397767,14.168212,14.168767
6,7,PLT-2,0.471894,0.560527,13.777005,13.777952
6,7,PLT-3,1.529591,1.466352,14.139904,14.127794
6,7,PLT-4,1.680347,1.647312,14.111653,14.114324
6,7,PLT-5,0.168807,0.168709,14.111653,14.100731
6,7,PLT-6,0.068358,0.068510,14.139904,14.132418
6,7,PLT-7,0.170503,0.171689,14.111653,14.120092
6,7,PLT-8,0.064506,0.064787,14.139904,14.151862
6,7,PLT-9,0.280551,0.326950,14.111653,14.109841
6,7,UGS-0,0.070581,0.070544,1.734987,1.735272
6,7,UGS-1,0.153662,0.153006,1.624175,1.623609
6,7,UGS-10,0.057097,0.056984,1.548056,1.547135
6,7,UGS-11,0.143848,0.143453,1.569882,1.569076
6,7,UGS-12,0.061483,0.061310,1.551156,1.550364
6,7,UGS-13,0.131994,0.132669,1.617692,1.617406
6,7,UGS-14,0.051560,0.051647,1.569882,1.570806
6,7,UGS-15,0.057671,0.057431,1.637221,1.636858
6,7,UGS-16,0.137931,0.138202,1.560490,1.561050
6,7,UGS-2,0.134391,0.135185,1.566745,1.566583
6,7,UGS-20,0.057902,0.058178,1.617692,1.617282
6,7,UGS-21,0.139876,0.140572,1.520441,1.519347
6,7,UGS-22,0.146168,0.146139,1.502304,1.501209
6,7,UGS-23,0.145293,0.145110,1.563615,1.562613
6,7,UGS-24,0.138207,0.139136,1.627427,1.627183
6,7,UGS-25,0.055078,0.055146,1.627427,1.628521
6,7,UGS-26,0.136559,0.136207,1.532653,1.532398
6,7,UGS-27,0.058018,0.058337,1.611234,1.612605
6,7,UGS-28,0.148823,0.148828,1.576174,1.577000
6,7,UGS-29,0.058601,0.058690,1.630685,1.629675
6,7,UGS-3,0.065284,0.065129,1.611234,1.610325
6,7,UGS-4,0.056191,0.056278,1.687082,1.688302
6,7,UGS-5,0.128349,0.128439,1.573024,1.574264
6,7,UGS-6,0.055521,0.055447,1.604802,1.604538
6,7,UGS-7,0.060749,0.061417,1.548056,1.546754
6,7,UGS-8,0.142132,0.142019,1.573024,1.572914
6,7,UGS-9,0.160253,0.159623,1.611234,1.612598
6,8,APC-0,1.348510,1.342976,13.639921,13.630543
6,8,APC-1,0.136014,0.137871,13.971239,13.965384
6,8,APC-2,0.203315,0.206068,13.832223,13.822433
6,8,APC-3,0.203315,0.206198,13.971239,13.961058
6,8,CHQ-1,1.860788,1.872632,17.725441,17.716066
6,8,PLT-0,0.716770,0.736939,13.667228,13.658178
6,8,PLT-1,0.310057,0.442370,13.694590,13.697853
6,8,PLT-10,1.585659,1.546251,14.111653,14.112201
6,8,PLT-11,0.242440,0.351834,14.168212,14.168767
6,8,PLT-2,0.472839,0.548153,13.777005,13.776544
6,8,PLT-3,1.529591,1.494208,14.139904,14.129010
6,8,PLT-4,1.680347,1.633747,14.111653,14.118043
6,8,PLT-5,0.168807,0.168853,14.111653,14.104381
6,8,PLT-6,0.068495,0.068620,14.139904,14.132188
6,8,PLT-7,0.170503,0.171671,14.111653,14.115336
6,8,PLT-8,0.064377,0.064632,14.139904,14.151860
6,8,PLT-9,0.281112,0.419389,14.111653,14.110679
6,8,UGS-0,0.070581,0.070656,1.734987,1.735618
6,8,UGS-1,0.153662,0.153351,1.624175,1.624013
6,8,UGS-10,0.057097,0.056833,1.548056,1.547722
6,8,UGS-11,0.144136,0.143936,1.569882,1.569451
6,8,UGS-12,0.061360,0.061305,1.551156,1.550527
6,8,UGS-13,0.131994,0.132042,1.617692,1.617599
6,8,UGS-14,0.051560,0.051639,1.569882,1.570599
6,8,UGS-15,0.057671,0.057437,1.637221,1.636509
6,8,UGS-16,0.137931,0.138251,1.560490,1.560952
6,8,UGS-2,0.134660,0.135378,1.566745,1.566268
6,8,UGS-20,0.058018,0.058097,1.617692,1.617137
6,8,UGS-21,0.139876,0.140343,1.520441,1.519040
6,8,UGS-22,0.146168,0.145807,1.499303,1.500762
6,8,UGS-23,0.145003,0.145383,1.563615,1.562525
6,8,UGS-24,0.138484,0.139082,1.627427,1.627123
6,8,UGS-25,0.055078,0.055149,1.627427,1.628332
6,8,UGS-26,0.136559,0.136386,1.532653,1.531779
6,8,UGS-27,0.058018,0.058163,1.611234,1.611792
6,8,UGS-28,0.148823,0.148928,1.576174,1.577134
6,8,UGS-29,0.058601,0.059001,1.630685,1.630285
6,8,UGS-3,0.065284,0.065242,1.611234,1.610531
6,8,UGS-4,0.056303,0.056378,1.687082,1.688731
6,8,UGS-5,0.128606,0.128586,1.573024,1.574156
6,8,UGS-6,0.055410,0.055410,1.604802,1.604894
6,8,UGS-7,0.060749,0.061777,1.548056,1.546902
6,8,UGS-8,0.142132,0.142327,1.573024,1.572288
6,8,UGS-9,0.160253,0.159327,1.611234,1.612594
6,9,APC-0,1.348510,1.332675,13.612669,13.624530
6,9,APC-1,0.135742,0.137348,13.971239,13.963937
6,9,APC-2,0.203315,0.204374,13.832223,13.824976
6,9,APC-3,0.202908,0.207622,13.971239,13.958026
6,9,CHQ-1,1.857070,1.866610,17.725441,17.715315
6,9,PLT-0,0.713909,0.718282,13.667228,13.657508
6,9,PLT-1,0.310057,0.466860,13.694590,13.701924
6,9,PLT-10,1.585659,1.546959,14.111653,14.108733
6,9,PLT-11,0.242925,0.364273,14.168212,14.178154
6,9,PLT-2,0.471894,0.540224,13.777005,13.773282
6,9,PLT-3,1.529591,1.434246,14.139904,14.128885
6,9,PLT-4,1.683711,1.600916,14.111653,14.116967
6,9,PLT-5,0.168807,0.169167,14.111653,14.105390
6,9,PLT-6,0.068358,0.068408,14.139904,14.132992
6,9,PLT-7,0.170163,0.171761,14.111653,14.117319
6,9,PLT-8,0.064506,0.064568,14.139904,14.151764
6,9,PLT-9,0.282239,0.429646,14.111653,14.106577
6,9,UGS-0,0.070581,0.070685,1.734987,1.735706
6,9,UGS-1,0.153662,0.153067,1.624175,1.624347
6,9,UGS-10,0.057097,0.057253,1.548056,1.547583
6,9,UGS-11,0.144136,0.143354,1.569882,1.569166
6,9,UGS-12,0.061483,0.061158,1.551156,1.551083
6,9,UGS-13,0.132258,0.132769,1.617692,1.617788
6,9,UGS-14,0.051664,0.051981,1.569882,1.571189
6,9,UGS-15,0.057671,0.057186,1.637221,1.636205
6,9,UGS-16,0.137931,0.138168,1.560490,1.561176
6,9,UGS-2,0.134391,0.136193,1.566745,1.566280
6,9,UGS-20,0.058018,0.058050,1.617692,1.617109
6,9,UGS-21,0.139876,0.140054,1.520441,1.519090
6,9,UGS-22,0.146460,0.146498,1.502304,1.500928
6,9,UGS-23,0.145003,0.145548,1.563615,1.562102
6,9,UGS-24,0.138484,0.138375,1.627427,1.627094
6,9,UGS-25,0.055188,0.055284,1.627427,1.628470
6,9,UGS-26,0.136559,0.137060,1.532653,1.532408
6,9,UGS-27,0.058018,0.058090,1.611234,1.612275
6,9,UGS-28,0.148823,0.148312,1.576174,1.576789
6,9,UGS-29,0.058601,0.058897,1.630685,1.629706
6,9,UGS-3,0.065284,0.065256,1.611234,1.610281
6,9,UGS-4,0.056303,0.056563,1.690459,1.689093
6,9,UGS-5,0.128349,0.127954,1.573024,1.574509
6,9,UGS-6,0.055410,0.055188,1.604802,1.604377
6,9,UGS-7,0.060749,0.061245,1.548056,1.547268
6,9,UGS-8,0.142132,0.140664,1.573024,1.572778
6,9,UGS-9,0.160253,0.160573,1.611234,1.611754
7,0,APC-0,1.348510,1.331920,13.639921,13.630690
7,0,APC-1,0.136014,0.138231,13.971239,13.962868
7,0,APC-2,0.203315,0.206814,13.832223,13.820726
7,0,APC-3,0.202908,0.209139,13.971239,13.960445
7,0,CHQ-1,1.860788,1.882988,17.725441,17.721261
7,0,PLT-0,0.715338,0.747664,13.667228,13.663597
7,0,PLT-1,0.310057,0.550029,13.694590,13.696940
7,0,PLT-10,1.585659,1.532819,14.111653,14.107200
7,0,PLT-11,0.243412,0.357503,14.168212,14.171639
7,0,PLT-2,0.471894,0.561824,13.777005,13.767891
7,0,PLT-3,1.529591,1.431088,14.139904,14.136994
7,0,PLT-4,1.683711,1.631315,14.111653,14.113427
7,0,PLT-5,0.168807,0.169982,14.111653,14.103390
7,0,PLT-6,0.068358,0.068595,14.139904,14.133862
7,0,PLT-7,0.170163,0.171734,14.111653,14.116462
7,0,PLT-8,0.064506,0.064572,14.168212,14.155179
7,0,PLT-9,0.281675,0.472820,14.111653,14.111264
7,0,UGS-0,0.070581,0.070739,1.734987,1.735492
7,0,UGS-1,0.153662,0.153518,1.624175,1.623424
7,0,UGS-10,0.057097,0.057114,1.548056,1.547764
7,0,UGS-11,0.143848,0.143652,1.569882,1.569506
7,0,UGS-12,0.061483,0.061306,1.551156,1.550338
7,0,UGS-13,0.132258,0.132468,1.617692,1.617292
7,0,UGS-14,0.051560,0.051696,1.569882,1.571014
7,0,UGS-15,0.057671,0.057323,1.637221,1.636179
7,0,UGS-16,0.137931,0.138221,1.560490,1.561227
7,0,UGS-2,0.134660,0.136029,1.566745,1.566357
7,0,UGS-20,0.057902,0.058111,1.617692,1.617555
7,0,UGS-21,0.139876,0.140434,1.517403,1.518749
7,0,UGS-22,0.146168,0.145833,1.502304,1.501020
7,0,UGS-23,0.145003,0.145062,1.563615,1.562644
7,0,UGS-24,0.138484,0.139142,1.627427,1.626630
7,0,UGS-25,0.055078,0.055019,1.627427,1.628597
7,0,UGS-26,0.136559,0.136680,1.532653,1.532160
7,0,UGS-27,0.058018,0.058492,1.611234,1.611972
7,0,UGS-28,0.148823,0.148636,1.576174,1.576896
7,0,UGS-29,0.058601,0.059079,1.630685,1.630103
7,0,UGS-3,0.065284,0.064882,1.611234,1.610745
7,0,UGS-4,0.056303,0.056420,1.690459,1.688848
7,0,UGS-5,0.128349,0.127940,1.573024,1.574317
7,0,UGS-6,0.055410,0.055330,1.604802,1.604681
7,0,UGS-7,0.060628,0.061646,1.548056,1.546947
7,0,UGS-8,0.142132,0.142264,1.573024,1.572561
7,0,UGS-9,0.160574,0.159450,1.611234,1.612250
7,1,APC-0,1.348510,1.326604,13.612669,13.627627
7,1,APC-1,0.136014,0.137141,13.971239,13.965868
7,1,APC-2,0.203722,0.204944,13.832223,13.820529
7,1,APC-3,0.202908,0.212264,13.971239,13.959654
7,1,CHQ-1,1.864514,1.878158,17.725441,17.717120
7,1,PLT-0,0.716770,0.742788,13.667228,13.658813
7,1,PLT-1,0.309437,0.505247,13.694590,13.703066
7,1,PLT-10,1.585659,1.530795,14.111653,14.108045
7,1,PLT-11,0.242925,0.438972,14.168212,14.172966
7,1,PLT-2,0.472839,0.572335,13.777005,13.775101
7,1,PLT-3,1.529591,1.494227,14.139904,14.133630
7,1,PLT-4,1.683711,1.612978,14.111653,14.116520
7,1,PLT-5,0.168807,0.168831,14.111653,14.103205
7,1,PLT-6,0.068358,0.068636,14.139904,14.129767
7,1,PLT-7,0.170503,0.171346,14.111653,14.113382
7,1,PLT-8,0.064506,0.064741,14.139904,14.152438
7,1,PLT-9,0.283370,0.459808,14.111653,14.112106
7,1,UGS-0,0.070581,0.070658,1.734987,1.735132
7,1,UGS-1,0.153662,0.153942,1.624175,1.624231
7,1,UGS-10,0.057097,0.056974,1.548056,1.547290
7,1,UGS-11,0.144136,0.144015,1.569882,1.569276
7,1,UGS-12,0.061483,0.061194,1.551156,1.550037
7,1,UGS-13,0.132258,0.133013,1.617692,1.617839
7,1,UGS-14,0.051664,0.051763,1.569882,1.571378
7,1,UGS-15,0.057671,0.057509,1.637221,1.636349
7,1,UGS-16,0.137931,0.138144,1.560490,1.560528
7,1,UGS-2,0.134391,0.136825,1.566745,1.566246
7,1,UGS-20,0.057902,0.057957,1.617692,1.617101
7,1,UGS-21,0.139876,0.140389,1.517403,1.518368
7,1,UGS-22,0.146460,0.145999,1.502304,1.500929
7,1,UGS-23,0.145003,0.145393,1.563615,1.562275
7,1,UGS-24,0.138484,0.139125,1.627427,1.626958
7,1,UGS-25,0.055188,0.055524,1.627427,1.628436
7,1,UGS-26,0.136559,0.136831,1.532653,1.532138
7,1,UGS-27,0.058018,0.057432,1.611234,1.611866
7,1,UGS-28,0.148823,0.148772,1.576174,1.576729
7,1,UGS-29,0.058601,0.058729,1.630685,1.630297
7,1,UGS-3,0.065284,0.065111,1.611234,1.610684
7,1,UGS-4,0.056191,0.056255,1.690459,1.688885
7,1,UGS-5,0.128349,0.128381,1.573024,1.574501
7,1,UGS-6,0.055410,0.055396,1.604802,1.604593
7,1,UGS-7,0.060749,0.061312,1.548056,1.547212
7,1,UGS-8,0.142132,0.141987,1.573024,1.572310
7,1,UGS-9,0.160253,0.159053,1.611234,1.611818
7,2,APC-0,1.348510,1.318377,13.639921,13.627380
7,2,APC-1,0.136014,0.138801,13.971239,13.963844
7,2,APC-2,0.203315,0.205888,13.832223,13.827657
7,2,APC-3,0.203315,0.208348,13.971239,13.960043
7,2,CHQ-1,1.860788,1.878830,17.725441,17.716429
7,2,PLT-0,0.716770,0.744428,13.667228,13.655641
7,2,PLT-1,0.310057,0.509514,13.694590,13.703115
7,2,PLT-10,1.585659,1.536015,14.111653,14.109567
7,2,PLT-11,0.242925,0.422021,14.168212,14.171787
7,2,PLT-2,0.470951,0.578896,13.777005,13.774346
7,2,PLT-3,1.529591,1.468599,14.139904,14.130743
7,2,PLT-4,1.680347,1.622088,14.111653,14.115764
7,2,PLT-5,0.168469,0.170150,14.111653,14.108575
7,2,PLT-6,0.068358,0.068840,14.139904,14.128553
7,2,PLT-7,0.170163,0.171642,14.111653,14.121036
7,2,PLT-8,0.064377,0.065014,14.139904,14.151630
7,2,PLT-9,0.281112,0.383596,14.111653,14.109271
7,2,UGS-0,0.070581,0.070896,1.734987,1.734931
7,2,UGS-1,0.153662,0.153294,1.624175,1.623774
7,2,UGS-10,0.057097,0.056952,1.548056,1.547292
7,2,UGS-11,0.144136,0.142595,1.569882,1.568817
7,2,UGS-12,0.061483,0.061311,1.551156,1.550210
7,2,UGS-13,0.132258,0.132783,1.617692,1.617879
7,2,UGS-14,0.051560,0.051753,1.569882,1.570680
7,2,UGS-15,0.057786,0.057226,1.637221,1.636335
7,2,UGS-16,0.138207,0.138365,1.560490,1.560963
7,2,UGS-2,0.134391,0.136272,1.566745,1.566741
7,2,UGS-20,0.058018,0.058141,1.617692,1.617076
7,2,UGS-21,0.139876,0.140181,1.517403,1.518928
7,2,UGS-22,0.146460,0.146013,1.502304,1.501069
7,2,UGS-23,0.145003,0.144772,1.563615,1.562042
7,2,UGS-24,0.138484,0.138882,1.627427,1.626670
7,2,UGS-25,0.055078,0.055298,1.627427,1.628056
7,2,UGS-26,0.136559,0.135941,1.532653,1.532091
7,2,UGS-27,0.058018,0.058615,1.611234,1.612008
7,2,UGS-28,0.148823,0.148631,1.576174,1.576794
7,2,UGS-29,0.058718,0.058907,1.630685,1.629838
7,2,UGS-3,0.065284,0.064697,1.611234,1.610944
7,2,UGS-4,0.056191,0.056147,1.687082,1.688218
7,2,UGS-5,0.128606,0.128294,1.573024,1.574482
7,2,UGS-6,0.055410,0.055448,1.604802,1.604005
7,2,UGS-7,0.060749,0.061670,1.548056,1.547422
7,2,UGS-8,0.142132,0.141809,1.573024,1.572709
7,2,UGS-9,0.160253,0.159730,1.611234,1.612228
7,3,APC-0,1.348510,1.331568,13.612669,13.625833
7,3,APC-1,0.136014,0.138198,13.971239,13.966816
7,3,APC-2,0.203315,0.206562,13.832223,13.822928
7,3,APC-3,0.203315,0.209897,13.971239,13.958324
7,3,CHQ-1,1.860788,1.883406,17.725441,17.720237
7,3,PLT-0,0.716770,0.732512,13.667228,13.661252
7,3,PLT-1,0.310677,0.514918,13.694590,13.695270
7,3,PLT-10,1.588834,1.569484,14.111653,14.112359
7,3,PLT-11,0.242925,0.328777,14.168212,14.169731
7,3,PLT-2,0.472839,0.555474,13.777005,13.773499
7,3,PLT-3,1.532653,1.453969,14.139904,14.128133
7,3,PLT-4,1.680347,1.668919,14.111653,14.116718
7,3,PLT-5,0.168807,0.169791,14.111653,14.106470
7,3,PLT-6,0.068495,0.068260,14.139904,14.129979
7,3,PLT-7,0.170503,0.172143,14.111653,14.118567
7,3,PLT-8,0.064506,0.064840,14.139904,14.147357
7,3,PLT-9,0.280551,0.398916,14.111653,14.110297
7,3,UGS-0,0.070581,0.070905,1.734987,1.735014
7,3,UGS-1,0.153662,0.153498,1.624175,1.624307
7,3,UGS-10,0.057211,0.057139,1.548056,1.547347
7,3,UGS-11,0.143560,0.143494,1.569882,1.569254
7,3,UGS-12,0.061483,0.061424,1.551156,1.550396
7,3,UGS-13,0.131994,0.132731,1.617692,1.617764
7,3,UGS-14,0.051560,0.051689,1.569882,1.570809
7,3,UGS-15,0.057786,0.057060,1.637221,1.635997
7,3,UGS-16,0.137931,0.138310,1.560490,1.560961
7,3,UGS-2,0.134660,0.136504,1.566745,1.566273
7,3,UGS-20,0.058018,0.058196,1.617692,1.617439
7,3,UGS-21,0.139876,0.140496,1.517403,1.518815
7,3,UGS-22,0.146460,0.146555,1.499303,1.500518
7,3,UGS-23,0.145293,0.145766,1.563615,1.562692
7,3,UGS-24,0.138484,0.138720,1.627427,1.626975
7,3,UGS-25,0.055078,0.055379,1.627427,1.628742
7,3,UGS-26,0.136559,0.136568,1.532653,1.532075
7,3,UGS-27,0.058134,0.058149,1.611234,1.612061
7,3,UGS-28,0.148823,0.148818,1.576174,1.576811
7,3,UGS-29,0.058718,0.059093,1.630685,1.630390
7,3,UGS-3,0.065284,0.065230,1.611234,1.610466
7,3,UGS-4,0.056303,0.056441,1.687082,1.688426
7,3,UGS-5,0.128606,0.128811,1.573024,1.574588
7,3,UGS-6,0.055410,0.055425,1.604802,1.604342
7,3,UGS-7,0.060749,0.061431,1.548056,1.547152
7,3,UGS-8,0.142132,0.142078,1.573024,1.572709
7,3,UGS-9,0.160253,0.159540,1.611234,1.612301
7,4,APC-0,1.348510,1.336972,13.639921,13.625930
7,4,APC-1,0.135742,0.137221,13.971239,13.970127
7,4,APC-2,0.203722,0.207072,13.832223,13.824098
7,4,APC-3,0.203315,0.208627,13.971239,13.957394
7,4,CHQ-1,1.860788,1.887991,17.725441,17.715445
7,4,PLT-0,0.718205,0.764276,13.667228,13.661493
7,4,PLT-1,0.310057,0.428795,13.694590,13.697209
7,4,PLT-10,1.585659,1.528819,14.111653,14.107147
7,4,PLT-11,0.243412,0.400700,14.168212,14.174690
7,4,PLT-2,0.471894,0.543853,13.777005,13.772204
7,4,PLT-3,1.529591,1.436530,14.139904,14.130157
7,4,PLT-4,1.680347,1.624547,14.111653,14.112545
7,4,PLT-5,0.168807,0.168995,14.111653,14.103224
7,4,PLT-6,0.068358,0.068603,14.139904,14.132369
7,4,PLT-7,0.170163,0.171733,14.111653,14.116699
7,4,PLT-8,0.064506,0.064775,14.139904,14.149836
7,4,PLT-9,0.281675,0.415725,14.111653,14.111178
7,4,UGS-0,0.070722,0.070834,1.734987,1.735438
7,4,UGS-1,0.153662,0.153130,1.624175,1.623793
7,4,UGS-10,0.057097,0.057004,1.548056,1.547000
7,4,UGS-11,0.144136,0.144192,1.569882,1.569034
7,4,UGS-12,0.061483,0.061162,1.551156,1.550681
7,4,UGS-13,0.131994,0.132271,1.617692,1.617772
7,4,UGS-14,0.051560,0.051787,1.569882,1.570478
7,4,UGS-15,0.057786,0.057234,1.637221,1.636367
7,4,UGS-16,0.137931,0.138519,1.560490,1.560896
7,4,UGS-2,0.134391,0.136376,1.566745,1.566836
7,4,UGS-20,0.058018,0.058216,1.617692,1.617594
7,4,UGS-21,0.139876,0.140336,1.520441,1.519009
7,4,UGS-22,0.146168,0.146095,1.502304,1.500785
7,4,UGS-23,0.145003,0.144662,1.563615,1.562495
7,4,UGS-24,0.138484,0.138789,1.627427,1.627117
7,4,UGS-25,0.055078,0.055406,1.627427,1.628501
7,4,UGS-26,0.136559,0.136432,1.532653,1.532290
7,4,UGS-27,0.058018,0.058110,1.611234,1.611952
7,4,UGS-28,0.148823,0.148936,1.576174,1.576554
7,4,UGS-29,0.058718,0.058829,1.630685,1.630159
7,4,UGS-3,0.065284,0.065353,1.611234,1.610892
7,4,UGS-4,0.056303,0.056385,1.690459,1.688780
7,4,UGS-5,0.128606,0.128400,1.573024,1.574143
7,4,UGS-6,0.055521,0.055678,1.604802,1.604469
7,4,UGS-7,0.060749,0.061609,1.548056,1.547310
7,4,UGS-8,0.142132,0.142707,1.573024,1.572540
7,4,UGS-9,0.160253,0.159730,1.611234,1.612430
7,5,APC-0,1.348510,1.331836,13.639921,13.629067
7,5,APC-1,0.136014,0.136963,13.971239,13.962519
7,5,APC-2,0.203722,0.205734,13.832223,13.824105
7,5,APC-3,0.203315,0.205367,13.943325,13.957960
7,5,CHQ-1,1.860788,1.881279,17.725441,17.717468
7,5,PLT-0,0.715338,0.752987,13.667228,13.657856
7,5,PLT-1,0.310677,0.464905,13.694590,13.701074
7,5,PLT-10,1.585659,1.581773,14.111653,14.109885
7,5,PLT-11,0.243412,0.391109,14.168212,14.170222
7,5,PLT-2,0.471894,0.540981,13.777005,13.772808
7,5,PLT-3,1.529591,1.455835,14.139904,14.128383
7,5,PLT-4,1.680347,1.651557,14.111653,14.116963
7,5,PLT-5,0.168807,0.170459,14.111653,14.105448
7,5,PLT-6,0.068358,0.068399,14.111653,14.126669
7,5,PLT-7,0.170503,0.171830,14.111653,14.117819
7,5,PLT-8,0.064377,0.064760,14.139904,14.152076
7,5,PLT-9,0.281675,0.421659,14.111653,14.110794
7,5,UGS-0,0.070581,0.070885,1.734987,1.735378
7,5,UGS-1,0.153662,0.153783,1.624175,1.624482
7,5,UGS-10,0.057097,0.056830,1.548056,1.547736
7,5,UGS-11,0.143848,0.143754,1.569882,1.569469
7,5,UGS-12,0.061483,0.061228,1.551156,1.550323
7,5,UGS-13,0.132258,0.132562,1.617692,1.617215
7,5,UGS-14,0.051560,0.051567,1.569882,1.571038
7,5,UGS-15,0.057671,0.057232,1.637221,1.636032
7,5,UGS-16,0.138207,0.138466,1.560490,1.560742
7,5,UGS-2,0.134660,0.135059,1.566745,1.566251
7,5,UGS-20,0.058018,0.058093,1.617692,1.617019
7,5,UGS-21,0.139876,0.140263,1.520441,1.518934
7,5,UGS-22,0.146168,0.146394,1.502304,1.500738
7,5,UGS-23,0.145003,0.145834,1.563615,1.562527
7,5,UGS-24,0.138484,0.139201,1.627427,1.627076
7,5,UGS-25,0.055078,0.055205,1.627427,1.628314
7,5,UGS-26,0.136286,0.136926,1.532653,1.532191
7,5,UGS-27,0.058018,0.057963,1.611234,1.612103
7,5,UGS-28,0.148823,0.149275,1.576174,1.577530
7,5,UGS-29,0.058601,0.058752,1.630685,1.630146
7,5,UGS-3,0.065284,0.065037,1.611234,1.610878
7,5,UGS-4,0.056303,0.056271,1.690459,1.688920
7,5,UGS-5,0.128349,0.128303,1.573024,1.574487
7,5,UGS-6,0.055410,0.055368,1.604802,1.604619
7,5,UGS-7,0.060628,0.061713,1.548056,1.547274
7,5,UGS-8,0.142132,0.142430,1.573024,1.572150
7,5,UGS-9,0.160253,0.159955,1.611234,1.612596
7,6,APC-0,1.348510,1.323350,13.639921,13.629466
7,6,APC-1,0.136014,0.137688,13.971239,13.963702
7,6,APC-2,0.203315,0.205880,13.832223,13.824768
7,6,APC-3,0.203315,0.209688,13.971239,13.958070
7,6,CHQ-1,1.864514,1.873644,17.725441,17.716761
7,6,PLT-0,0.718205,0.755145,13.667228,13.659156
7,6,PLT-1,0.309437,0.468049,13.694590,13.704306
7,6,PLT-10,1.585659,1.546896,14.111653,14.108164
7,6,PLT-11,0.242925,0.367821,14.168212,14.169196
7,6,PLT-2,0.473786,0.583774,13.777005,13.773364
7,6,PLT-3,1.529591,1.493485,14.139904,14.137140
7,6,PLT-4,1.680347,1.635641,14.111653,14.114235
7,6,PLT-5,0.168469,0.169299,14.111653,14.105016
7,6,PLT-6,0.068358,0.068556,14.139904,14.128652
7,6,PLT-7,0.170503,0.171452,14.111653,14.115707
7,6,PLT-8,0.064377,0.064509,14.139904,14.151182
7,6,PLT-9,0.280551,0.432162,14.111653,14.106394
7,6,UGS-0,0.070581,0.070575,1.734987,1.735430
7,6,UGS-1,0.153662,0.153945,1.624175,1.624340
7,6,UGS-10,0.057211,0.057322,1.548056,1.547090
7,6,UGS-11,0.143848,0.143398,1.569882,1.569116
7,6,UGS-12,0.061483,0.061189,1.551156,1.550374
7,6,UGS-13,0.132258,0.132927,1.617692,1.617317
7,6,UGS-14,0.051560,0.051714,1.569882,1.570700
7,6,UGS-15,0.057671,0.057893,1.637221,1.636114
7,6,UGS-16,0.137931,0.138662,1.560490,1.561094
7,6,UGS-2,0.134391,0.137016,1.566745,1.566232
7,6,UGS-20,0.057902,0.058013,1.617692,1.616926
7,6,UGS-21,0.139876,0.139695,1.520441,1.519109
7,6,UGS-22,0.146168,0.146561,1.502304,1.500780
7,6,UGS-23,0.145293,0.145344,1.563615,1.562733
7,6,UGS-24,0.138484,0.138888,1.627427,1.626849
7,6,UGS-25,0.055078,0.055335,1.627427,1.628657
7,6,UGS-26,0.136559,0.136537,1.532653,1.532197
7,6,UGS-27,0.057902,0.058419,1.611234,1.612175
7,6,UGS-28,0.149120,0.149123,1.576174,1.577119
7,6,UGS-29,0.058601,0.058845,1.630685,1.629903
7,6,UGS-3,0.065284,0.064848,1.611234,1.611126
7,6,UGS-4,0.056303,0.056335,1.687082,1.688525
7,6,UGS-5,0.128349,0.128086,1.576174,1.574555
7,6,UGS-6,0.055521,0.055389,1.604802,1.604620
7,6,UGS-7,0.060749,0.061401,1.548056,1.547410
7,6,UGS-8,0.142132,0.142340,1.573024,1.572293
7,6,UGS-9,0.160253,0.159378,1.611234,1.612159
7,7,APC-0,1.348510,1.330645,13.639921,13.629160
7,7,APC-1,0.136014,0.137131,13.971239,13.964519
7,7,APC-2,0.203722,0.204500,13.832223,13.821293
7,7,APC-3,0.202908,0.207748,13.971239,13.958869
7,7,CHQ-1,1.860788,1.870520,17.725441,17.714999
7,7,PLT-0,0.716770,0.746031,13.667228,13.660212
7,7,PLT-1,0.309437,0.521106,13.694590,13.699233
7,7,PLT-10,1.588834,1.579817,14.111653,14.105501
7,7,PLT-11,0.242925,0.261219,14.168212,14.170388
7,7,PLT-2,0.472839,0.556866,13.777005,13.773433
7,7,PLT-3,1.529591,1.488059,14.139904,14.133462
7,7,PLT-4,1.680347,1.638024,14.111653,14.113850
7,7,PLT-5,0.168807,0.169797,14.111653,14.109925
7,7,PLT-6,0.068495,0.068568,14.139904,14.127367
7,7,PLT-7,0.170503,0.171064,14.111653,14.114727
7,7,PLT-8,0.064377,0.064708,14.139904,14.150866
7,7,PLT-9,0.281675,0.431830,14.111653,14.111700
7,7,UGS-0,0.070581,0.070638,1.734987,1.734886
7,7,UGS-1,0.153662,0.153987,1.624175,1.624351
7,7,UGS-10,0.057097,0.056981,1.548056,1.547490
7,7,UGS-11,0.143848,0.143797,1.569882,1.569818
7,7,UGS-12,0.061483,0.061380,1.551156,1.550197
7,7,UGS-13,0.132258,0.132366,1.617692,1.617418
7,7,UGS-14,0.051664,0.051714,1.569882,1.570856
7,7,UGS-15,0.057671,0.057430,1.637221,1.636051
7,7,UGS-16,0.137931,0.138372,1.560490,1.560872
7,7,UGS-2,0.134391,0.136102,1.566745,1.566526
7,7,UGS-20,0.057902,0.058092,1.617692,1.617584
7,7,UGS-21,0.139876,0.140612,1.517403,1.518851
7,7,UGS-22,0.146460,0.145934,1.502304,1.500972
7,7,UGS-23,0.145293,0.145318,1.563615,1.562122
7,7,UGS-24,0.138484,0.138960,1.627427,1.627135
7,7,UGS-25,0.055078,0.055060,1.627427,1.628192
7,7,UGS-26,0.136286,0.136437,1.532653,1.532092
7,7,UGS-27,0.058018,0.058258,1.611234,1.612447
7,7,UGS-28,0.148823,0.148690,1.576174,1.577115
7,7,UGS-29,0.058718,0.058972,1.630685,1.630189
7,7,UGS-3,0.065284,0.065113,1.611234,1.610105
7,7,UGS-4,0.056191,0.056292,1.690459,1.689045
7,7,UGS-5,0.128349,0.128420,1.573024,1.574152
7,7,UGS-6,0.055410,0.055486,1.604802,1.604369
7,7,UGS-7,0.060749,0.061716,1.548056,1.547333
7,7,UGS-8,0.142132,0.142184,1.573024,1.572210
7,7,UGS-9,0.160253,0.159904,1.611234,1.612480
7,8,APC-0,1.348510,1.332646,13.639921,13.629898
7,8,APC-1,0.136014,0.137978,13.971239,13.964548
7,8,APC-2,0.203315,0.205656,13.832223,13.821372
7,8,APC-3,0.203315,0.208116,13.971239,13.961476
7,8,CHQ-1,1.860788,1.871653,17.725441,17.717532
7,8,PLT-0,0.718205,0.763628,13.667228,13.662663
7,8,PLT-1,0.308819,0.430017,13.694590,13.702212
7,8,PLT-10,1.582491,1.575497,14.111653,14.110341
7,8,PLT-11,0.242925,0.374971,14.168212,14.169871
7,8,PLT-2,0.472839,0.578256,13.777005,13.775695
7,8,PLT-3,1.532653,1.501545,14.139904,14.132160
7,8,PLT-4,1.680347,1.669594,14.111653,14.121251
7,8,PLT-5,0.168469,0.169350,14.111653,14.108163
7,8,PLT-6,0.068495,0.068552,14.139904,14.127521
7,8,PLT-7,0.170503,0.171555,14.111653,14.119562
7,8,PLT-8,0.064506,0.064745,14.139904,14.152947
7,8,PLT-9,0.281112,0.429451,14.111653,14.110900
7,8,UGS-0,0.070722,0.070801,1.734987,1.735246
7,8,UGS-1,0.153662,0.153761,1.624175,1.623799
7,8,UGS-10,0.057097,0.057085,1.548056,1.547365
7,8,UGS-11,0.143848,0.143713,1.569882,1.569429
7,8,UGS-12,0.061483,0.061320,1.551156,1.550386
7,8,UGS-13,0.131994,0.132389,1.617692,1.617417
7,8,UGS-14,0.051664,0.051783,1.569882,1.570537
7,8,UGS-15,0.057786,0.057395,1.637221,1.636034
7,8,UGS-16,0.137931,0.138370,1.560490,1.561049
7,8,UGS-2,0.134391,0.135767,1.566745,1.566485
7,8,UGS-20,0.058018,0.058000,1.617692,1.617369
7,8,UGS-21,0.139876,0.140336,1.520441,1.519588
7,8,UGS-22,0.146168,0.145785,1.499303,1.500736
7,8,UGS-23,0.145293,0.145413,1.563615,1.562605
7,8,UGS-24,0.138484,0.139019,1.627427,1.626904
7,8,UGS-25,0.055078,0.055165,1.627427,1.628523
7,8,UGS-26,0.136286,0.136425,1.532653,1.531930
7,8,UGS-27,0.058018,0.058216,1.611234,1.612064
7,8,UGS-28,0.148823,0.149020,1.576174,1.576788
7,8,UGS-29,0.058601,0.058778,1.630685,1.630351
7,8,UGS-3,0.065284,0.065161,1.611234,1.610910
7,8,UGS-4,0.056303,0.056299,1.690459,1.689010
7,8,UGS-5,0.128349,0.128385,1.573024,1.574157
7,8,UGS-6,0.055410,0.055453,1.604802,1.604103
7,8,UGS-7,0.060749,0.061390,1.548056,1.547077
7,8,UGS-8,0.142132,0.142408,1.573024,1.572758
7,8,UGS-9,0.160253,0.159754,1.611234,1.611674
7,9,APC-0,1.348510,1.330192,13.612669,13.625717
7,9,APC-1,0.136014,0.138451,13.971239,13.966228
7,9,APC-2,0.203722,0.207358,13.832223,13.817422
7,9,APC-3,0.202908,0.208364,13.971239,13.962430
7,9,CHQ-1,1.860788,1.864140,17.725441,17.717366
7,9,PLT-0,0.716770,0.742328,13.667228,13.658639
7,9,PLT-1,0.310057,0.470555,13.694590,13.701045
7,9,PLT-10,1.585659,1.575186,14.111653,14.111073
7,9,PLT-11,0.243412,0.341842,14.168212,14.167131
7,9,PLT-2,0.472839,0.560822,13.777005,13.771929
7,9,PLT-3,1.529591,1.471328,14.139904,14.132640
7,9,PLT-4,1.683711,1.659338,14.111653,14.113874
7,9,PLT-5,0.168807,0.168713,14.111653,14.106821
7,9,PLT-6,0.068358,0.068715,14.139904,14.133848
7,9,PLT-7,0.170503,0.171800,14.111653,14.113344
7,9,PLT-8,0.064506,0.064713,14.168212,14.154392
7,9,PLT-9,0.282239,0.419845,14.111653,14.108327
7,9,UGS-0,0.070581,0.070965,1.734987,1.735443
7,9,UGS-1,0.153355,0.153322,1.624175,1.623876
7,9,UGS-10,0.057097,0.056873,1.548056,1.547875
7,9,UGS-11,0.143848,0.143407,1.569882,1.569507
7,9,UGS-12,0.061360,0.061346,1.551156,1.550589
7,9,UGS-13,0.131994,0.132994,1.617692,1.618070
7,9,UGS-14,0.051560,0.051727,1.569882,1.570986
7,9,UGS-15,0.057786,0.057379,1.637221,1.636615
7,9,UGS-16,0.137931,0.138033,1.560490,1.561319
7,9,UGS-2,0.134660,0.136547,1.566745,1.566624
7,9,UGS-20,0.057902,0.058175,1.617692,1.617064
7,9,UGS-21,0.139876,0.140628,1.520441,1.518999
7,9,UGS-22,0.146168,0.145520,1.502304,1.500951
7,9,UGS-23,0.145003,0.145532,1.563615,1.562314
7,9,UGS-24,0.138484,0.139089,1.627427,1.627080
7,9,UGS-25,0.055078,0.055172,1.627427,1.628324
7,9,UGS-26,0.136559,0.136747,1.532653,1.532329
7,9,UGS-27,0.058018,0.058519,1.611234,1.611981
7,9,UGS-28,0.148823,0.148311,1.576174,1.576337
7,9,UGS-29,0.058601,0.058804,1.630685,1.630246
7,9,UGS-3,0.065284,0.065292,1.611234,1.610679
7,9,UGS-4,0.056191,0.056369,1.690459,1.689280
7,9,UGS-5,0.128606,0.128853,1.573024,1.574286
7,9,UGS-6,0.055410,0.055262,1.604802,1.605702
7,9,UGS-7,0.060749,0.062103,1.548056,1.547717
7,9,UGS-8,0.142132,0.142245,1.573024,1.572393
7,9,UGS-9,0.160574,0.158592,1.611234,1.612188
8,0,APC-0,1.348510,1.322775,13.639921,13.628521
8,0,APC-1,0.135742,0.138273,13.971239,13.959509
8,0,APC-2,0.203315,0.205568,13.832223,13.821335
8,0,APC-3,0.202908,0.210437,13.971239,13.960852
8,0,CHQ-1,1.864514,1.883028,17.725441,17.720113
8,0,PLT-0,0.715338,0.751021,13.667228,13.658827
8,0,PLT-1,0.310057,0.494145,13.694590,13.696215
8,0,PLT-10,1.585659,1.559554,14.111653,14.110516
8,0,PLT-11,0.243412,0.427602,14.168212,14.167774
8,0,PLT-2,0.472839,0.540143,13.777005,13.771639
8,0,PLT-3,1.529591,1.436077,14.139904,14.129561
8,0,PLT-4,1.680347,1.633398,14.111653,14.114546
8,0,PLT-5,0.168807,0.169582,14.111653,14.103883
8,0,PLT-6,0.068358,0.068490,14.139904,14.135570
8,0,PLT-7,0.170503,0.171075,14.111653,14.119820
8,0,PLT-8,0.064506,0.064295,14.139904,14.150267
8,0,PLT-9,0.282239,0.454429,14.111653,14.109786
8,0,UGS-0,0.070581,0.070595,1.734987,1.735272
8,0,UGS-1,0.153662,0.153428,1.624175,1.624310
8,0,UGS-10,0.057097,0.056887,1.548056,1.547038
8,0,UGS-11,0.143848,0.143493,1.569882,1.569056
8,0,UGS-12,0.061483,0.061316,1.551156,1.549933
8,0,UGS-13,0.132258,0.132676,1.617692,1.617298
8,0,UGS-14,0.051664,0.051744,1.569882,1.570956
8,0,UGS-15,0.057671,0.057410,1.637221,1.636091
8,0,UGS-16,0.137931,0.138436,1.560490,1.560675
8,0,UGS-2,0.134660,0.136453,1.566745,1.566754
8,0,UGS-20,0.057902,0.058136,1.617692,1.617341
8,0,UGS-21,0.139596,0.140218,1.520441,1.519195
8,0,UGS-22,0.146168,0.145614,1.502304,1.500997
8,0,UGS-23,0.145003,0.145456,1.563615,1.562405
8,0,UGS-24,0.138484,0.139182,1.627427,1.627303
8,0,UGS-25,0.055188,0.054994,1.627427,1.628186
8,0,UGS-26,0.136559,0.136600,1.532653,1.531988
8,0,UGS-27,0.058018,0.058395,1.611234,1.611985
8,0,UGS-28,0.148823,0.149052,1.576174,1.576798
8,0,UGS-29,0.058601,0.059086,1.630685,1.630412
8,0,UGS-3,0.065284,0.065093,1.611234,1.610963
8,0,UGS-4,0.056303,0.056349,1.690459,1.689066
8,0,UGS-5,0.128606,0.128063,1.573024,1.574209
8,0,UGS-6,0.055410,0.055397,1.604802,1.604721
8,0,UGS-7,0.060749,0.062409,1.548056,1.546870
8,0,UGS-8,0.142132,0.142343,1.573024,1.572439
8,0,UGS-9,0.160253,0.158563,1.611234,1.612418
8,1,APC-0,1.348510,1.337019,13.639921,13.628720
8,1,APC-1,0.136286,0.138642,13.971239,13.965545
8,1,APC-2,0.203722,0.206203,13.832223,13.822131
8,1,APC-3,0.203315,0.208735,13.971239,13.960611
8,1,CHQ-1,1.860788,1.882781,17.725441,17.713335
8,1,PLT-0,0.713909,0.755846,13.667228,13.657395
8,1,PLT-1,0.310677,0.512513,13.694590,13.701007
8,1,PLT-10,1.585659,1.536053,14.111653,14.106484
8,1,PLT-11,0.243412,0.417651,14.168212,14.168334
8,1,PLT-2,0.470951,0.537699,13.777005,13.776245
8,1,PLT-3,1.529591,1.489417,14.139904,14.129485
8,1,PLT-4,1.680347,1.609548,14.111653,14.114920
8,1,PLT-5,0.168469,0.169500,14.111653,14.104584
8,1,PLT-6,0.068358,0.068314,14.139904,14.126723
8,1,PLT-7,0.170503,0.171782,14.111653,14.112292
8,1,PLT-8,0.064506,0.064729,14.168212,14.153441
8,1,PLT-9,0.281112,0.433510,14.111653,14.109163
8,1,UGS-0,0.070581,0.070877,1.734987,1.735463
8,1,UGS-1,0.153662,0.153620,1.624175,1.623883
8,1,UGS-10,0.057097,0.056907,1.548056,1.547437
8,1,UGS-11,0.143848,0.144008,1.569882,1.569413
8,1,UGS-12,0.061483,0.061298,1.551156,1.550361
8,1,UGS-13,0.131994,0.132632,1.617692,1.617552
8,1,UGS-14,0.051560,0.051664,1.569882,1.570893
8,1,UGS-15,0.057671,0.057334,1.637221,1.636047
8,1,UGS-16,0.138207,0.138069,1.560490,1.561058
8,1,UGS-2,0.134660,0.136873,1.566745,1.566543
8,1,UGS-20,0.057902,0.058036,1.617692,1.617246
8,1,UGS-21,0.139876,0.140414,1.520441,1.519001
8,1,UGS-22,0.146168,0.145752,1.499303,1.500711
8,1,UGS-23,0.145293,0.145328,1.563615,1.562398
8,1,UGS-24,0.138484,0.138680,1.627427,1.627465
8,1,UGS-25,0.055188,0.054880,1.627427,1.628646
8,1,UGS-26,0.136286,0.136648,1.532653,1.532627
8,1,UGS-27,0.058018,0.057999,1.611234,1.612146
8,1,UGS-28,0.148823,0.149429,1.576174,1.577109
8,1,UGS-29,0.058601,0.058795,1.630685,1.630520
8,1,UGS-3,0.065284,0.064931,1.611234,1.610460
8,1,UGS-4,0.056303,0.056297,1.690459,1.688925
8,1,UGS-5,0.128606,0.128849,1.573024,1.574458
8,1,UGS-6,0.055410,0.055501,1.604802,1.604403
8,1,UGS-7,0.060749,0.061842,1.548056,1.547089
8,1,UGS-8,0.142132,0.142823,1.573024,1.572624
8,1,UGS-9,0.160253,0.158703,1.611234,1.612051
8,2,APC-0,1.348510,1.342593,13.612669,13.626233
8,2,APC-1,0.136014,0.136972,13.971239,13.962234
8,2,APC-2,0.203315,0.205232,13.832223,13.820913
8,2,APC-3,0.203315,0.210339,13.971239,13.964584
8,2,CHQ-1,1.864514,1.881387,17.725441,17.720499
8,2,PLT-0,0.718205,0.766139,13.667228,13.659703
8,2,PLT-1,0.310057,0.461680,13.694590,13.697723
8,2,PLT-10,1.585659,1.527047,14.111653,14.111050
8,2,PLT-11,0.242925,0.359231,14.168212,14.175222
8,2,PLT-2,0.473786,0.508043,13.777005,13.773109
8,2,PLT-3,1.529591,1.516149,14.139904,14.128826
8,2,PLT-4,1.683711,1.663180,14.111653,14.116351
8,2,PLT-5,0.168807,0.169109,14.111653,14.105022
8,2,PLT-6,0.068495,0.068501,14.139904,14.129406
8,2,PLT-7,0.170845,0.170903,14.111653,14.115839
8,2,PLT-8,0.064506,0.064528,14.168212,14.155972
8,2,PLT-9,0.281112,0.307316,14.111653,14.106335
8,2,UGS-0,0.070581,0.070690,1.734987,1.735341
8,2,UGS-1,0.153662,0.155941,1.624175,1.623897
8,2,UGS-10,0.057097,0.056989,1.548056,1.547079
8,2,UGS-11,0.143848,0.143875,1.569882,1.569193
8,2,UGS-12,0.061483,0.061522,1.551156,1.550620
8,2,UGS-13,0.132258,0.132110,1.617692,1.618062
8,2,UGS-14,0.051560,0.051736,1.569882,1.570553
8,2,UGS-15,0.057786,0.057472,1.633950,1.635706
8,2,UGS-16,0.138207,0.138277,1.560490,1.560786
8,2,UGS-2,0.134660,0.136695,1.566745,1.566403
8,2,UGS-20,0.057902,0.058066,1.617692,1.617373
8,2,UGS-21,0.139876,0.140621,1.520441,1.519189
8,2,UGS-22,0.146168,0.146127,1.502304,1.501019
8,2,UGS-23,0.145293,0.144906,1.563615,1.562410
8,2,UGS-24,0.138484,0.138802,1.627427,1.626990
8,2,UGS-25,0.055078,0.055019,1.627427,1.627971
8,2,UGS-26,0.136559,0.136618,1.532653,1.531928
8,2,UGS-27,0.057902,0.057451,1.611234,1.612459
8,2,UGS-28,0.148823,0.148363,1.576174,1.576312
8,2,UGS-29,0.058601,0.058681,1.630685,1.630499
8,2,UGS-3,0.065284,0.065396,1.611234,1.610978
8,2,UGS-4,0.056303,0.056201,1.687082,1.688499
8,2,UGS-5,0.128349,0.128119,1.576174,1.574627
8,2,UGS-6,0.055410,0.055277,1.604802,1.604196
8,2,UGS-7,0.060628,0.061188,1.548056,1.547362
8,2,UGS-8,0.142132,0.142734,1.573024,1.572165
8,2,UGS-9,0.159933,0.159191,1.611234,1.612405
8,3,APC-0,1.348510,1.323449,13.639921,13.629556
8,3,APC-1,0.136014,0.136984,13.971239,13.965548
8,3,APC-2,0.203722,0.206519,13.832223,13.822560
8,3,APC-3,0.203315,0.209390,13.971239,13.957833
8,3,CHQ-1,1.860788,1.864462,17.725441,17.714547
8,3,PLT-0,0.716770,0.751311,13.667228,13.659443
8,3,PLT-1,0.309437,0.534339,13.694590,13.696703
8,3,PLT-10,1.585659,1.529451,14.111653,14.108016
8,3,PLT-11,0.242440,0.419839,14.168212,14.170484
8,3,PLT-2,0.472839,0.573796,13.777005,13.775601
8,3,PLT-3,1.532653,1.447504,14.139904,14.130612
8,3,PLT-4,1.683711,1.620339,14.111653,14.115625
8,3,PLT-5,0.168807,0.169851,14.111653,14.102044
8,3,PLT-6,0.068358,0.068744,14.139904,14.132270
8,3,PLT-7,0.170503,0.172421,14.111653,14.117040
8,3,PLT-8,0.064506,0.064864,14.139904,14.151154
8,3,PLT-9,0.282239,0.370817,14.111653,14.113394
8,3,UGS-0,0.070581,0.070760,1.734987,1.735475
8,3,UGS-1,0.153355,0.154164,1.624175,1.624473
8,3,UGS-10,0.057097,0.056980,1.548056,1.548044
8,3,UGS-11,0.143848,0.143909,1.569882,1.569818
8,3,UGS-12,0.061483,0.061538,1.551156,1.550770
8,3,UGS-13,0.132258,0.132753,1.617692,1.617146
8,3,UGS-14,0.051560,0.051734,1.569882,1.570889
8,3,UGS-15,0.057786,0.057283,1.633950,1.635402
8,3,UGS-16,0.137931,0.138574,1.560490,1.560974
8,3,UGS-2,0.134391,0.136540,1.566745,1.566367
8,3,UGS-20,0.058018,0.057987,1.617692,1.617294
8,3,UGS-21,0.139876,0.140572,1.520441,1.519084
8,3,UGS-22,0.146168,0.145854,1.502304,1.501146
8,3,UGS-23,0.145003,0.145492,1.563615,1.562841
8,3,UGS-24,0.138207,0.138683,1.627427,1.626781
8,3,UGS-25,0.055078,0.055123,1.627427,1.628215
8,3,UGS-26,0.136286,0.136480,1.532653,1.532441
8,3,UGS-27,0.058018,0.058582,1.611234,1.612033
8,3,UGS-28,0.148823,0.148878,1.576174,1.576737
8,3,UGS-29,0.058718,0.059163,1.630685,1.629572
8,3,UGS-3,0.065284,0.065181,1.611234,1.610668
8,3,UGS-4,0.056191,0.056351,1.690459,1.689077
8,3,UGS-5,0.128349,0.128486,1.576174,1.574692
8,3,UGS-6,0.055521,0.055466,1.604802,1.604201
8,3,UGS-7,0.060749,0.061720,1.548056,1.546844
8,3,UGS-8,0.141848,0.142175,1.573024,1.572494
8,3,UGS-9,0.160253,0.159502,1.611234,1.612194
8,4,APC-0,1.348510,1.336203,13.639921,13.626513
8,4,APC-1,0.135742,0.137914,13.971239,13.964026
8,4,APC-2,0.203315,0.207008,13.832223,13.821592
8,4,APC-3,0.202908,0.209308,13.971239,13.958685
8,4,CHQ-1,1.860788,1.884313,17.725441,17.710584
8,4,PLT-0,0.715338,0.743378,13.667228,13.656876
8,4,PLT-1,0.310677,0.471760,13.694590,13.695818
8,4,PLT-10,1.585659,1.569914,14.111653,14.106753
8,4,PLT-11,0.242925,0.437597,14.168212,14.171409
8,4,PLT-2,0.473786,0.582260,13.777005,13.775292
8,4,PLT-3,1.529591,1.437481,14.139904,14.130544
8,4,PLT-4,1.680347,1.604610,14.111653,14.116662
8,4,PLT-5,0.168807,0.169857,14.111653,14.108953
8,4,PLT-6,0.068358,0.068640,14.139904,14.135324
8,4,PLT-7,0.170503,0.171166,14.111653,14.115229
8,4,PLT-8,0.064377,0.064704,14.139904,14.151036
8,4,PLT-9,0.280551,0.444610,14.111653,14.106907
8,4,UGS-0,0.070581,0.070910,1.734987,1.735393
8,4,UGS-1,0.153662,0.153240,1.624175,1.624094
8,4,UGS-10,0.057211,0.057016,1.548056,1.547136
8,4,UGS-11,0.143848,0.143502,1.569882,1.569262
8,4,UGS-12,0.061483,0.061362,1.551156,1.550290
8,4,UGS-13,0.132258,0.133024,1.617692,1.617363
8,4,UGS-14,0.051664,0.051732,1.569882,1.570942
8,4,UGS-15,0.057671,0.057420,1.637221,1.635936
8,4,UGS-16,0.137931,0.138386,1.560490,1.560917
8,4,UGS-2,0.134660,0.136695,1.566745,1.566347
8,4,UGS-20,0.058018,0.057895,1.617692,1.617066
8,4,UGS-21,0.139876,0.140758,1.520441,1.519135
8,4,UGS-22,0.146168,0.146004,1.502304,1.501127
8,4,UGS-23,0.145003,0.145185,1.563615,1.562375
8,4,UGS-24,0.138484,0.138851,1.627427,1.626767
8,4,UGS-25,0.055078,0.055069,1.627427,1.627972
8,4,UGS-26,0.136559,0.136594,1.532653,1.532177
8,4,UGS-27,0.058134,0.058045,1.611234,1.611948
8,4,UGS-28,0.149120,0.148225,1.576174,1.576759
8,4,UGS-29,0.058718,0.058993,1.630685,1.630928
8,4,UGS-3,0.065284,0.064895,1.611234,1.610781
8,4,UGS-4,0.056191,0.056421,1.690459,1.689207
8,4,UGS-5,0.128349,0.128082,1.573024,1.574142
8,4,UGS-6,0.055410,0.055403,1.604802,1.604094
8,4,UGS-7,0.060749,0.061449,1.548056,1.547818
8,4,UGS-8,0.142132,0.142059,1.573024,1.572200
8,4,UGS-9,0.159933,0.158829,1.611234,1.612276
8,5,APC-0,1.348510,1.319308,13.639921,13.629120
8,5,APC-1,0.135742,0.137665,13.971239,13.968062
8,5,APC-2,0.203315,0.206269,13.832223,13.820460
8,5,APC-3,0.203315,0.208111,13.971239,13.962618
8,5,CHQ-1,1.860788,1.865491,17.725441,17.716578
8,5,PLT-0,0.716770,0.724629,13.667228,13.661167
8,5,PLT-1,0.310057,0.501891,13.694590,13.701946
8,5,PLT-10,1.585659,1.576982,14.111653,14.107709
8,5,PLT-11,0.243412,0.381881,14.168212,14.171671
8,5,PLT-2,0.474734,0.561146,13.777005,13.777159
8,5,PLT-3,1.529591,1.456379,14.139904,14.131161
8,5,PLT-4,1.683711,1.615104,14.111653,14.115515
8,5,PLT-5,0.168807,0.169790,14.111653,14.102483
8,5,PLT-6,0.068495,0.068523,14.139904,14.129006
8,5,PLT-7,0.170163,0.171468,14.111653,14.115710
8,5,PLT-8,0.064248,0.064452,14.139904,14.151491
8,5,PLT-9,0.281675,0.377220,14.111653,14.110852
8,5,UGS-0,0.070722,0.071252,1.734987,1.735327
8,5,UGS-1,0.153355,0.154117,1.624175,1.624560
8,5,UGS-10,0.057097,0.056819,1.548056,1.547703
8,5,UGS-11,0.143848,0.143491,1.569882,1.569014
8,5,UGS-12,0.061483,0.061650,1.551156,1.550504
8,5,UGS-13,0.132258,0.132667,1.617692,1.617815
8,5,UGS-14,0.051560,0.051743,1.569882,1.570818
8,5,UGS-15,0.057671,0.057225,1.637221,1.635915
8,5,UGS-16,0.138207,0.138211,1.560490,1.560731
8,5,UGS-2,0.134660,0.136589,1.566745,1.566638
8,5,UGS-20,0.058018,0.058029,1.617692,1.617243
8,5,UGS-21,0.139876,0.140638,1.517403,1.518675
8,5,UGS-22,0.146168,0.146418,1.502304,1.501186
8,5,UGS-23,0.145293,0.145215,1.563615,1.562627
8,5,UGS-24,0.138207,0.138945,1.627427,1.627163
8,5,UGS-25,0.055078,0.055027,1.627427,1.627973
8,5,UGS-26,0.136559,0.137010,1.532653,1.531938
8,5,UGS-27,0.058018,0.058030,1.611234,1.612328
8,5,UGS-28,0.148823,0.148662,1.576174,1.576714
8,5,UGS-29,0.058601,0.058755,1.630685,1.630207
8,5,UGS-3,0.065284,0.065114,1.611234,1.610961
8,5,UGS-4,0.056191,0.055973,1.690459,1.688895
8,5,UGS-5,0.128349,0.127531,1.573024,1.574276
8,5,UGS-6,0.055521,0.055424,1.604802,1.604063
8,5,UGS-7,0.060749,0.061723,1.548056,1.546591
8,5,UGS-8,0.142132,0.141804,1.573024,1.572268
8,5,UGS-9,0.160253,0.159070,1.611234,1.612421
8,6,APC-0,1.351209,1.343626,13.639921,13.627812
8,6,APC-1,0.136014,0.137375,13.971239,13.963262
8,6,APC-2,0.203722,0.204865,13.832223,13.821550
8,6,APC-3,0.202908,0.205579,13.971239,13.962394
8,6,CHQ-1,1.860788,1.868247,17.725441,17.713649
8,6,PLT-0,0.718205,0.762822,13.667228,13.660158
8,6,PLT-1,0.310057,0.539333,13.694590,13.700151
8,6,PLT-10,1.585659,1.577379,14.111653,14.108911
8,6,PLT-11,0.243412,0.405695,14.168212,14.172126
8,6,PLT-2,0.472839,0.577706,13.777005,13.773036
8,6,PLT-3,1.532653,1.481119,14.139904,14.129399
8,6,PLT-4,1.680347,1.645133,14.111653,14.110741
8,6,PLT-5,0.168469,0.169493,14.111653,14.102406
8,6,PLT-6,0.068495,0.068686,14.139904,14.129715
8,6,PLT-7,0.170503,0.171199,14.111653,14.117354
8,6,PLT-8,0.064506,0.064613,14.139904,14.154175
8,6,PLT-9,0.281112,0.451289,14.111653,14.111221
8,6,UGS-0,0.070581,0.070721,1.734987,1.735419
8,6,UGS-1,0.153662,0.153628,1.624175,1.623605
8,6,UGS-10,0.057097,0.056909,1.548056,1.547424
8,6,UGS-11,0.143848,0.143779,1.569882,1.569054
8,6,UGS-12,0.061360,0.061375,1.551156,1.550434
8,6,UGS-13,0.131994,0.132154,1.617692,1.617248
8,6,UGS-14,0.051560,0.051790,1.569882,1.570694
8,6,UGS-15,0.057786,0.057267,1.637221,1.635954
8,6,UGS-16,0.137931,0.138168,1.560490,1.561069
8,6,UGS-2,0.134391,0.136351,1.566745,1.566199
8,6,UGS-20,0.058018,0.058014,1.617692,1.617174
8,6,UGS-21,0.139876,0.140212,1.520441,1.519313
8,6,UGS-22,0.146168,0.146059,1.502304,1.500904
8,6,UGS-23,0.145293,0.145369,1.563615,1.562330
8,6,UGS-24,0.138484,0.139103,1.627427,1.627141
8,6,UGS-25,0.055078,0.055142,1.627427,1.628050
8,6,UGS-26,0.136559,0.136251,1.532653,1.532252
8,6,UGS-27,0.058018,0.058320,1.611234,1.612259
8,6,UGS-28,0.149120,0.148949,1.576174,1.577176
8,6,UGS-29,0.058718,0.058779,1.630685,1.630023
8,6,UGS-3,0.065154,0.065046,1.611234,1.610579
8,6,UGS-4,0.056303,0.056368,1.690459,1.689285
8,6,UGS-5,0.128349,0.128260,1.573024,1.574168
8,6,UGS-6,0.055410,0.055463,1.604802,1.604617
8,6,UGS-7,0.060749,0.061330,1.548056,1.547428
8,6,UGS-8,0.142132,0.141902,1.573024,1.572472
8,6,UGS-9,0.160253,0.159445,1.611234,1.612063
8,7,APC-0,1.348510,1.339104,13.639921,13.631661
8,7,APC-1,0.135742,0.137216,13.971239,13.963573
8,7,APC-2,0.203722,0.204197,13.832223,13.822645
8,7,APC-3,0.203315,0.206295,13.971239,13.960966
8,7,CHQ-1,1.857070,1.877479,17.725441,17.717585
8,7,PLT-0,0.716770,0.749267,13.667228,13.664114
8,7,PLT-1,0.310677,0.445679,13.694590,13.693560
8,7,PLT-10,1.582491,1.578649,14.111653,14.111138
8,7,PLT-11,0.242925,0.279992,14.168212,14.171705
8,7,PLT-2,0.472839,0.569308,13.777005,13.768192
8,7,PLT-3,1.529591,1.507473,14.139904,14.132066
8,7,PLT-4,1.680347,1.673932,14.111653,14.115572
8,7,PLT-5,0.168807,0.169048,14.111653,14.103763
8,7,PLT-6,0.068358,0.068676,14.139904,14.130625
8,7,PLT-7,0.170503,0.170818,14.111653,14.112570
8,7,PLT-8,0.064377,0.064677,14.168212,14.152475
8,7,PLT-9,0.281112,0.406697,14.111653,14.110910
8,7,UGS-0,0.070581,0.070647,1.734987,1.734803
8,7,UGS-1,0.153662,0.154025,1.624175,1.624107
8,7,UGS-10,0.057097,0.056943,1.548056,1.547382
8,7,UGS-11,0.144136,0.143803,1.569882,1.569508
8,7,UGS-12,0.061483,0.061485,1.551156,1.550261
8,7,UGS-13,0.131994,0.132173,1.617692,1.617647
8,7,UGS-14,0.051560,0.051709,1.569882,1.570556
8,7,UGS-15,0.057671,0.057275,1.637221,1.636430
8,7,UGS-16,0.137931,0.137872,1.560490,1.560868
8,7,UGS-2,0.134660,0.136004,1.566745,1.566461
8,7,UGS-20,0.058018,0.058026,1.617692,1.617007
8,7,UGS-21,0.139876,0.140429,1.520441,1.519106
8,7,UGS-22,0.146168,0.145936,1.499303,1.500682
8,7,UGS-23,0.145003,0.145238,1.563615,1.562235
8,7,UGS-24,0.138484,0.139057,1.627427,1.627605
8,7,UGS-25,0.055078,0.055037,1.627427,1.627893
8,7,UGS-26,0.136559,0.136276,1.532653,1.532301
8,7,UGS-27,0.058018,0.058311,1.611234,1.612086
8,7,UGS-28,0.148823,0.148947,1.576174,1.577276
8,7,UGS-29,0.058718,0.059060,1.630685,1.629747
8,7,UGS-3,0.065284,0.065075,1.611234,1.610586
8,7,UGS-4,0.056303,0.056407,1.687082,1.688579
8,7,UGS-5,0.128606,0.128429,1.573024,1.574368
8,7,UGS-6,0.055410,0.055479,1.604802,1.604055
8,7,UGS-7,0.060749,0.061599,1.548056,1.546818
8,7,UGS-8,0.142132,0.142460,1.573024,1.572940
8,7,UGS-9,0.160253,0.159810,1.611234,1.612523
8,8,APC-0,1.348510,1.343553,13.639921,13.632210
8,8,APC-1,0.135742,0.137116,13.971239,13.964086
8,8,APC-2,0.203722,0.206380,13.832223,13.820817
8,8,APC-3,0.203315,0.208237,13.971239,13.961703
8,8,CHQ-1,1.864514,1.873711,17.725441,17.718029
8,8,PLT-0,0.716770,0.740634,13.667228,13.659003
8,8,PLT-1,0.310057,0.515345,13.694590,13.697349
8,8,PLT-10,1.585659,1.564255,14.111653,14.104958
8,8,PLT-11,0.243412,0.264022,14.168212,14.166924
8,8,PLT-2,0.471894,0.561329,13.777005,13.774516
8,8,PLT-3,1.529591,1.506939,14.139904,14.133101
8,8,PLT-4,1.680347,1.664547,14.111653,14.118467
8,8,PLT-5,0.168807,0.169555,14.111653,14.105389
8,8,PLT-6,0.068358,0.068641,14.139904,14.133082
8,8,PLT-7,0.170503,0.171589,14.111653,14.117016
8,8,PLT-8,0.064506,0.064693,14.139904,14.152466
8,8,PLT-9,0.282804,0.390955,14.111653,14.110269
8,8,UGS-0,0.070440,0.070641,1.734987,1.735225
8,8,UGS-1,0.153355,0.154052,1.624175,1.624104
8,8,UGS-10,0.057097,0.056975,1.548056,1.547183
8,8,UGS-11,0.144136,0.143645,1.569882,1.569279
8,8,UGS-12,0.061483,0.061405,1.551156,1.550041
8,8,UGS-13,0.131994,0.132572,1.617692,1.617074
8,8,UGS-14,0.051560,0.051680,1.569882,1.571196
8,8,UGS-15,0.057671,0.057246,1.637221,1.636541
8,8,UGS-16,0.137931,0.137929,1.560490,1.561040
8,8,UGS-2,0.134391,0.136008,1.566745,1.566486
8,8,UGS-20,0.058018,0.058049,1.617692,1.617519
8,8,UGS-21,0.139876,0.140485,1.520441,1.519539
8,8,UGS-22,0.146168,0.145808,1.499303,1.500751
8,8,UGS-23,0.145293,0.145308,1.563615,1.562221
8,8,UGS-24,0.138207,0.139053,1.627427,1.627122
8,8,UGS-25,0.055078,0.055055,1.627427,1.628321
8,8,UGS-26,0.136559,0.136575,1.532653,1.532377
8,8,UGS-27,0.058018,0.058222,1.611234,1.612492
8,8,UGS-28,0.148823,0.148815,1.576174,1.576922
8,8,UGS-29,0.058601,0.058797,1.630685,1.629985
8,8,UGS-3,0.065415,0.065122,1.611234,1.610643
8,8,UGS-4,0.056303,0.056376,1.690459,1.688951
8,8,UGS-5,0.128349,0.128179,1.573024,1.574114
8,8,UGS-6,0.055410,0.055484,1.604802,1.604739
8,8,UGS-7,0.060628,0.061542,1.548056,1.547202
8,8,UGS-8,0.142132,0.142488,1.573024,1.572489
8,8,UGS-9,0.160253,0.159219,1.611234,1.612346
8,9,APC-0,1.348510,1.328307,13.639921,13.626971
8,9,APC-1,0.136014,0.138803,13.971239,13.959877
8,9,APC-2,0.203315,0.206441,13.832223,13.818739
8,9,APC-3,0.203315,0.206822,13.971239,13.957932
8,9,CHQ-1,1.860788,1.893322,17.725441,17.719088
8,9,PLT-0,0.716770,0.728213,13.667228,13.662321
8,9,PLT-1,0.309437,0.530435,13.694590,13.696547
8,9,PLT-10,1.585659,1.565307,14.111653,14.112228
8,9,PLT-11,0.242925,0.419820,14.168212,14.178433
8,9,PLT-2,0.472839,0.585111,13.777005,13.773688
8,9,PLT-3,1.532653,1.512020,14.139904,14.129538
8,9,PLT-4,1.680347,1.573733,14.111653,14.114501
8,9,PLT-5,0.168807,0.169236,14.111653,14.106358
8,9,PLT-6,0.068358,0.068719,14.139904,14.139591
8,9,PLT-7,0.170503,0.172504,14.111653,14.116203
8,9,PLT-8,0.064506,0.064856,14.139904,14.152723
8,9,PLT-9,0.282804,0.481959,14.111653,14.108226
8,9,UGS-0,0.070581,0.070685,1.734987,1.735755
8,9,UGS-1,0.153662,0.153322,1.624175,1.623574
8,9,UGS-10,0.057097,0.056770,1.548056,1.547132
8,9,UGS-11,0.143848,0.143675,1.569882,1.569216
8,9,UGS-12,0.061483,0.061435,1.551156,1.549899
8,9,UGS-13,0.131994,0.132584,1.617692,1.616863
8,9,UGS-14,0.051560,0.051864,1.569882,1.570957
8,9,UGS-15,0.057671,0.057254,1.637221,1.636002
8,9,UGS-16,0.137931,0.138223,1.560490,1.561047
8,9,UGS-2,0.134660,0.136349,1.566745,1.566470
8,9,UGS-20,0.057902,0.057924,1.617692,1.617129
8,9,UGS-21,0.139596,0.140822,1.517403,1.518815
8,9,UGS-22,0.146168,0.145554,1.499303,1.500735
8,9,UGS-23,0.145003,0.145118,1.560490,1.561971
8,9,UGS-24,0.138484,0.138504,1.627427,1.627041
8,9,UGS-25,0.055078,0.055208,1.627427,1.627967
8,9,UGS-26,0.136286,0.136376,1.532653,1.532645
8,9,UGS-27,0.058018,0.058324,1.611234,1.611321
8,9,UGS-28,0.148823,0.147978,1.576174,1.576704
8,9,UGS-29,0.058718,0.058782,1.630685,1.630128
8,9,UGS-3,0.065284,0.065202,1.611234,1.610837
8,9,UGS-4,0.056191,0.056326,1.687082,1.688416
8,9,UGS-5,0.128606,0.128768,1.573024,1.574195
8,9,UGS-6,0.055410,0.055368,1.604802,1.604338
8,9,UGS-7,0.060628,0.061271,1.548056,1.547190
8,9,UGS-8,0.142132,0.141922,1.573024,1.572232
8,9,UGS-9,0.160253,0.158887,1.611234,1.611935
9,0,APC-0,1.348510,1.345247,13.639921,13.627766
9,0,APC-1,0.136014,0.137784,13.971239,13.970344
9,0,APC-2,0.203315,0.206410,13.832223,13.823298
9,0,APC-3,0.203315,0.209093,13.971239,13.960296
9,0,CHQ-1,1.860788,1.875701,17.725441,17.717618
9,0,PLT-0,0.716770,0.757515,13.667228,13.663410
9,0,PLT-1,0.309437,0.533780,13.694590,13.702890
9,0,PLT-10,1.585659,1.576452,14.111653,14.110012
9,0,PLT-11,0.242925,0.416366,14.168212,14.171856
9,0,PLT-2,0.472839,0.521710,13.777005,13.774002
9,0,PLT-3,1.529591,1.476005,14.139904,14.128969
9,0,PLT-4,1.683711,1.614886,14.111653,14.114819
9,0,PLT-5,0.168807,0.169027,14.111653,14.107091
9,0,PLT-6,0.068358,0.068407,14.139904,14.131648
9,0,PLT-7,0.170503,0.172701,14.111653,14.117609
9,0,PLT-8,0.064377,0.064661,14.168212,14.154369
9,0,PLT-9,0.279990,0.354418,14.111653,14.107678
9,0,UGS-0,0.070581,0.070853,1.734987,1.735142
9,0,UGS-1,0.153662,0.154306,1.624175,1.624055
9,0,UGS-10,0.057097,0.056965,1.548056,1.547418
9,0,UGS-11,0.144136,0.143436,1.569882,1.569376
9,0,UGS-12,0.061483,0.061192,1.551156,1.550213
9,0,UGS-13,0.131994,0.132374,1.617692,1.616963
9,0,UGS-14,0.051560,0.051630,1.569882,1.570800
9,0,UGS-15,0.057786,0.057116,1.633950,1.635623
9,0,UGS-16,0.137931,0.138035,1.560490,1.561049
9,0,UGS-2,0.134391,0.135411,1.566745,1.566938
9,0,UGS-20,0.058018,0.058134,1.617692,1.617369
9,0,UGS-21,0.139876,0.140417,1.520441,1.519103
9,0,UGS-22,0.146168,0.146354,1.502304,1.501261
9,0,UGS-23,0.145003,0.145302,1.563615,1.562528
9,0,UGS-24,0.138484,0.138904,1.627427,1.627522
9,0,UGS-25,0.055188,0.055040,1.627427,1.628522
9,0,UGS-26,0.136286,0.136633,1.532653,1.532154
9,0,UGS-27,0.058018,0.058410,1.611234,1.612621
9,0,UGS-28,0.148823,0.148995,1.576174,1.577073
9,0,UGS-29,0.058718,0.058746,1.630685,1.630378
9,0,UGS-3,0.065284,0.065076,1.611234,1.610750
9,0,UGS-4,0.056191,0.056311,1.690459,1.689069
9,0,UGS-5,0.128349,0.128353,1.573024,1.574330
9,0,UGS-6,0.055410,0.055359,1.604802,1.604598
9,0,UGS-7,0.060749,0.061844,1.548056,1.547124
9,0,UGS-8,0.142132,0.142186,1.573024,1.572529
9,0,UGS-9,0.160253,0.158821,1.611234,1.611746
9,1,APC-0,1.348510,1.346152,13.612669,13.626500
9,1,APC-1,0.136014,0.137792,13.971239,13.962370
9,1,APC-2,0.203315,0.205781,13.832223,13.822666
9,1,APC-3,0.203315,0.207522,13.971239,13.959853
9,1,CHQ-1,1.860788,1.866204,17.725441,17.718155
9,1,PLT-0,0.716770,0.762861,13.667228,13.658586
9,1,PLT-1,0.310057,0.395634,13.694590,13.701217
9,1,PLT-10,1.585659,1.576423,14.111653,14.109209
9,1,PLT-11,0.243412,0.384779,14.168212,14.170418
9,1,PLT-2,0.472839,0.514775,13.777005,13.772909
9,1,PLT-3,1.529591,1.487430,14.139904,14.128981
9,1,PLT-4,1.680347,1.666828,14.111653,14.113980
9,1,PLT-5,0.168807,0.169378,14.111653,14.103767
9,1,PLT-6,0.068495,0.068625,14.139904,14.129392
9,1,PLT-7,0.170503,0.171659,14.111653,14.120826
9,1,PLT-8,0.064506,0.064754,14.168212,14.154521
9,1,PLT-9,0.281112,0.395167,14.111653,14.106606
9,1,UGS-0,0.070581,0.070537,1.734987,1.734543
9,1,UGS-1,0.153662,0.153227,1.624175,1.624071
9,1,UGS-10,0.057097,0.056962,1.548056,1.547285
9,1,UGS-11,0.143848,0.143935,1.569882,1.569551
9,1,UGS-12,0.061483,0.061264,1.551156,1.550014
9,1,UGS-13,0.131994,0.132729,1.617692,1.617348
9,1,UGS-14,0.051664,0.051609,1.569882,1.570364
9,1,UGS-15,0.057786,0.057450,1.637221,1.636718
9,1,UGS-16,0.137931,0.137940,1.560490,1.561007
9,1,UGS-2,0.134660,0.136845,1.566745,1.566280
9,1,UGS-20,0.058018,0.058202,1.617692,1.617165
9,1,UGS-21,0.139876,0.140508,1.520441,1.519140
9,1,UGS-22,0.146168,0.146451,1.502304,1.501329
9,1,UGS-23,0.145293,0.145689,1.563615,1.562709
9,1,UGS-24,0.138484,0.139092,1.627427,1.627430
9,1,UGS-25,0.054968,0.055091,1.627427,1.627811
9,1,UGS-26,0.136559,0.137232,1.532653,1.531536
9,1,UGS-27,0.058018,0.058076,1.611234,1.612122
9,1,UGS-28,0.149120,0.148514,1.576174,1.577223
9,1,UGS-29,0.058601,0.058631,1.630685,1.630171
9,1,UGS-3,0.065284,0.064968,1.611234,1.610650
9,1,UGS-4,0.056303,0.056341,1.690459,1.688946
9,1,UGS-5,0.128606,0.128339,1.573024,1.574391
9,1,UGS-6,0.055410,0.055531,1.604802,1.604526
9,1,UGS-7,0.060749,0.060724,1.548056,1.546586
9,1,UGS-8,0.142132,0.142364,1.573024,1.572425
9,1,UGS-9,0.160253,0.159063,1.611234,1.612489
9,2,APC-0,1.348510,1.343631,13.612669,13.624359
9,2,APC-1,0.136014,0.137899,13.971239,13.965448
9,2,APC-2,0.203315,0.207133,13.832223,13.821179
9,2,APC-3,0.203315,0.211581,13.943325,13.957411
9,2,CHQ-1,1.860788,1.887770,17.725441,17.713564
9,2,PLT-0,0.716770,0.732910,13.667228,13.657193
9,2,PLT-1,0.308819,0.431535,13.694590,13.701183
9,2,PLT-10,1.585659,1.531084,14.111653,14.107324
9,2,PLT-11,0.242925,0.365687,14.168212,14.173028
9,2,PLT-2,0.472839,0.541267,13.777005,13.777113
9,2,PLT-3,1.529591,1.437486,14.139904,14.130771
9,2,PLT-4,1.680347,1.649155,14.111653,14.114600
9,2,PLT-5,0.168807,0.169500,14.111653,14.105396
9,2,PLT-6,0.068495,0.068453,14.139904,14.131721
9,2,PLT-7,0.170503,0.171814,14.111653,14.114966
9,2,PLT-8,0.064377,0.064885,14.139904,14.153353
9,2,PLT-9,0.281112,0.447204,14.111653,14.110332
9,2,UGS-0,0.070581,0.070569,1.734987,1.735253
9,2,UGS-1,0.153662,0.153017,1.624175,1.624427
9,2,UGS-10,0.057097,0.057049,1.548056,1.547457
9,2,UGS-11,0.143848,0.144180,1.569882,1.569555
9,2,UGS-12,0.061360,0.061159,1.551156,1.550312
9,2,UGS-13,0.132258,0.133281,1.617692,1.617878
9,2,UGS-14,0.051664,0.051641,1.569882,1.570785
9,2,UGS-15,0.057786,0.057587,1.637221,1.636007
9,2,UGS-16,0.137931,0.137995,1.560490,1.561542
9,2,UGS-2,0.134391,0.136569,1.566745,1.566489
9,2,UGS-20,0.058018,0.057878,1.617692,1.617230
9,2,UGS-21,0.139876,0.139961,1.520441,1.519027
9,2,UGS-22,0.146460,0.146557,1.502304,1.500873
9,2,UGS-23,0.145293,0.145441,1.563615,1.562711
9,2,UGS-24,0.138484,0.138846,1.627427,1.627061
9,2,UGS-25,0.055078,0.055040,1.627427,1.628136
9,2,UGS-26,0.136559,0.136874,1.532653,1.532321
9,2,UGS-27,0.058018,0.057898,1.611234,1.612355
9,2,UGS-28,0.148823,0.148708,1.576174,1.577040
9,2,UGS-29,0.058718,0.058847,1.630685,1.629854
9,2,UGS-3,0.065284,0.065173,1.611234,1.610694
9,2,UGS-4,0.056303,0.056228,1.687082,1.688260
9,2,UGS-5,0.128606,0.128154,1.576174,1.574441
9,2,UGS-6,0.055521,0.055615,1.604802,1.604590
9,2,UGS-7,0.060749,0.061605,1.548056,1.547087
9,2,UGS-8,0.142132,0.141417,1.573024,1.573000
9,2,UGS-9,0.160253,0.159606,1.611234,1.612511
9,3,APC-0,1.348510,1.327413,13.639921,13.627211
9,3,APC-1,0.135742,0.138238,13.971239,13.960295
9,3,APC-2,0.203315,0.206196,13.832223,13.824370
9,3,APC-3,0.203315,0.210619,13.971239,13.958920
9,3,CHQ-1,1.864514,1.887353,17.725441,17.720755
9,3,PLT-0,0.715338,0.748012,13.667228,13.661958
9,3,PLT-1,0.310057,0.517332,13.694590,13.697021
9,3,PLT-10,1.585659,1.521286,14.111653,14.110587
9,3,PLT-11,0.243412,0.425916,14.168212,14.168031
9,3,PLT-2,0.472839,0.576125,13.777005,13.772880
9,3,PLT-3,1.532653,1.452750,14.139904,14.129332
9,3,PLT-4,1.680347,1.669328,14.111653,14.115541
9,3,PLT-5,0.168469,0.169896,14.111653,14.101467
9,3,PLT-6,0.068358,0.068834,14.139904,14.126696
9,3,PLT-7,0.170503,0.171357,14.111653,14.114295
9,3,PLT-8,0.064506,0.064878,14.139904,14.150730
9,3,PLT-9,0.281112,0.414902,14.111653,14.110303
9,3,UGS-0,0.070581,0.070793,1.734987,1.734692
9,3,UGS-1,0.153970,0.154077,1.624175,1.623318
9,3,UGS-10,0.057097,0.056897,1.548056,1.547498
9,3,UGS-11,0.144136,0.143724,1.569882,1.569375
9,3,UGS-12,0.061360,0.061248,1.551156,1.550490
9,3,UGS-13,0.132258,0.132735,1.617692,1.617294
9,3,UGS-14,0.051560,0.051697,1.569882,1.570976
9,3,UGS-15,0.057671,0.057339,1.637221,1.636041
9,3,UGS-16,0.137931,0.138200,1.560490,1.560918
9,3,UGS-2,0.134391,0.135910,1.566745,1.566085
9,3,UGS-20,0.057902,0.058184,1.617692,1.616885
9,3,UGS-21,0.139596,0.140503,1.520441,1.519101
9,3,UGS-22,0.146460,0.146797,1.502304,1.501435
9,3,UGS-23,0.145003,0.144810,1.563615,1.562703
9,3,UGS-24,0.138484,0.139011,1.627427,1.626879
9,3,UGS-25,0.055078,0.055163,1.627427,1.628453
9,3,UGS-26,0.136559,0.136191,1.532653,1.532381
9,3,UGS-27,0.058018,0.057879,1.611234,1.612022
9,3,UGS-28,0.148823,0.148561,1.576174,1.577084
9,3,UGS-29,0.058601,0.059075,1.630685,1.630217
9,3,UGS-3,0.065284,0.065212,1.611234,1.610891
9,3,UGS-4,0.056191,0.056335,1.690459,1.688813
9,3,UGS-5,0.128606,0.128507,1.573024,1.574094
9,3,UGS-6,0.055410,0.055358,1.604802,1.604922
9,3,UGS-7,0.060628,0.061691,1.548056,1.547497
9,3,UGS-8,0.142416,0.142619,1.573024,1.572412
9,3,UGS-9,0.160253,0.159051,1.611234,1.612195
9,4,APC-0,1.348510,1.320196,13.639921,13.626695
9,4,APC-1,0.136014,0.137890,13.971239,13.966839
9,4,APC-2,0.203315,0.204047,13.832223,13.819983
9,4,APC-3,0.203315,0.210886,13.971239,13.959051
9,4,CHQ-1,1.864514,1.872691,17.725441,17.717784
9,4,PLT-0,0.716770,0.753932,13.667228,13.661776
9,4,PLT-1,0.310057,0.441318,13.694590,13.697866
9,4,PLT-10,1.585659,1.534014,14.111653,14.108359
9,4,PLT-11,0.243412,0.378061,14.168212,14.171239
9,4,PLT-2,0.472839,0.517275,13.777005,13.775497
9,4,PLT-3,1.529591,1.497386,14.139904,14.133867
9,4,PLT-4,1.680347,1.642243,14.111653,14.112578
9,4,PLT-5,0.168807,0.169381,14.111653,14.108606
9,4,PLT-6,0.068358,0.068354,14.139904,14.128922
9,4,PLT-7,0.170163,0.171951,14.111653,14.116482
9,4,PLT-8,0.064506,0.064604,14.139904,14.154522
9,4,PLT-9,0.281675,0.459631,14.111653,14.109459
9,4,UGS-0,0.070581,0.070890,1.734987,1.735306
9,4,UGS-1,0.153662,0.152952,1.624175,1.624300
9,4,UGS-10,0.057211,0.057068,1.548056,1.547918
9,4,UGS-11,0.143848,0.143406,1.569882,1.569073
9,4,UGS-12,0.061483,0.061260,1.551156,1.550310
9,4,UGS-13,0.132258,0.133072,1.617692,1.617346
9,4,UGS-14,0.051560,0.051830,1.569882,1.570579
9,4,UGS-15,0.057786,0.057338,1.637221,1.636912
9,4,UGS-16,0.137931,0.138390,1.560490,1.561162
9,4,UGS-2,0.134660,0.136090,1.566745,1.566247
9,4,UGS-20,0.057902,0.058119,1.617692,1.617468
9,4,UGS-21,0.140156,0.141032,1.517403,1.518821
9,4,UGS-22,0.146168,0.146276,1.502304,1.501445
9,4,UGS-23,0.145003,0.144874,1.563615,1.562220
9,4,UGS-24,0.138484,0.139008,1.627427,1.627398
9,4,UGS-25,0.055078,0.055172,1.627427,1.628569
9,4,UGS-26,0.136559,0.136505,1.532653,1.532334
9,4,UGS-27,0.058018,0.058431,1.611234,1.612314
9,4,UGS-28,0.148823,0.148496,1.576174,1.576518
9,4,UGS-29,0.058601,0.058706,1.630685,1.630087
9,4,UGS-3,0.065284,0.065024,1.611234,1.610918
9,4,UGS-4,0.056303,0.056409,1.687082,1.688026
9,4,UGS-5,0.128349,0.127926,1.573024,1.574567
9,4,UGS-6,0.055410,0.055440,1.604802,1.604788
9,4,UGS-7,0.060749,0.061319,1.548056,1.546909
9,4,UGS-8,0.142132,0.141360,1.573024,1.572567
9,4,UGS-9,0.160253,0.158871,1.611234,1.611910
9,5,APC-0,1.351209,1.343310,13.612669,13.623316
9,5,APC-1,0.135742,0.138092,13.971239,13.962902
9,5,APC-2,0.203722,0.203554,13.832223,13.824251
9,5,APC-3,0.203315,0.209101,13.971239,13.962227
9,5,CHQ-1,1.857070,1.873850,17.725441,17.717032
9,5,PLT-0,0.716770,0.733579,13.667228,13.661574
9,5,PLT-1,0.309437,0.529828,13.694590,13.698360
9,5,PLT-10,1.585659,1.574337,14.111653,14.107652
9,5,PLT-11,0.243412,0.373124,14.168212,14.170301
9,5,PLT-2,0.472839,0.583781,13.777005,13.774332
9,5,PLT-3,1.529591,1.476801,14.139904,14.128555
9,5,PLT-4,1.680347,1.668083,14.111653,14.112480
9,5,PLT-5,0.168469,0.169164,14.111653,14.104082
9,5,PLT-6,0.068358,0.068557,14.139904,14.133361
9,5,PLT-7,0.170503,0.171395,14.111653,14.119672
9,5,PLT-8,0.064377,0.064770,14.168212,14.154673
9,5,PLT-9,0.281675,0.401374,14.111653,14.110942
9,5,UGS-0,0.070581,0.070761,1.734987,1.735327
9,5,UGS-1,0.153662,0.153266,1.624175,1.624417
9,5,UGS-10,0.057097,0.056945,1.548056,1.547732
9,5,UGS-11,0.143848,0.143776,1.569882,1.569437
9,5,UGS-12,0.061483,0.061351,1.551156,1.550209
9,5,UGS-13,0.132258,0.132420,1.617692,1.617723
9,5,UGS-14,0.051664,0.051726,1.569882,1.571071
9,5,UGS-15,0.057671,0.057329,1.637221,1.636181
9,5,UGS-16,0.137931,0.138116,1.560490,1.561165
9,5,UGS-2,0.134391,0.135477,1.566745,1.566425
9,5,UGS-20,0.058018,0.058131,1.617692,1.616674
9,5,UGS-21,0.139596,0.140362,1.517403,1.518825
9,5,UGS-22,0.146168,0.145868,1.499303,1.500672
9,5,UGS-23,0.145293,0.145333,1.563615,1.562737
9,5,UGS-24,0.138484,0.139003,1.627427,1.627072
9,5,UGS-25,0.055078,0.054905,1.627427,1.628122
9,5,UGS-26,0.136286,0.136599,1.532653,1.532023
9,5,UGS-27,0.058018,0.058320,1.611234,1.611994
9,5,UGS-28,0.148823,0.148859,1.576174,1.577077
9,5,UGS-29,0.058601,0.058859,1.630685,1.630120
9,5,UGS-3,0.065284,0.065090,1.611234,1.610939
9,5,UGS-4,0.056191,0.056309,1.687082,1.688374
9,5,UGS-5,0.128606,0.127968,1.573024,1.574448
9,5,UGS-6,0.055410,0.055466,1.604802,1.603536
9,5,UGS-7,0.060749,0.061670,1.548056,1.546964
9,5,UGS-8,0.141848,0.142148,1.573024,1.572517
9,5,UGS-9,0.160253,0.159180,1.611234,1.611860
9,6,APC-0,1.348510,1.342814,13.639921,13.630048
9,6,APC-1,0.136014,0.137603,13.971239,13.965422
9,6,APC-2,0.203722,0.204623,13.832223,13.822654
9,6,APC-3,0.202908,0.205527,13.943325,13.958231
9,6,CHQ-1,1.860788,1.871920,17.725441,17.718648
9,6,PLT-0,0.715338,0.767961,13.667228,13.656042
9,6,PLT-1,0.310677,0.529468,13.694590,13.699894
9,6,PLT-10,1.585659,1.575883,14.111653,14.109481
9,6,PLT-11,0.242925,0.379423,14.168212,14.165518
9,6,PLT-2,0.472839,0.577150,13.777005,13.774329
9,6,PLT-3,1.526535,1.519499,14.139904,14.128598
9,6,PLT-4,1.680347,1.661490,14.111653,14.113361
9,6,PLT-5,0.168469,0.169357,14.111653,14.104939
9,6,PLT-6,0.068495,0.068587,14.139904,14.130227
9,6,PLT-7,0.170845,0.171355,14.111653,14.116977
9,6,PLT-8,0.064506,0.064754,14.168212,14.153873
9,6,PLT-9,0.281675,0.333134,14.111653,14.109773
9,6,UGS-0,0.070581,0.070779,1.734987,1.735605
9,6,UGS-1,0.153662,0.153496,1.624175,1.623764
9,6,UGS-10,0.057211,0.056917,1.548056,1.547783
9,6,UGS-11,0.144136,0.143890,1.569882,1.568969
9,6,UGS-12,0.061483,0.061298,1.551156,1.550345
9,6,UGS-13,0.131994,0.132585,1.617692,1.616874
9,6,UGS-14,0.051560,0.051745,1.569882,1.570511
9,6,UGS-15,0.057671,0.057377,1.637221,1.636244
9,6,UGS-16,0.138207,0.138145,1.560490,1.560694
9,6,UGS-2,0.134391,0.135961,1.566745,1.566325
9,6,UGS-20,0.057902,0.058039,1.617692,1.617343
9,6,UGS-21,0.139876,0.140498,1.520441,1.519447
9,6,UGS-22,0.146168,0.145940,1.502304,1.501008
9,6,UGS-23,0.145003,0.145433,1.563615,1.562490
9,6,UGS-24,0.138484,0.139125,1.627427,1.627161
9,6,UGS-25,0.055078,0.055173,1.627427,1.628058
9,6,UGS-26,0.136559,0.136154,1.532653,1.532253
9,6,UGS-27,0.058018,0.058191,1.611234,1.612329
9,6,UGS-28,0.148823,0.148710,1.576174,1.576989
9,6,UGS-29,0.058601,0.058848,1.630685,1.630158
9,6,UGS-3,0.065284,0.065194,1.611234,1.611173
9,6,UGS-4,0.056303,0.056447,1.690459,1.688833
9,6,UGS-5,0.128606,0.128248,1.576174,1.574675
9,6,UGS-6,0.055410,0.055430,1.604802,1.604306
9,6,UGS-7,0.060749,0.061367,1.548056,1.547333
9,6,UGS-8,0.142132,0.142566,1.573024,1.572486
9,6,UGS-9,0.160253,0.159181,1.611234,1.612433
9,7,APC-0,1.348510,1.330119,13.639921,13.628425
9,7,APC-1,0.136014,0.138263,13.971239,13.968890
9,7,APC-2,0.203722,0.205135,13.832223,13.826674
9,7,APC-3,0.202908,0.206484,13.971239,13.958945
9,7,CHQ-1,1.860788,1.893776,17.725441,17.711372
9,7,PLT-0,0.716770,0.729734,13.667228,13.663315
9,7,PLT-1,0.310057,0.521815,13.694590,13.700871
9,7,PLT-10,1.585659,1.570884,14.111653,14.106451
9,7,PLT-11,0.243412,0.351811,14.168212,14.170172
9,7,PLT-2,0.472839,0.565718,13.777005,13.770399
9,7,PLT-3,1.526535,1.473361,14.139904,14.129408
9,7,PLT-4,1.680347,1.672150,14.111653,14.115865
9,7,PLT-5,0.168807,0.168181,14.111653,14.108572
9,7,PLT-6,0.068495,0.068611,14.139904,14.131617
9,7,PLT-7,0.170503,0.171013,14.111653,14.120127
9,7,PLT-8,0.064377,0.065113,14.139904,14.152916
9,7,PLT-9,0.280551,0.451359,14.111653,14.108160
9,7,UGS-0,0.070581,0.070590,1.734987,1.735062
9,7,UGS-1,0.153662,0.153772,1.624175,1.623857
9,7,UGS-10,0.057097,0.056530,1.548056,1.547335
9,7,UGS-11,0.144136,0.144138,1.569882,1.569352
9,7,UGS-12,0.061483,0.061548,1.551156,1.550407
9,7,UGS-13,0.131994,0.132416,1.617692,1.617837
9,7,UGS-14,0.051664,0.051706,1.569882,1.571144
9,7,UGS-15,0.057671,0.057561,1.637221,1.636062
9,7,UGS-16,0.137931,0.138326,1.560490,1.561406
9,7,UGS-2,0.134391,0.136616,1.566745,1.566420
9,7,UGS-20,0.057902,0.057999,1.617692,1.616911
9,7,UGS-21,0.139876,0.140374,1.520441,1.519319
9,7,UGS-22,0.146168,0.146165,1.502304,1.500961
9,7,UGS-23,0.145003,0.145193,1.563615,1.562381
9,7,UGS-24,0.138484,0.139186,1.627427,1.626773
9,7,UGS-25,0.055078,0.055194,1.627427,1.628330
9,7,UGS-26,0.136559,0.136234,1.532653,1.532550
9,7,UGS-27,0.058134,0.058332,1.611234,1.612646
9,7,UGS-28,0.148823,0.148832,1.576174,1.576842
9,7,UGS-29,0.058601,0.058938,1.630685,1.630515
9,7,UGS-3,0.065415,0.064621,1.611234,1.610146
9,7,UGS-4,0.056303,0.056349,1.690459,1.689161
9,7,UGS-5,0.128349,0.128120,1.573024,1.574483
9,7,UGS-6,0.055410,0.055455,1.604802,1.603122
9,7,UGS-7,0.060749,0.061642,1.548056,1.547075
9,7,UGS-8,0.142132,0.142684,1.573024,1.572463
9,7,UGS-9,0.160253,0.159392,1.611234,1.612157
9,8,APC-0,1.348510,1.344795,13.639921,13.628244
9,8,APC-1,0.136014,0.137682,13.971239,13.962956
9,8,APC-2,0.203722,0.204663,13.832223,13.821308
9,8,APC-3,0.202908,0.209274,13.971239,13.960694
9,8,CHQ-1,1.860788,1.862918,17.725441,17.716103
9,8,PLT-0,0.716770,0.765572,13.667228,13.659196
9,8,PLT-1,0.309437,0.463058,13.694590,13.699183
9,8,PLT-10,1.582491,1.576803,14.111653,14.105745
9,8,PLT-11,0.242925,0.412374,14.168212,14.170223
9,8,PLT-2,0.473786,0.563751,13.777005,13.775608
9,8,PLT-3,1.529591,1.491901,14.139904,14.130191
9,8,PLT-4,1.683711,1.667659,14.111653,14.117591
9,8,PLT-5,0.168807,0.168875,14.111653,14.104554
9,8,PLT-6,0.068358,0.068489,14.139904,14.133260
9,8,PLT-7,0.170845,0.171100,14.111653,14.116004
9,8,PLT-8,0.064377,0.064550,14.139904,14.149781
9,8,PLT-9,0.281112,0.325785,14.111653,14.108816
9,8,UGS-0,0.070581,0.070615,1.734987,1.735570
9,8,UGS-1,0.153662,0.153964,1.624175,1.624722
9,8,UGS-10,0.057097,0.056941,1.548056,1.547487
9,8,UGS-11,0.143848,0.143800,1.569882,1.569111
9,8,UGS-12,0.061483,0.061464,1.551156,1.550993
9,8,UGS-13,0.132258,0.132560,1.617692,1.617658
9,8,UGS-14,0.051560,0.051715,1.569882,1.570568
9,8,UGS-15,0.057786,0.057503,1.637221,1.636112
9,8,UGS-16,0.138207,0.138273,1.560490,1.561139
9,8,UGS-2,0.134391,0.135552,1.566745,1.566687
9,8,UGS-20,0.057902,0.058050,1.617692,1.617599
9,8,UGS-21,0.139876,0.140325,1.520441,1.519233
9,8,UGS-22,0.146168,0.145821,1.499303,1.500713
9,8,UGS-23,0.145003,0.145385,1.563615,1.562650
9,8,UGS-24,0.138207,0.138954,1.627427,1.626869
9,8,UGS-25,0.055078,0.055190,1.627427,1.628673
9,8,UGS-26,0.136559,0.136488,1.532653,1.532323
9,8,UGS-27,0.058018,0.058217,1.611234,1.611867
9,8,UGS-28,0.148823,0.148956,1.576174,1.577204
9,8,UGS-29,0.058601,0.058783,1.630685,1.630189
9,8,UGS-3,0.065284,0.065029,1.611234,1.610829
9,8,UGS-4,0.056303,0.056291,1.687082,1.688729
9,8,UGS-5,0.128606,0.128273,1.573024,1.574483
9,8,UGS-6,0.055521,0.055484,1.604802,1.605049
9,8,UGS-7,0.060749,0.061444,1.548056,1.547053
9,8,UGS-8,0.142132,0.142116,1.573024,1.572566
9,8,UGS-9,0.160253,0.159922,1.611234,1.612500
9,9,APC-0,1.348510,1.330313,13.612669,13.626632
9,9,APC-1,0.136014,0.138230,13.971239,13.959877
9,9,APC-2,0.203722,0.207543,13.832223,13.824160
9,9,APC-3,0.203315,0.209017,13.971239,13.962787
9,9,CHQ-1,1.860788,1.874120,17.725441,17.724027
9,9,PLT-0,0.719643,0.745928,13.667228,13.657889
9,9,PLT-1,0.310677,0.517232,13.694590,13.700584
9,9,PLT-10,1.585659,1.549244,14.111653,14.111656
9,9,PLT-11,0.243412,0.384054,14.168212,14.169254
9,9,PLT-2,0.471894,0.541595,13.777005,13.774380
9,9,PLT-3,1.529591,1.469252,14.139904,14.130820
9,9,PLT-4,1.680347,1.670022,14.111653,14.113814
9,9,PLT-5,0.168807,0.169942,14.111653,14.107125
9,9,PLT-6,0.068358,0.068212,14.139904,14.132877
9,9,PLT-7,0.170503,0.171512,14.111653,14.119421
9,9,PLT-8,0.064377,0.064719,14.139904,14.154238
9,9,PLT-9,0.281675,0.355396,14.111653,14.109536
9,9,UGS-0,0.070581,0.070569,1.734987,1.734732
9,9,UGS-1,0.153662,0.153050,1.624175,1.624370
9,9,UGS-10,0.057097,0.056997,1.548056,1.547706
9,9,UGS-11,0.144136,0.144047,1.569882,1.569629
9,9,UGS-12,0.061483,0.061393,1.551156,1.550307
9,9,UGS-13,0.132258,0.132870,1.617692,1.617628
9,9,UGS-14,0.051560,0.051562,1.569882,1.570496
9,9,UGS-15,0.057671,0.057189,1.637221,1.636234
9,9,UGS-16,0.137931,0.138178,1.560490,1.561308
9,9,UGS-2,0.134391,0.135727,1.566745,1.566568
9,9,UGS-20,0.058018,0.058198,1.617692,1.617149
9,9,UGS-21,0.139876,0.140036,1.520441,1.519287
9,9,UGS-22,0.146460,0.146146,1.502304,1.501145
9,9,UGS-23,0.145003,0.144719,1.563615,1.562494
9,9,UGS-24,0.138484,0.138883,1.627427,1.626709
9,9,UGS-25,0.055188,0.054915,1.627427,1.627915
9,9,UGS-26,0.136286,0.136634,1.532653,1.532307
9,9,UGS-27,0.058018,0.058207,1.611234,1.612195
9,9,UGS-28,0.148823,0.149016,1.576174,1.576627
9,9,UGS-29,0.058718,0.058773,1.630685,1.629829
9,9,UGS-3,0.065284,0.065122,1.611234,1.610384
9,9,UGS-4,0.056303,0.056082,1.687082,1.688560
9,9,UGS-5,0.128349,0.128329,1.573024,1.574445
9,9,UGS-6,0.055521,0.055464,1.604802,1.604439
9,9,UGS-7,0.060749,0.061988,1.548056,1.546815
9,9,UGS-8,0.142132,0.142243,1.573024,1.572514
9,9,UGS-9,0.160253,0.160344,1.611234,1.611985
