timestamp_utc,run,epoch,scenario,estimator,rule,gamma,lam,arrivals,pending_before,assigned,running,completed_this_epoch,completed_total,evicted_total,moves_this_epoch,constrained_tasks,overcommitted_nodes,mean_grant_ratio,solver_ms,solver_status,objective,est_cpu_err_mean,est_cpu_err_p90
2026-09-04T23:45:56.518811+00:00,0,0,static,static,request,0,0.0,38,38,38,38,0,0,0,0,0,0,1.0000,77.727,OPTIMAL,38.000000,,
2026-09-04T23:45:56.572928+00:00,0,0,reassign,static,request,10,1.0,38,38,38,38,0,0,0,0,0,0,1.0000,53.577,OPTIMAL,38.000000,,
2026-09-04T23:45:56.634474+00:00,0,0,dynamic,sketch,p50,0,0.0,38,38,38,38,0,0,0,0,0,0,1.0000,61.006,OPTIMAL,38.000000,,
2026-09-04T23:45:56.697418+00:00,0,0,dynamic+reassign,sketch,p50,10,1.0,38,38,38,38,0,0,0,0,0,0,1.0000,62.430,OPTIMAL,38.000000,,
2026-09-04T23:45:56.758814+00:00,0,0,p50-1.2xalloc,sketch,p50bump,10,1.0,38,38,38,38,0,0,0,0,0,0,1.0000,60.877,OPTIMAL,38.000000,,
2026-09-04T23:45:56.821357+00:00,0,0,avg-p50p75-1.2xalloc,sketch,avgp50p75bump,10,1.0,38,38,38,38,0,0,0,0,0,0,1.0000,61.990,OPTIMAL,38.000000,,
2026-09-04T23:45:56.883612+00:00,0,0,window-avg,sketch,window,10,1.0,38,38,38,38,0,0,0,0,0,0,1.0000,61.693,OPTIMAL,38.000000,,
2026-09-04T23:45:56.947583+00:00,0,0,p90,sketch,p90,10,1.0,38,38,38,38,0,0,0,0,0,0,1.0000,63.415,OPTIMAL,38.000000,,
2026-09-04T23:45:57.016528+00:00,0,0,avg-epoch,sketch,avg,10,1.0,38,38,38,38,0,0,0,0,0,0,1.0000,68.273,OPTIMAL,38.000000,,
2026-09-04T23:46:00.955731+00:00,0,1,static,static,request,0,0.0,23,23,23,61,0,0,0,0,0,0,1.0000,32.795,OPTIMAL,23.000000,49.4735,92.2246
2026-09-04T23:46:01.070911+00:00,0,1,reassign,static,request,10,1.0,23,23,61,61,0,0,0,0,0,0,1.0000,110.692,OPTIMAL,3823.000000,49.4735,92.2246
2026-09-04T23:46:01.150321+00:00,0,1,dynamic,sketch,p50,0,0.0,23,23,23,61,0,0,0,0,0,0,1.0000,39.327,OPTIMAL,23.000000,0.6043,1.0299
2026-09-04T23:46:01.334679+00:00,0,1,dynamic+reassign,sketch,p50,10,1.0,23,23,61,61,0,0,0,0,0,0,1.0000,144.577,OPTIMAL,3823.000000,0.6043,1.0299
2026-09-04T23:46:01.585744+00:00,0,1,p50-1.2xalloc,sketch,p50bump,10,1.0,23,23,61,61,0,0,0,0,0,0,1.0000,209.940,OPTIMAL,3823.000000,3.1126,1.2074
2026-09-04T23:46:01.766602+00:00,0,1,avg-p50p75-1.2xalloc,sketch,avgp50p75bump,10,1.0,23,23,61,61,0,0,0,0,0,0,1.0000,138.990,OPTIMAL,3823.000000,6.0884,3.7398
2026-09-04T23:46:01.948923+00:00,0,1,window-avg,sketch,window,10,1.0,23,23,61,61,0,0,0,0,0,0,1.0000,141.639,OPTIMAL,3823.000000,0.1153,0.3325
2026-09-04T23:46:02.129125+00:00,0,1,p90,sketch,p90,10,1.0,23,23,61,61,0,0,0,0,0,0,1.0000,139.399,OPTIMAL,3823.000000,12.6991,14.4532
2026-09-04T23:46:02.312248+00:00,0,1,avg-epoch,sketch,avg,10,1.0,23,23,61,61,0,0,0,0,0,0,1.0000,142.590,OPTIMAL,3823.000000,0.1153,0.3325
2026-09-04T23:46:06.312318+00:00,0,2,static,static,request,0,0.0,36,36,32,85,8,8,0,0,7,0,0.9955,145.365,OPTIMAL,32.000000,47.7135,102.4385
2026-09-04T23:46:07.125126+00:00,0,2,reassign,static,request,10,1.0,36,36,76,89,8,8,0,0,7,0,0.9955,804.376,OPTIMAL,4036.000000,47.7135,102.4385
2026-09-04T23:46:07.228791+00:00,0,2,dynamic,sketch,p50,0,0.0,36,36,36,89,8,8,0,0,27,0,0.9647,47.886,OPTIMAL,36.000000,6.2888,19.8785
2026-09-04T23:46:07.606121+00:00,0,2,dynamic+reassign,sketch,p50,10,1.0,36,36,76,89,8,8,0,0,27,0,0.9647,326.543,OPTIMAL,4036.000000,6.2888,19.8785
2026-09-04T23:46:08.088614+00:00,0,2,p50-1.2xalloc,sketch,p50bump,10,1.0,36,36,76,89,8,8,0,1,13,2,0.9929,430.685,OPTIMAL,4035.000000,4.3136,13.1264
2026-09-04T23:46:08.643370+00:00,0,2,avg-p50p75-1.2xalloc,sketch,avgp50p75bump,10,1.0,36,36,76,89,8,8,0,4,13,2,0.9929,500.299,OPTIMAL,4032.000000,7.3558,18.6782
2026-09-04T23:46:09.064770+00:00,0,2,window-avg,sketch,window,10,1.0,36,36,76,89,8,8,0,0,27,0,0.9658,370.131,OPTIMAL,4036.000000,7.7827,20.7182
2026-09-04T23:46:09.488430+00:00,0,2,p90,sketch,p90,10,1.0,36,36,76,89,8,8,0,0,15,0,0.9840,373.572,OPTIMAL,4036.000000,10.7598,14.4379
2026-09-04T23:46:09.678902+00:00,0,2,avg-epoch,sketch,avg,10,1.0,36,36,76,89,8,8,0,0,27,0,0.9658,139.696,OPTIMAL,4036.000000,6.6251,19.9818
2026-09-04T23:46:13.536928+00:00,0,3,static,static,request,0,0.0,34,38,28,103,10,18,0,0,9,1,0.9947,115.478,OPTIMAL,28.000000,46.1387,89.6613
2026-09-04T23:46:13.792428+00:00,0,3,reassign,static,request,10,1.0,34,34,48,103,10,18,0,0,6,0,0.9951,245.978,OPTIMAL,2424.000000,45.9900,89.6613
2026-09-04T23:46:13.975730+00:00,0,3,dynamic,sketch,p50,0,0.0,34,34,30,110,9,17,0,0,39,0,0.9507,98.455,OPTIMAL,30.000000,6.6677,19.6133
2026-09-04T23:46:14.679571+00:00,0,3,dynamic+reassign,sketch,p50,10,1.0,34,34,69,109,9,17,0,1,40,1,0.9454,616.901,OPTIMAL,4028.000000,6.6677,19.6133
2026-09-04T23:46:15.415820+00:00,0,3,p50-1.2xalloc,sketch,p50bump,10,1.0,34,34,72,111,10,18,0,4,4,1,0.9902,650.653,OPTIMAL,4028.000000,2.6101,1.5515
2026-09-04T23:46:16.172850+00:00,0,3,avg-p50p75-1.2xalloc,sketch,avgp50p75bump,10,1.0,34,34,72,111,10,18,0,4,3,1,0.9906,670.054,OPTIMAL,4028.000000,6.0167,20.1608
2026-09-04T23:46:16.826100+00:00,0,3,window-avg,sketch,window,10,1.0,34,34,72,112,9,17,0,2,37,1,0.9482,568.090,OPTIMAL,4030.000000,7.6496,20.8074
2026-09-04T23:46:17.475682+00:00,0,3,p90,sketch,p90,10,1.0,34,34,71,110,10,18,0,3,28,1,0.9720,565.353,OPTIMAL,4028.000000,11.1038,14.1874
2026-09-04T23:46:17.935996+00:00,0,3,avg-epoch,sketch,avg,10,1.0,34,34,73,113,9,17,0,1,38,0,0.9509,376.693,OPTIMAL,4032.000000,6.8724,21.0850
2026-09-04T23:46:22.049506+00:00,0,4,static,static,request,0,0.0,36,46,22,108,17,35,0,0,9,0,0.9937,216.038,OPTIMAL,22.000000,47.2866,94.0504
2026-09-04T23:46:22.664881+00:00,0,4,reassign,static,request,10,1.0,36,46,46,106,18,36,0,0,14,1,0.9936,601.080,OPTIMAL,2521.000000,46.7487,94.0504
2026-09-04T23:46:23.237712+00:00,0,4,dynamic,sketch,p50,0,0.0,36,40,32,123,19,36,0,0,53,1,0.9405,476.887,OPTIMAL,32.000000,7.1103,20.5544
2026-09-04T23:46:26.944760+00:00,0,4,dynamic+reassign,sketch,p50,10,1.0,36,41,72,122,19,36,0,1,55,2,0.9333,3609.892,OPTIMAL,4031.000000,7.4037,21.2974
2026-09-04T23:46:33.037639+00:00,0,4,p50-1.2xalloc,sketch,p50bump,10,1.0,36,38,61,118,17,35,0,4,31,5,0.9831,5998.848,OPTIMAL,3720.000000,2.3287,3.5397
2026-09-04T23:46:34.007604+00:00,0,4,avg-p50p75-1.2xalloc,sketch,avgp50p75bump,10,1.0,36,38,57,114,18,36,0,3,18,2,0.9847,877.759,OPTIMAL,3618.000000,5.6259,11.2402
2026-09-04T23:46:34.681063+00:00,0,4,window-avg,sketch,window,10,1.0,36,38,68,121,19,36,0,0,52,1,0.9373,585.118,OPTIMAL,4028.000000,8.8639,22.0708
2026-09-04T23:46:35.832252+00:00,0,4,p90,sketch,p90,10,1.0,36,39,67,119,18,36,0,2,39,2,0.9639,1068.517,OPTIMAL,4025.000000,11.7511,17.3135
2026-09-04T23:46:44.548991+00:00,0,4,avg-epoch,sketch,avg,10,1.0,36,37,69,123,19,36,0,1,57,1,0.9412,8631.006,OPTIMAL,4028.000000,7.8563,20.5573
2026-09-04T23:46:49.832186+00:00,0,5,static,static,request,0,0.0,34,58,32,114,26,61,0,0,12,1,0.9923,1579.879,OPTIMAL,32.000000,42.6823,89.9188
2026-09-04T23:46:52.820470+00:00,0,5,reassign,static,request,10,1.0,34,59,69,113,26,62,0,0,9,0,0.9935,2976.904,OPTIMAL,3633.000000,41.7566,90.7376
2026-09-04T23:46:53.136698+00:00,0,5,dynamic,sketch,p50,0,0.0,34,42,25,134,14,50,0,0,61,1,0.9313,216.334,OPTIMAL,25.000000,8.5191,27.8088
2026-09-04T23:46:53.746612+00:00,0,5,dynamic+reassign,sketch,p50,10,1.0,34,43,67,134,15,51,0,0,59,1,0.9268,511.825,OPTIMAL,4027.000000,8.6108,27.8088
2026-09-04T23:47:04.517671+00:00,0,5,p50-1.2xalloc,sketch,p50bump,10,1.0,34,48,73,123,28,63,0,3,30,5,0.9823,10686.704,OPTIMAL,4030.000000,2.4388,1.4189
2026-09-04T23:47:09.479172+00:00,0,5,avg-p50p75-1.2xalloc,sketch,avgp50p75bump,10,1.0,34,51,72,121,25,61,0,4,12,4,0.9856,4867.193,OPTIMAL,4028.000000,5.4226,10.2013
2026-09-04T23:47:11.012941+00:00,0,5,window-avg,sketch,window,10,1.0,34,44,67,132,16,52,0,0,60,2,0.9313,1436.562,OPTIMAL,4027.000000,10.1500,25.7838
2026-09-04T23:47:13.964573+00:00,0,5,p90,sketch,p90,10,1.0,34,46,66,128,19,55,0,1,46,1,0.9598,2860.458,OPTIMAL,3827.000000,12.1180,18.3142
2026-09-04T23:47:19.361959+00:00,0,5,avg-epoch,sketch,avg,10,1.0,34,42,67,135,15,51,0,1,70,2,0.9308,5296.525,OPTIMAL,4026.000000,9.2513,27.4676
2026-09-04T23:47:23.520458+00:00,0,6,static,static,request,0,0.0,29,55,30,113,31,92,0,0,10,1,0.9929,439.328,OPTIMAL,30.000000,45.1599,93.2950
2026-09-04T23:47:25.644504+00:00,0,6,reassign,static,request,10,1.0,29,55,71,113,31,93,0,0,5,0,0.9939,2112.030,OPTIMAL,4031.000000,45.3514,93.2950
2026-09-04T23:47:26.044470+00:00,0,6,dynamic,sketch,p50,0,0.0,29,46,33,126,41,91,0,0,78,2,0.9236,310.509,OPTIMAL,33.000000,7.6900,22.9374
2026-09-04T23:47:26.808606+00:00,0,6,dynamic+reassign,sketch,p50,10,1.0,29,45,71,125,40,91,0,0,76,1,0.9200,672.308,OPTIMAL,4031.000000,7.4276,22.2673
2026-09-04T23:47:28.900612+00:00,0,6,p50-1.2xalloc,sketch,p50bump,10,1.0,29,44,69,118,34,97,0,3,13,4,0.9843,2008.087,OPTIMAL,4026.000000,2.6772,1.6420
2026-09-04T23:47:30.930946+00:00,0,6,avg-p50p75-1.2xalloc,sketch,avgp50p75bump,10,1.0,29,48,72,118,35,96,0,4,22,5,0.9857,1946.881,OPTIMAL,4028.000000,5.0571,3.9951
2026-09-04T23:47:36.100057+00:00,0,6,window-avg,sketch,window,10,1.0,29,46,71,125,38,90,0,1,72,2,0.9277,5080.022,OPTIMAL,4030.000000,8.4411,18.7432
2026-09-04T23:47:37.953301+00:00,0,6,p90,sketch,p90,10,1.0,29,47,70,122,36,91,0,1,52,2,0.9573,1767.244,OPTIMAL,4029.000000,11.3149,14.7765
2026-09-04T23:47:38.713968+00:00,0,6,avg-epoch,sketch,avg,10,1.0,29,44,69,125,39,90,0,0,80,1,0.9225,668.636,OPTIMAL,4029.000000,8.0694,22.0560
2026-09-04T23:47:42.804127+00:00,0,7,static,static,request,0,0.0,28,53,23,114,22,114,0,0,10,0,0.9930,272.406,OPTIMAL,23.000000,47.2673,88.6162
2026-09-04T23:47:43.424654+00:00,0,7,reassign,static,request,10,1.0,28,52,46,113,20,113,0,0,9,0,0.9941,605.921,OPTIMAL,2620.000000,47.3242,84.0840
2026-09-04T23:47:43.785085+00:00,0,7,dynamic,sketch,p50,0,0.0,28,41,28,127,27,118,0,0,72,3,0.9199,252.973,OPTIMAL,28.000000,8.0648,23.7405
2026-09-04T23:47:46.068947+00:00,0,7,dynamic+reassign,sketch,p50,10,1.0,28,42,68,128,25,116,0,2,72,2,0.9172,2175.701,OPTIMAL,4026.000000,8.4669,23.7405
2026-09-04T23:47:50.858897+00:00,0,7,p50-1.2xalloc,sketch,p50bump,10,1.0,28,43,65,123,20,117,0,9,17,4,0.9848,4697.855,OPTIMAL,4016.000000,3.1123,12.2690
2026-09-04T23:47:52.413671+00:00,0,7,avg-p50p75-1.2xalloc,sketch,avgp50p75bump,10,1.0,28,44,60,120,20,116,0,7,23,5,0.9855,1461.488,OPTIMAL,3815.000000,6.1521,20.1946
2026-09-04T23:47:53.360297+00:00,0,7,window-avg,sketch,window,10,1.0,28,43,67,126,26,116,0,1,63,2,0.9277,854.656,OPTIMAL,4026.000000,9.8072,24.3990
2026-09-04T23:47:55.691283+00:00,0,7,p90,sketch,p90,10,1.0,28,45,66,122,26,117,0,2,54,2,0.9552,2242.840,OPTIMAL,4024.000000,10.8182,15.3786
2026-09-04T23:47:56.595696+00:00,0,7,avg-epoch,sketch,avg,10,1.0,28,43,70,127,28,118,0,1,71,2,0.9181,815.587,OPTIMAL,4029.000000,9.3214,24.3693
2026-09-04T23:48:00.423348+00:00,0,8,static,static,request,0,0.0,27,57,23,110,27,141,0,0,11,0,0.9932,82.155,OPTIMAL,23.000000,39.5075,82.3569
2026-09-04T23:48:01.646430+00:00,0,8,reassign,static,request,10,1.0,27,59,63,111,29,142,0,0,11,0,0.9942,1211.101,OPTIMAL,3627.000000,38.7807,82.7475
2026-09-04T23:48:01.871752+00:00,0,8,dynamic,sketch,p50,0,0.0,27,40,27,124,30,148,0,0,78,1,0.9143,121.662,OPTIMAL,27.000000,10.0396,27.4783
2026-09-04T23:48:02.584436+00:00,0,8,dynamic+reassign,sketch,p50,10,1.0,27,41,66,123,31,147,0,0,79,0,0.9140,607.891,OPTIMAL,4026.000000,10.0833,27.4783
2026-09-04T23:48:04.152068+00:00,0,8,p50-1.2xalloc,sketch,p50bump,10,1.0,27,45,69,118,34,151,0,2,22,5,0.9847,1469.892,OPTIMAL,4027.000000,3.8509,19.0608
2026-09-04T23:48:04.893028+00:00,0,8,avg-p50p75-1.2xalloc,sketch,avgp50p75bump,10,1.0,27,49,69,118,31,147,0,4,14,2,0.9870,653.127,OPTIMAL,4025.000000,5.9437,19.0608
2026-09-04T23:48:05.299562+00:00,0,8,window-avg,sketch,window,10,1.0,27,43,67,122,31,147,0,0,73,1,0.9267,317.520,OPTIMAL,4027.000000,9.5870,23.3136
2026-09-04T23:48:05.933305+00:00,0,8,p90,sketch,p90,10,1.0,27,46,68,118,32,149,0,0,52,0,0.9542,549.951,OPTIMAL,4028.000000,10.6255,18.7211
2026-09-04T23:48:06.665863+00:00,0,8,avg-epoch,sketch,avg,10,1.0,27,40,69,125,31,149,0,0,78,0,0.9148,642.287,OPTIMAL,4029.000000,10.2801,27.0188
2026-09-04T23:48:10.641791+00:00,0,9,static,static,request,0,0.0,33,67,30,112,28,169,0,0,4,0,0.9940,255.505,OPTIMAL,30.000000,49.5796,91.9780
2026-09-04T23:48:11.507262+00:00,0,9,reassign,static,request,10,1.0,33,65,68,114,27,169,0,0,3,0,0.9948,851.905,OPTIMAL,3830.000000,49.2230,92.8540
2026-09-04T23:48:11.889611+00:00,0,9,dynamic,sketch,p50,0,0.0,33,46,31,131,24,172,0,0,72,2,0.9126,275.305,OPTIMAL,31.000000,8.1062,23.3658
2026-09-04T23:48:13.962116+00:00,0,9,dynamic+reassign,sketch,p50,10,1.0,33,48,71,131,23,170,0,1,71,1,0.9132,1965.768,OPTIMAL,4030.000000,8.1684,23.3658
2026-09-04T23:48:15.807428+00:00,0,9,p50-1.2xalloc,sketch,p50bump,10,1.0,33,49,72,121,29,180,0,1,15,5,0.9847,1756.741,OPTIMAL,4031.000000,1.2334,1.3625
2026-09-04T23:48:25.613149+00:00,0,9,avg-p50p75-1.2xalloc,sketch,avgp50p75bump,10,1.0,33,53,72,122,28,175,0,5,5,1,0.9881,9719.255,OPTIMAL,4027.000000,5.7872,3.9548
2026-09-04T23:48:29.016727+00:00,0,9,window-avg,sketch,window,10,1.0,33,49,70,129,23,170,0,1,65,1,0.9264,3309.858,OPTIMAL,4029.000000,9.4162,22.9218
2026-09-04T23:48:30.659567+00:00,0,9,p90,sketch,p90,10,1.0,33,51,71,125,24,173,0,1,36,0,0.9551,1554.548,OPTIMAL,4030.000000,10.8281,14.1453
2026-09-04T23:48:32.198988+00:00,0,9,avg-epoch,sketch,avg,10,1.0,33,44,70,132,23,172,0,1,73,2,0.9140,1445.437,OPTIMAL,4029.000000,8.5954,23.3620
2026-09-04T23:48:35.977587+00:00,0,10,static,static,request,0,0.0,29,66,20,106,26,195,0,0,10,0,0.9937,86.855,OPTIMAL,20.000000,46.4280,81.9640
2026-09-04T23:48:36.628301+00:00,0,10,reassign,static,request,10,1.0,29,64,50,110,26,195,0,0,15,1,0.9939,638.412,OPTIMAL,2822.000000,44.4957,81.0555
2026-09-04T23:48:36.887637+00:00,0,10,dynamic,sketch,p50,0,0.0,29,44,24,124,31,203,0,0,73,0,0.9113,151.056,OPTIMAL,24.000000,9.3952,25.9415
2026-09-04T23:48:37.532235+00:00,0,10,dynamic+reassign,sketch,p50,10,1.0,29,46,65,125,31,201,0,0,75,0,0.9119,536.872,OPTIMAL,4025.000000,9.3452,25.9415
2026-09-04T23:48:39.633508+00:00,0,10,p50-1.2xalloc,sketch,p50bump,10,1.0,29,46,59,115,25,205,0,4,23,3,0.9848,1995.368,OPTIMAL,4015.000000,3.3127,12.8165
2026-09-04T23:48:40.217458+00:00,0,10,avg-p50p75-1.2xalloc,sketch,avgp50p75bump,10,1.0,29,50,62,116,28,203,0,3,16,3,0.9886,489.365,OPTIMAL,4019.000000,5.4837,8.2298
2026-09-04T23:48:40.851593+00:00,0,10,window-avg,sketch,window,10,1.0,29,48,66,123,32,202,0,0,64,0,0.9262,543.946,OPTIMAL,4026.000000,9.4522,23.3490
2026-09-04T23:48:41.944232+00:00,0,10,p90,sketch,p90,10,1.0,29,49,63,116,32,205,0,0,48,0,0.9545,1006.343,OPTIMAL,4023.000000,11.8592,15.3381
2026-09-04T23:48:42.687760+00:00,0,10,avg-epoch,sketch,avg,10,1.0,29,43,64,126,30,202,0,0,78,0,0.9123,646.325,OPTIMAL,4024.000000,9.8951,26.0285
2026-09-04T23:48:47.175125+00:00,0,11,static,static,request,0,0.0,36,82,30,109,27,222,0,0,3,0,0.9942,685.976,OPTIMAL,30.000000,44.7104,85.5554
2026-09-04T23:48:48.169945+00:00,0,11,reassign,static,request,10,1.0,36,78,65,110,29,224,0,0,4,0,0.9944,980.471,OPTIMAL,3629.000000,44.6525,85.5554
2026-09-04T23:48:48.463392+00:00,0,11,dynamic,sketch,p50,0,0.0,36,56,31,126,29,232,0,0,66,2,0.9103,198.753,OPTIMAL,31.000000,7.8039,24.5942
2026-09-04T23:48:50.441999+00:00,0,11,dynamic+reassign,sketch,p50,10,1.0,36,57,72,125,32,233,0,0,66,0,0.9117,1892.015,OPTIMAL,4032.000000,7.5933,24.1736
2026-09-04T23:49:00.189731+00:00,0,11,p50-1.2xalloc,sketch,p50bump,10,1.0,36,63,77,121,31,236,0,3,4,2,0.9854,9664.928,OPTIMAL,4034.000000,1.7912,1.4845
2026-09-04T23:49:04.784708+00:00,0,11,avg-p50p75-1.2xalloc,sketch,avgp50p75bump,10,1.0,36,64,75,121,30,233,0,3,5,2,0.9887,4512.317,OPTIMAL,4032.000000,4.3850,3.4809
2026-09-04T23:49:05.867179+00:00,0,11,window-avg,sketch,window,10,1.0,36,58,71,124,30,232,0,0,57,0,0.9263,993.895,OPTIMAL,4031.000000,8.4248,21.7877
2026-09-04T23:49:08.061395+00:00,0,11,p90,sketch,p90,10,1.0,36,62,74,120,30,235,0,0,41,0,0.9543,2112.760,OPTIMAL,4034.000000,10.8817,14.9540
2026-09-04T23:49:09.027994+00:00,0,11,avg-epoch,sketch,avg,10,1.0,36,55,73,127,32,234,0,1,72,1,0.9105,879.162,OPTIMAL,4032.000000,8.6322,24.8884
2026-09-04T23:49:13.452048+00:00,0,12,static,static,request,0,0.0,38,90,27,106,30,252,0,0,9,0,0.9937,693.401,OPTIMAL,27.000000,39.9802,76.8651
2026-09-04T23:49:18.876546+00:00,0,12,reassign,static,request,10,1.0,38,87,71,109,32,256,0,0,11,1,0.9935,5412.745,OPTIMAL,4031.000000,41.1556,77.2745
2026-09-04T23:49:19.610355+00:00,0,12,dynamic,sketch,p50,0,0.0,38,63,31,128,29,261,0,0,79,1,0.9078,641.866,OPTIMAL,31.000000,9.7008,26.2101
2026-09-04T23:49:22.010854+00:00,0,12,dynamic+reassign,sketch,p50,10,1.0,38,63,73,125,33,266,0,1,75,1,0.9103,2312.363,OPTIMAL,4032.000000,8.9259,24.8167
2026-09-04T23:49:23.962184+00:00,0,12,p50-1.2xalloc,sketch,p50bump,10,1.0,38,64,71,120,32,268,0,3,26,5,0.9848,1864.365,OPTIMAL,4028.000000,3.7630,16.7055
2026-09-04T23:49:26.573526+00:00,0,12,avg-p50p75-1.2xalloc,sketch,avgp50p75bump,10,1.0,38,67,73,118,36,269,0,4,31,7,0.9871,2524.083,OPTIMAL,4029.000000,6.7769,25.1863
2026-09-04T23:49:41.046120+00:00,0,12,window-avg,sketch,window,10,1.0,38,65,75,125,34,266,0,1,70,2,0.9246,14387.866,OPTIMAL,4034.000000,9.1181,25.4630
2026-09-04T23:49:50.507451+00:00,0,12,p90,sketch,p90,10,1.0,38,66,71,121,30,265,0,1,50,1,0.9533,9369.383,OPTIMAL,4030.000000,11.7375,16.6458
2026-09-04T23:49:58.807476+00:00,0,12,avg-epoch,sketch,avg,10,1.0,38,60,69,125,31,265,0,1,78,1,0.9084,8208.955,OPTIMAL,4028.000000,9.9171,26.4115
2026-09-04T23:50:02.759607+00:00,0,13,static,static,request,0,0.0,40,103,32,107,31,283,0,0,12,1,0.9934,358.723,OPTIMAL,32.000000,43.4539,87.9516
2026-09-04T23:50:03.993292+00:00,0,13,reassign,static,request,10,1.0,40,96,63,110,27,283,0,0,15,1,0.9934,1220.213,OPTIMAL,3528.000000,43.4973,87.9516
2026-09-04T23:50:04.624079+00:00,0,13,dynamic,sketch,p50,0,0.0,40,72,42,131,39,300,0,0,75,2,0.9077,538.250,OPTIMAL,42.000000,6.5733,22.1462
2026-09-04T23:50:16.432185+00:00,0,13,dynamic+reassign,sketch,p50,10,1.0,40,70,80,132,33,299,0,1,69,1,0.9109,11721.331,OPTIMAL,4039.000000,6.3834,21.4241
2026-09-04T23:50:25.149562+00:00,0,13,p50-1.2xalloc,sketch,p50bump,10,1.0,40,73,78,126,32,300,0,8,21,4,0.9848,8627.685,OPTIMAL,4030.000000,2.8825,10.5212
2026-09-04T23:50:39.817658+00:00,0,13,avg-p50p75-1.2xalloc,sketch,avgp50p75bump,10,1.0,40,74,76,125,29,298,0,8,16,2,0.9874,14583.549,OPTIMAL,4028.000000,6.4876,19.3790
2026-09-04T23:50:42.359127+00:00,0,13,window-avg,sketch,window,10,1.0,40,70,79,131,33,299,0,0,62,1,0.9247,2448.774,OPTIMAL,4039.000000,7.9722,21.4351
2026-09-04T23:50:44.713884+00:00,0,13,p90,sketch,p90,10,1.0,40,75,78,126,33,298,0,0,42,0,0.9537,2271.644,OPTIMAL,4038.000000,11.6636,14.6180
2026-09-04T23:50:52.298993+00:00,0,13,avg-epoch,sketch,avg,10,1.0,40,71,81,134,32,297,0,1,71,1,0.9080,7499.477,OPTIMAL,4040.000000,8.6455,23.9547
2026-09-04T23:50:56.298440+00:00,0,14,static,static,request,0,0.0,30,101,25,104,28,311,0,0,17,1,0.9929,270.622,OPTIMAL,25.000000,39.0580,77.0758
2026-09-04T23:50:57.065926+00:00,0,14,reassign,static,request,10,1.0,30,98,51,104,28,311,0,0,21,1,0.9928,753.400,OPTIMAL,2922.000000,41.7659,81.8856
2026-09-04T23:50:57.358920+00:00,0,14,dynamic,sketch,p50,0,0.0,30,60,23,122,32,332,0,0,67,2,0.9084,184.480,OPTIMAL,23.000000,6.7261,20.2027
2026-09-04T23:50:59.594378+00:00,0,14,dynamic+reassign,sketch,p50,10,1.0,30,60,63,125,30,329,0,1,72,2,0.9113,2123.777,OPTIMAL,4022.000000,6.9966,20.2027
2026-09-04T23:51:00.457337+00:00,0,14,p50-1.2xalloc,sketch,p50bump,10,1.0,30,65,65,120,31,331,0,5,33,5,0.9851,773.751,OPTIMAL,4020.000000,2.7920,8.2356
2026-09-04T23:51:01.083944+00:00,0,14,avg-p50p75-1.2xalloc,sketch,avgp50p75bump,10,1.0,30,68,62,116,31,329,0,4,15,2,0.9875,536.226,OPTIMAL,4018.000000,5.9376,14.7146
2026-09-04T23:51:01.707300+00:00,0,14,window-avg,sketch,window,10,1.0,30,61,62,123,30,329,0,2,68,3,0.9245,527.843,OPTIMAL,4020.000000,8.5854,22.4727
2026-09-04T23:51:02.313001+00:00,0,14,p90,sketch,p90,10,1.0,30,67,62,119,30,328,0,1,51,2,0.9533,516.604,OPTIMAL,3922.000000,11.0902,14.4925
2026-09-04T23:51:03.076382+00:00,0,14,avg-epoch,sketch,avg,10,1.0,30,60,66,123,37,334,0,0,78,2,0.9076,673.020,OPTIMAL,4026.000000,7.6681,21.9841
2026-09-04T23:51:06.932199+00:00,0,15,static,static,request,0,0.0,39,115,25,103,26,337,0,0,12,1,0.9929,212.032,OPTIMAL,25.000000,45.2247,85.2714
2026-09-04T23:51:09.289232+00:00,0,15,reassign,static,request,10,1.0,39,115,60,102,28,339,0,0,10,0,0.9929,2345.851,OPTIMAL,3426.000000,46.0753,86.7982
2026-09-04T23:51:09.834056+00:00,0,15,dynamic,sketch,p50,0,0.0,39,76,35,126,31,363,0,0,63,1,0.9091,464.542,OPTIMAL,35.000000,7.9047,24.5490
2026-09-04T23:51:12.116308+00:00,0,15,dynamic+reassign,sketch,p50,10,1.0,39,76,74,127,32,361,0,1,65,1,0.9114,2201.306,OPTIMAL,4033.000000,7.8954,23.6616
2026-09-04T23:51:23.700766+00:00,0,15,p50-1.2xalloc,sketch,p50bump,10,1.0,39,79,76,122,34,365,0,3,27,6,0.9852,11507.050,OPTIMAL,4033.000000,1.6734,1.4607
2026-09-04T23:51:28.716865+00:00,0,15,avg-p50p75-1.2xalloc,sketch,avgp50p75bump,10,1.0,39,85,72,116,32,361,0,9,22,5,0.9879,4937.911,OPTIMAL,4023.000000,6.1678,17.2347
2026-09-04T23:51:31.546795+00:00,0,15,window-avg,sketch,window,10,1.0,39,78,74,126,31,360,0,1,62,1,0.9251,2742.964,OPTIMAL,4033.000000,10.6977,23.9663
2026-09-04T23:51:32.307275+00:00,0,15,p90,sketch,p90,10,1.0,39,83,69,119,29,357,0,0,37,1,0.9536,677.183,OPTIMAL,4029.000000,11.3549,15.4138
2026-09-04T23:51:44.204361+00:00,0,15,avg-epoch,sketch,avg,10,1.0,39,73,73,127,29,363,0,1,64,1,0.9083,11810.121,OPTIMAL,4032.000000,8.4758,25.9778
2026-09-04T23:51:48.127709+00:00,0,16,static,static,request,0,0.0,21,111,21,90,34,371,0,0,7,0,0.9931,183.723,OPTIMAL,21.000000,49.5396,94.3432
2026-09-04T23:51:51.054220+00:00,0,16,reassign,static,request,10,1.0,21,110,63,91,34,373,0,0,7,0,0.9931,2913.828,OPTIMAL,4023.000000,48.0958,92.1883
2026-09-04T23:51:51.268041+00:00,0,16,dynamic,sketch,p50,0,0.0,21,62,23,115,34,397,0,0,62,1,0.9092,122.233,OPTIMAL,23.000000,7.0751,19.8723
2026-09-04T23:51:52.095798+00:00,0,16,dynamic+reassign,sketch,p50,10,1.0,21,63,65,117,35,396,0,3,66,1,0.9111,740.287,OPTIMAL,4022.000000,7.7672,22.1044
2026-09-04T23:51:53.599869+00:00,0,16,p50-1.2xalloc,sketch,p50bump,10,1.0,21,64,60,111,31,396,0,3,18,4,0.9858,1418.007,OPTIMAL,4017.000000,3.7715,18.1413
2026-09-04T23:51:57.951316+00:00,0,16,avg-p50p75-1.2xalloc,sketch,avgp50p75bump,10,1.0,21,74,68,112,32,393,0,7,10,3,0.9882,4270.138,OPTIMAL,4021.000000,5.9284,16.5854
2026-09-04T23:51:59.100958+00:00,0,16,window-avg,sketch,window,10,1.0,21,65,64,116,34,394,0,2,56,1,0.9251,1061.863,OPTIMAL,4022.000000,9.1797,20.8002
2026-09-04T23:52:00.636134+00:00,0,16,p90,sketch,p90,10,1.0,21,75,70,112,37,394,0,1,42,1,0.9536,1456.678,OPTIMAL,4029.000000,11.3284,14.4693
2026-09-04T23:52:01.406520+00:00,0,16,avg-epoch,sketch,avg,10,1.0,21,61,64,117,34,397,0,1,66,1,0.9082,684.235,OPTIMAL,4023.000000,7.7125,21.4979
2026-09-04T23:52:05.254095+00:00,0,17,static,static,request,0,0.0,38,128,18,91,17,388,0,0,14,1,0.9927,147.610,OPTIMAL,18.000000,39.4816,79.5922
2026-09-04T23:52:05.648723+00:00,0,17,reassign,static,request,10,1.0,38,125,53,93,16,389,0,0,10,0,0.9930,384.726,OPTIMAL,3518.000000,37.9131,79.8952
2026-09-04T23:52:06.872126+00:00,0,17,dynamic,sketch,p50,0,0.0,38,77,34,125,24,421,0,0,68,2,0.9079,1137.365,OPTIMAL,34.000000,9.9820,33.0274
2026-09-04T23:52:08.114153+00:00,0,17,dynamic+reassign,sketch,p50,10,1.0,38,76,72,125,24,420,0,1,70,1,0.9101,1154.857,OPTIMAL,4031.000000,9.8797,31.9230
2026-09-04T23:52:10.562488+00:00,0,17,p50-1.2xalloc,sketch,p50bump,10,1.0,38,82,69,119,21,417,0,4,14,3,0.9860,2363.722,OPTIMAL,4025.000000,2.7107,1.7168
2026-09-04T23:52:13.655900+00:00,0,17,avg-p50p75-1.2xalloc,sketch,avgp50p75bump,10,1.0,38,84,67,117,22,415,0,6,24,5,0.9883,3008.212,OPTIMAL,4021.000000,6.1522,21.3807
2026-09-04T23:52:14.552233+00:00,0,17,window-avg,sketch,window,10,1.0,38,79,73,125,24,418,0,1,62,1,0.9246,810.364,OPTIMAL,4032.000000,9.4663,26.2036
2026-09-04T23:52:15.619318+00:00,0,17,p90,sketch,p90,10,1.0,38,83,67,120,19,413,0,1,43,1,0.9529,981.755,OPTIMAL,4026.000000,13.7207,22.6268
2026-09-04T23:52:17.736732+00:00,0,17,avg-epoch,sketch,avg,10,1.0,38,75,73,125,25,422,0,0,70,1,0.9068,2031.187,OPTIMAL,4033.000000,10.6612,31.6020
2026-09-04T23:52:21.559648+00:00,0,18,static,static,request,0,0.0,30,140,15,85,21,409,0,0,6,0,0.9927,92.693,OPTIMAL,15.000000,38.0379,77.4299
2026-09-04T23:52:22.935250+00:00,0,18,reassign,static,request,10,1.0,30,137,61,92,22,411,0,0,7,0,0.9929,1364.006,OPTIMAL,4021.000000,38.3498,82.0524
2026-09-04T23:52:23.178847+00:00,0,18,dynamic,sketch,p50,0,0.0,30,73,24,128,21,442,0,0,63,0,0.9075,131.232,OPTIMAL,24.000000,9.2077,27.8914
2026-09-04T23:52:23.878021+00:00,0,18,dynamic+reassign,sketch,p50,10,1.0,30,74,64,124,25,445,0,0,66,1,0.9097,596.697,OPTIMAL,4024.000000,9.1437,27.8914
2026-09-04T23:52:25.711218+00:00,0,18,p50-1.2xalloc,sketch,p50bump,10,1.0,30,83,64,117,26,443,0,4,21,3,0.9859,1743.273,OPTIMAL,4020.000000,3.7257,16.2911
2026-09-04T23:52:27.006331+00:00,0,18,avg-p50p75-1.2xalloc,sketch,avgp50p75bump,10,1.0,30,87,60,112,25,440,0,3,22,4,0.9884,1206.379,OPTIMAL,4017.000000,6.3008,17.7408
2026-09-04T23:52:27.730700+00:00,0,18,window-avg,sketch,window,10,1.0,30,76,63,124,24,442,0,1,64,0,0.9239,627.973,OPTIMAL,4022.000000,10.8890,26.1640
2026-09-04T23:52:28.865731+00:00,0,18,p90,sketch,p90,10,1.0,30,86,59,115,24,437,0,1,43,0,0.9523,1046.121,OPTIMAL,4018.000000,12.9868,21.8103
2026-09-04T23:52:29.367475+00:00,0,18,avg-epoch,sketch,avg,10,1.0,30,72,60,125,20,442,0,0,70,0,0.9063,402.320,OPTIMAL,4020.000000,9.7369,27.0819
2026-09-04T23:52:33.205199+00:00,0,19,static,static,request,0,0.0,45,170,19,84,20,429,0,0,12,1,0.9927,124.896,OPTIMAL,19.000000,39.2097,80.2108
2026-09-04T23:52:33.549381+00:00,0,19,reassign,static,request,10,1.0,45,161,52,90,22,433,0,0,10,0,0.9928,334.068,OPTIMAL,3220.000000,39.1431,80.2108
2026-09-04T23:52:33.742044+00:00,0,19,dynamic,sketch,p50,0,0.0,45,94,22,117,33,475,0,0,74,0,0.9069,99.930,OPTIMAL,22.000000,9.6569,26.5420
2026-09-04T23:52:34.490985+00:00,0,19,dynamic+reassign,sketch,p50,10,1.0,45,95,64,117,31,476,0,1,70,1,0.9088,660.807,OPTIMAL,4023.000000,9.1818,25.6892
2026-09-04T23:52:35.209452+00:00,0,19,p50-1.2xalloc,sketch,p50bump,10,1.0,45,104,63,106,34,477,0,5,23,4,0.9856,637.535,OPTIMAL,4018.000000,3.1896,8.2069
2026-09-04T23:52:36.957318+00:00,0,19,avg-p50p75-1.2xalloc,sketch,avgp50p75bump,10,1.0,45,112,59,99,32,472,0,6,9,3,0.9882,1667.909,OPTIMAL,4013.000000,6.7593,25.9557
2026-09-04T23:52:38.359035+00:00,0,19,window-avg,sketch,window,10,1.0,45,98,63,114,33,475,0,2,67,1,0.9230,1315.049,OPTIMAL,4021.000000,9.4904,25.8697
2026-09-04T23:52:39.988142+00:00,0,19,p90,sketch,p90,10,1.0,45,112,60,102,33,470,0,2,44,1,0.9515,1552.226,OPTIMAL,4018.000000,11.4061,14.8226
2026-09-04T23:52:40.849453+00:00,0,19,avg-epoch,sketch,avg,10,1.0,45,97,64,114,35,477,0,0,76,0,0.9055,774.593,OPTIMAL,4024.000000,10.2360,27.7420
2026-09-04T23:52:44.542993+00:00,0,20,static,static,request,0,0.0,40,191,20,85,19,448,0,0,4,0,0.9928,91.615,OPTIMAL,20.000000,44.2581,86.8050
2026-09-04T23:52:45.359926+00:00,0,20,reassign,static,request,10,1.0,40,181,60,89,21,454,0,0,4,0,0.9930,807.114,OPTIMAL,4020.000000,44.2202,83.3471
2026-09-04T23:52:45.597186+00:00,0,20,dynamic,sketch,p50,0,0.0,40,112,23,112,28,503,0,0,70,0,0.9068,147.324,OPTIMAL,23.000000,7.6646,22.1358
2026-09-04T23:52:47.067269+00:00,0,20,dynamic+reassign,sketch,p50,10,1.0,40,111,66,115,28,504,0,0,70,0,0.9084,1373.307,OPTIMAL,4026.000000,7.9511,22.1358
2026-09-04T23:52:49.699582+00:00,0,20,p50-1.2xalloc,sketch,p50bump,10,1.0,40,121,64,98,32,509,0,1,13,3,0.9861,2547.902,OPTIMAL,4023.000000,2.3946,1.7675
2026-09-04T23:52:52.314875+00:00,0,20,avg-p50p75-1.2xalloc,sketch,avgp50p75bump,10,1.0,40,133,62,94,27,499,0,1,10,2,0.9881,2543.622,OPTIMAL,4021.000000,6.1257,3.7029
2026-09-04T23:52:54.153024+00:00,0,20,window-avg,sketch,window,10,1.0,40,115,67,112,29,504,0,0,67,0,0.9231,1754.931,OPTIMAL,4027.000000,8.2419,18.9309
2026-09-04T23:52:55.043409+00:00,0,20,p90,sketch,p90,10,1.0,40,132,63,96,29,499,0,1,45,1,0.9517,820.779,OPTIMAL,4022.000000,9.6308,14.2315
2026-09-04T23:52:56.837630+00:00,0,20,avg-epoch,sketch,avg,10,1.0,40,113,67,111,30,507,0,1,71,1,0.9054,1712.847,OPTIMAL,4026.000000,8.0495,21.3012
2026-09-04T23:53:00.748656+00:00,0,21,static,static,request,0,0.0,36,207,19,79,25,473,0,0,11,1,0.9928,184.723,OPTIMAL,19.000000,45.2560,95.0550
2026-09-04T23:53:02.440977+00:00,0,21,reassign,static,request,10,1.0,36,197,61,81,31,485,0,0,8,1,0.9931,1681.048,OPTIMAL,3823.000000,47.9186,89.8688
2026-09-04T23:53:02.801904+00:00,0,21,dynamic,sketch,p50,0,0.0,36,125,27,105,34,537,0,0,69,2,0.9066,280.875,OPTIMAL,27.000000,7.1459,20.1898
2026-09-04T23:53:04.811151+00:00,0,21,dynamic+reassign,sketch,p50,10,1.0,36,121,69,109,35,539,0,0,69,1,0.9085,1931.960,OPTIMAL,4029.000000,7.0040,20.1898
2026-09-04T23:53:06.026061+00:00,0,21,p50-1.2xalloc,sketch,p50bump,10,1.0,36,133,69,103,24,533,0,2,11,2,0.9861,1143.172,OPTIMAL,4027.000000,3.1391,2.3868
2026-09-04T23:53:07.226395+00:00,0,21,avg-p50p75-1.2xalloc,sketch,avgp50p75bump,10,1.0,36,147,63,94,23,522,0,5,14,3,0.9881,1128.629,OPTIMAL,4018.000000,5.3958,17.4021
2026-09-04T23:53:10.841541+00:00,0,21,window-avg,sketch,window,10,1.0,36,124,71,112,31,535,0,2,58,1,0.9232,3537.577,OPTIMAL,4029.000000,8.8847,23.1148
2026-09-04T23:53:11.650801+00:00,0,21,p90,sketch,p90,10,1.0,36,145,67,98,25,524,0,0,34,0,0.9519,741.185,OPTIMAL,4027.000000,10.3489,13.7215
2026-09-04T23:53:13.436790+00:00,0,21,avg-epoch,sketch,avg,10,1.0,36,122,71,110,32,539,0,0,68,2,0.9053,1710.301,OPTIMAL,4031.000000,7.6497,21.2580
2026-09-04T23:53:17.341850+00:00,0,22,static,static,request,0,0.0,37,225,20,74,25,498,0,0,8,1,0.9929,173.245,OPTIMAL,20.000000,46.3357,96.6565
2026-09-04T23:53:17.488268+00:00,0,22,reassign,static,request,10,1.0,37,211,40,80,16,501,0,0,9,1,0.9931,137.495,OPTIMAL,2515.000000,46.4519,96.6565
2026-09-04T23:53:17.661383+00:00,0,22,dynamic,sketch,p50,0,0.0,37,135,29,110,24,561,0,0,55,1,0.9067,93.814,OPTIMAL,29.000000,8.3592,25.5858
2026-09-04T23:53:24.100634+00:00,0,22,dynamic+reassign,sketch,p50,10,1.0,37,129,68,114,23,562,0,0,56,2,0.9085,6359.666,OPTIMAL,4028.000000,8.5026,25.5858
2026-09-04T23:53:25.772589+00:00,0,22,p50-1.2xalloc,sketch,p50bump,10,1.0,37,141,64,104,23,556,0,2,15,3,0.9859,1594.453,OPTIMAL,4022.000000,3.8805,15.4452
2026-09-04T23:53:26.855455+00:00,0,22,avg-p50p75-1.2xalloc,sketch,avgp50p75bump,10,1.0,37,161,66,93,27,549,0,4,14,3,0.9883,1016.397,OPTIMAL,4022.000000,5.7051,14.5736
2026-09-04T23:53:27.831821+00:00,0,22,window-avg,sketch,window,10,1.0,37,130,68,114,26,561,0,1,52,1,0.9233,895.153,OPTIMAL,4027.000000,9.9110,26.1767
2026-09-04T23:53:29.396159+00:00,0,22,p90,sketch,p90,10,1.0,37,155,69,102,25,549,0,1,38,0,0.9519,1495.156,OPTIMAL,4028.000000,11.7835,16.3238
2026-09-04T23:53:31.594976+00:00,0,22,avg-epoch,sketch,avg,10,1.0,37,128,70,116,24,563,0,0,53,1,0.9058,2117.217,OPTIMAL,4030.000000,7.7467,24.8760
2026-09-04T23:53:35.398440+00:00,0,23,static,static,request,0,0.0,33,238,17,78,13,511,0,0,8,1,0.9928,89.519,OPTIMAL,17.000000,44.8228,84.3050
2026-09-04T23:53:36.432481+00:00,0,23,reassign,static,request,10,1.0,33,229,64,81,23,524,0,0,10,1,0.9930,1025.245,OPTIMAL,4024.000000,45.2111,84.3050
2026-09-04T23:53:36.888063+00:00,0,23,dynamic,sketch,p50,0,0.0,33,139,29,113,26,587,0,0,65,2,0.9061,360.036,OPTIMAL,29.000000,8.3748,21.8519
2026-09-04T23:53:38.217514+00:00,0,23,dynamic+reassign,sketch,p50,10,1.0,33,134,69,117,26,588,0,2,71,2,0.9078,1233.443,OPTIMAL,4027.000000,9.2094,23.6690
2026-09-04T23:53:40.125940+00:00,0,23,p50-1.2xalloc,sketch,p50bump,10,1.0,33,150,63,104,23,579,0,5,18,3,0.9859,1817.376,OPTIMAL,4018.000000,2.8972,6.4123
2026-09-04T23:53:40.763133+00:00,0,23,avg-p50p75-1.2xalloc,sketch,avgp50p75bump,10,1.0,33,168,59,97,17,566,0,5,14,2,0.9881,561.131,OPTIMAL,3816.000000,5.9264,16.8955
2026-09-04T23:53:41.713452+00:00,0,23,window-avg,sketch,window,10,1.0,33,135,68,117,25,586,0,0,65,1,0.9232,866.434,OPTIMAL,4028.000000,8.8482,21.1590
2026-09-04T23:53:43.584981+00:00,0,23,p90,sketch,p90,10,1.0,33,159,64,106,20,569,0,2,45,2,0.9514,1795.640,OPTIMAL,4022.000000,12.1017,18.0855
2026-09-04T23:53:44.295892+00:00,0,23,avg-epoch,sketch,avg,10,1.0,33,131,68,120,24,587,0,0,66,0,0.9058,624.659,OPTIMAL,4028.000000,8.9178,23.1057
2026-09-04T23:53:48.278006+00:00,0,24,static,static,request,0,0.0,43,264,23,77,24,535,0,0,6,0,0.9928,276.618,OPTIMAL,23.000000,45.4142,91.1533
2026-09-04T23:53:48.824022+00:00,0,24,reassign,static,request,10,1.0,43,248,55,87,18,542,0,0,6,0,0.9930,535.492,OPTIMAL,3124.000000,43.8894,91.1533
2026-09-04T23:53:49.424040+00:00,0,24,dynamic,sketch,p50,0,0.0,43,153,29,114,28,615,0,0,57,1,0.9064,505.239,OPTIMAL,29.000000,6.4194,17.9877
2026-09-04T23:53:54.062152+00:00,0,24,dynamic+reassign,sketch,p50,10,1.0,43,148,68,116,29,617,0,0,59,2,0.9080,4541.993,OPTIMAL,4028.000000,6.8809,24.6723
2026-09-04T23:53:55.068904+00:00,0,24,p50-1.2xalloc,sketch,p50bump,10,1.0,43,170,65,97,32,611,0,5,10,3,0.9862,933.125,OPTIMAL,4020.000000,4.8702,22.0068
2026-09-04T23:54:01.582796+00:00,0,24,avg-p50p75-1.2xalloc,sketch,avgp50p75bump,10,1.0,43,190,64,95,26,592,0,10,9,2,0.9882,6441.744,OPTIMAL,4014.000000,7.7607,23.7523
2026-09-04T23:54:03.289191+00:00,0,24,window-avg,sketch,window,10,1.0,43,150,68,115,30,616,0,1,54,1,0.9232,1623.960,OPTIMAL,4027.000000,8.6712,20.7833
2026-09-04T23:54:04.918974+00:00,0,24,p90,sketch,p90,10,1.0,43,178,67,106,27,596,0,0,40,0,0.9515,1555.029,OPTIMAL,4027.000000,10.1855,14.7406
2026-09-04T23:54:06.368560+00:00,0,24,avg-epoch,sketch,avg,10,1.0,43,146,65,117,28,615,0,0,61,0,0.9064,1363.757,OPTIMAL,4025.000000,7.3972,20.5947
2026-09-04T23:54:10.207468+00:00,0,25,static,static,request,0,0.0,39,280,21,83,15,550,0,0,8,0,0.9929,116.992,OPTIMAL,21.000000,43.5830,83.0161
2026-09-04T23:54:10.535723+00:00,0,25,reassign,static,request,10,1.0,39,263,50,89,20,562,0,0,14,1,0.9930,318.721,OPTIMAL,2822.000000,39.9279,83.0161
2026-09-04T23:54:10.778491+00:00,0,25,dynamic,sketch,p50,0,0.0,39,163,25,116,23,638,0,0,61,3,0.9063,154.083,OPTIMAL,25.000000,7.2538,24.2571
2026-09-04T23:54:12.714251+00:00,0,25,dynamic+reassign,sketch,p50,10,1.0,39,159,66,112,30,647,0,2,66,2,0.9080,1853.494,OPTIMAL,4024.000000,6.9057,24.2158
2026-09-04T23:54:18.345683+00:00,0,25,p50-1.2xalloc,sketch,p50bump,10,1.0,39,184,68,103,22,633,0,1,9,1,0.9863,5558.865,OPTIMAL,4027.000000,2.8530,1.9993
2026-09-04T23:54:20.275457+00:00,0,25,avg-p50p75-1.2xalloc,sketch,avgp50p75bump,10,1.0,39,205,68,99,24,616,0,6,14,3,0.9880,1858.643,OPTIMAL,4022.000000,5.4789,11.0728
2026-09-04T23:54:21.721702+00:00,0,25,window-avg,sketch,window,10,1.0,39,161,64,112,27,643,0,0,65,4,0.9233,1363.118,OPTIMAL,4024.000000,8.5066,20.6431
2026-09-04T23:54:23.073424+00:00,0,25,p90,sketch,p90,10,1.0,39,190,67,106,27,623,0,0,40,1,0.9517,1276.610,OPTIMAL,4027.000000,11.4860,15.2315
2026-09-04T23:54:24.767186+00:00,0,25,avg-epoch,sketch,avg,10,1.0,39,160,64,112,29,644,0,0,66,1,0.9063,1609.664,OPTIMAL,4024.000000,8.5190,24.1611
2026-09-04T23:54:28.758211+00:00,0,26,static,static,request,0,0.0,31,290,22,87,18,568,0,0,7,0,0.9929,182.117,OPTIMAL,22.000000,48.5238,101.4173
2026-09-04T23:54:29.381718+00:00,0,26,reassign,static,request,10,1.0,31,272,49,91,18,580,0,0,10,1,0.9930,611.668,OPTIMAL,2920.000000,47.7503,104.4462
2026-09-04T23:54:29.597914+00:00,0,26,dynamic,sketch,p50,0,0.0,31,169,26,114,28,666,0,0,69,0,0.9062,126.120,OPTIMAL,26.000000,8.5975,23.8022
2026-09-04T23:54:30.341015+00:00,0,26,dynamic+reassign,sketch,p50,10,1.0,31,164,67,113,26,673,0,0,66,0,0.9078,661.309,OPTIMAL,4027.000000,8.7403,23.8022
2026-09-04T23:54:31.024521+00:00,0,26,p50-1.2xalloc,sketch,p50bump,10,1.0,31,187,63,108,18,651,0,7,7,2,0.9866,604.646,OPTIMAL,4016.000000,2.7849,1.6133
2026-09-04T23:54:31.908224+00:00,0,26,avg-p50p75-1.2xalloc,sketch,avgp50p75bump,10,1.0,31,208,65,103,21,637,0,2,15,3,0.9881,805.257,OPTIMAL,4023.000000,5.7038,12.4374
2026-09-04T23:54:33.314403+00:00,0,26,window-avg,sketch,window,10,1.0,31,168,66,111,27,670,0,0,67,0,0.9231,1323.251,OPTIMAL,4026.000000,9.6087,23.4827
2026-09-04T23:54:33.825769+00:00,0,26,p90,sketch,p90,10,1.0,31,194,63,107,22,645,0,0,39,0,0.9517,432.406,OPTIMAL,4023.000000,11.7456,18.5140
2026-09-04T23:54:34.861271+00:00,0,26,avg-epoch,sketch,avg,10,1.0,31,167,65,111,26,670,0,1,71,0,0.9058,954.190,OPTIMAL,4024.000000,10.8003,25.0744
2026-09-04T23:54:38.958927+00:00,0,27,static,static,request,0,0.0,39,307,26,88,25,593,0,0,12,0,0.9927,349.034,OPTIMAL,26.000000,45.8587,91.1659
2026-09-04T23:54:40.378147+00:00,0,27,reassign,static,request,10,1.0,39,291,64,86,29,609,0,0,14,0,0.9928,1409.132,OPTIMAL,4024.000000,41.1559,82.6437
2026-09-04T23:54:40.864105+00:00,0,27,dynamic,sketch,p50,0,0.0,39,182,27,121,20,686,0,0,65,1,0.9053,395.225,OPTIMAL,27.000000,9.3191,27.3611
2026-09-04T23:54:42.604678+00:00,0,27,dynamic+reassign,sketch,p50,10,1.0,39,176,68,124,17,690,0,1,62,1,0.9071,1651.662,OPTIMAL,4027.000000,9.0781,29.0231
2026-09-04T23:54:44.037739+00:00,0,27,p50-1.2xalloc,sketch,p50bump,10,1.0,39,203,67,104,31,682,0,5,15,6,0.9865,1358.642,OPTIMAL,4022.000000,4.1139,17.9049
2026-09-04T23:54:44.788372+00:00,0,27,avg-p50p75-1.2xalloc,sketch,avgp50p75bump,10,1.0,39,222,62,98,27,664,0,5,7,3,0.9883,674.105,OPTIMAL,4017.000000,6.2558,21.7654
2026-09-04T23:54:47.118477+00:00,0,27,window-avg,sketch,window,10,1.0,39,181,65,117,19,689,0,1,58,1,0.9226,2244.095,OPTIMAL,4024.000000,9.3212,21.6177
2026-09-04T23:54:48.865256+00:00,0,27,p90,sketch,p90,10,1.0,39,210,64,103,28,673,0,0,45,0,0.9514,1670.868,OPTIMAL,4024.000000,11.9260,18.5203
2026-09-04T23:54:51.651781+00:00,0,27,avg-epoch,sketch,avg,10,1.0,39,181,69,117,23,693,0,1,63,1,0.9050,2704.152,OPTIMAL,4028.000000,9.4091,26.9041
2026-09-04T23:54:56.346264+00:00,0,28,static,static,request,0,0.0,39,320,24,92,20,613,0,0,15,1,0.9926,983.006,OPTIMAL,24.000000,41.5343,88.7793
2026-09-04T23:54:57.101432+00:00,0,28,reassign,static,request,10,1.0,39,306,51,89,19,628,0,0,10,0,0.9927,743.621,OPTIMAL,2922.000000,44.0762,88.7793
2026-09-04T23:54:57.286292+00:00,0,28,dynamic,sketch,p50,0,0.0,39,194,24,117,28,714,0,0,66,1,0.9054,89.638,OPTIMAL,24.000000,9.0626,23.5753
2026-09-04T23:54:58.007341+00:00,0,28,dynamic+reassign,sketch,p50,10,1.0,39,187,63,123,24,714,0,2,67,1,0.9067,626.649,OPTIMAL,4021.000000,9.7474,27.1732
2026-09-04T23:54:58.761282+00:00,0,28,p50-1.2xalloc,sketch,p50bump,10,1.0,39,215,64,107,21,703,0,3,17,2,0.9867,672.736,OPTIMAL,4021.000000,2.8438,5.6524
2026-09-04T23:55:00.585197+00:00,0,28,avg-p50p75-1.2xalloc,sketch,avgp50p75bump,10,1.0,39,239,67,105,20,684,0,5,8,2,0.9885,1747.258,OPTIMAL,4022.000000,6.0956,20.8577
2026-09-04T23:55:02.195431+00:00,0,28,window-avg,sketch,window,10,1.0,39,195,64,117,24,713,0,1,61,2,0.9222,1523.523,OPTIMAL,4023.000000,9.9766,22.6394
2026-09-04T23:55:03.709272+00:00,0,28,p90,sketch,p90,10,1.0,39,225,65,110,18,691,0,1,39,1,0.9514,1435.406,OPTIMAL,4024.000000,11.0435,14.2991
2026-09-04T23:55:04.387065+00:00,0,28,avg-epoch,sketch,avg,10,1.0,39,191,65,120,22,715,0,3,61,1,0.9049,589.449,OPTIMAL,4022.000000,9.3864,25.5952
2026-09-04T23:55:08.247006+00:00,0,29,static,static,request,0,0.0,34,330,19,93,18,631,0,0,15,2,0.9924,143.379,OPTIMAL,19.000000,41.5847,82.9911
2026-09-04T23:55:10.093360+00:00,0,29,reassign,static,request,10,1.0,34,318,47,90,18,646,0,0,10,0,0.9926,1836.650,OPTIMAL,2819.000000,45.7454,97.4560
2026-09-04T23:55:10.304763+00:00,0,29,dynamic,sketch,p50,0,0.0,34,204,26,119,24,738,0,0,69,1,0.9051,120.007,OPTIMAL,26.000000,8.8737,27.4264
2026-09-04T23:55:11.144818+00:00,0,29,dynamic+reassign,sketch,p50,10,1.0,34,198,70,121,32,746,0,1,70,1,0.9063,753.027,OPTIMAL,4029.000000,9.5533,27.8970
2026-09-04T23:55:11.992102+00:00,0,29,p50-1.2xalloc,sketch,p50bump,10,1.0,34,225,61,108,20,723,0,8,15,3,0.9869,764.340,OPTIMAL,4013.000000,3.1891,1.7767
2026-09-04T23:55:19.882675+00:00,0,29,avg-p50p75-1.2xalloc,sketch,avgp50p75bump,10,1.0,34,246,60,100,29,713,0,4,10,2,0.9887,7814.855,OPTIMAL,3620.000000,7.3198,27.8488
2026-09-04T23:55:21.950962+00:00,0,29,window-avg,sketch,window,10,1.0,34,205,70,115,32,745,0,0,63,1,0.9219,1987.014,OPTIMAL,4030.000000,10.7359,27.1515
2026-09-04T23:55:24.105765+00:00,0,29,p90,sketch,p90,10,1.0,34,234,62,107,25,716,0,0,42,0,0.9514,2075.179,OPTIMAL,4022.000000,11.5006,15.4508
2026-09-04T23:55:25.806441+00:00,0,29,avg-epoch,sketch,avg,10,1.0,34,200,71,119,32,747,0,0,66,0,0.9048,1617.018,OPTIMAL,4031.000000,8.7733,27.1515
2026-09-04T23:55:29.695610+00:00,0,30,static,static,request,0,0.0,38,349,20,90,23,654,0,0,14,1,0.9922,145.174,OPTIMAL,20.000000,44.0738,101.9720
2026-09-04T23:55:30.430638+00:00,0,30,reassign,static,request,10,1.0,38,337,51,88,21,667,0,0,12,1,0.9925,723.679,OPTIMAL,3219.000000,42.5688,90.3457
2026-09-04T23:55:30.885193+00:00,0,30,dynamic,sketch,p50,0,0.0,38,216,29,111,37,775,0,0,69,2,0.9049,360.442,OPTIMAL,29.000000,8.1455,23.8818
2026-09-04T23:55:32.319790+00:00,0,30,dynamic+reassign,sketch,p50,10,1.0,38,206,66,113,34,780,0,0,72,0,0.9060,1339.304,OPTIMAL,4026.000000,8.8405,26.1423
2026-09-04T23:55:34.806822+00:00,0,30,p50-1.2xalloc,sketch,p50bump,10,1.0,38,242,67,100,35,758,0,4,19,5,0.9870,2403.013,OPTIMAL,4023.000000,2.6883,1.3745
2026-09-04T23:55:35.534982+00:00,0,30,avg-p50p75-1.2xalloc,sketch,avgp50p75bump,10,1.0,38,260,61,104,17,730,0,5,12,3,0.9886,648.974,OPTIMAL,4016.000000,5.3901,4.8540
2026-09-04T23:55:36.546604+00:00,0,30,window-avg,sketch,window,10,1.0,38,213,66,110,31,776,0,1,63,2,0.9219,930.348,OPTIMAL,4025.000000,7.8401,19.6480
2026-09-04T23:55:37.456838+00:00,0,30,p90,sketch,p90,10,1.0,38,250,64,105,26,742,0,1,42,0,0.9514,833.337,OPTIMAL,4023.000000,11.5491,15.3231
2026-09-04T23:55:49.956042+00:00,0,30,avg-epoch,sketch,avg,10,1.0,38,207,65,116,28,775,0,2,67,2,0.9046,12415.053,OPTIMAL,4023.000000,8.6800,24.8152
2026-09-04T23:55:53.835919+00:00,0,31,static,static,request,0,0.0,27,356,19,89,20,674,0,0,6,0,0.9921,129.349,OPTIMAL,19.000000,46.2884,87.8780
2026-09-04T23:55:54.212751+00:00,0,31,reassign,static,request,10,1.0,27,345,55,84,26,693,0,0,4,0,0.9926,367.099,OPTIMAL,3322.000000,43.9711,84.0639
2026-09-04T23:55:54.568601+00:00,0,31,dynamic,sketch,p50,0,0.0,27,214,29,116,24,799,0,0,72,1,0.9043,270.558,OPTIMAL,29.000000,10.7059,26.7094
2026-09-04T23:55:57.306268+00:00,0,31,dynamic+reassign,sketch,p50,10,1.0,27,207,69,118,24,804,0,2,73,2,0.9052,2654.390,OPTIMAL,4027.000000,10.7296,24.8799
2026-09-04T23:55:58.272468+00:00,0,31,p50-1.2xalloc,sketch,p50bump,10,1.0,27,242,65,99,26,784,0,5,13,3,0.9871,894.639,OPTIMAL,4020.000000,3.2917,4.7283
2026-09-04T23:56:12.783041+00:00,0,31,avg-p50p75-1.2xalloc,sketch,avgp50p75bump,10,1.0,27,266,69,100,33,763,0,5,8,3,0.9888,14439.737,OPTIMAL,4024.000000,4.7603,3.8956
2026-09-04T23:56:16.317960+00:00,0,31,window-avg,sketch,window,10,1.0,27,214,71,115,26,802,0,1,63,2,0.9215,3449.069,OPTIMAL,4030.000000,9.4722,22.5598
2026-09-04T23:56:18.647297+00:00,0,31,p90,sketch,p90,10,1.0,27,253,71,102,34,776,0,2,43,2,0.9510,2260.172,OPTIMAL,4029.000000,11.2926,20.2753
2026-09-04T23:56:19.518190+00:00,0,31,avg-epoch,sketch,avg,10,1.0,27,209,67,116,27,802,0,2,77,3,0.9038,787.338,OPTIMAL,4025.000000,10.5867,25.2264
2026-09-04T23:56:23.346712+00:00,0,32,static,static,request,0,0.0,36,373,22,86,25,699,0,0,9,0,0.9921,99.636,OPTIMAL,22.000000,42.0283,87.5008
2026-09-04T23:56:23.725075+00:00,0,32,reassign,static,request,10,1.0,36,359,40,89,12,705,0,0,8,0,0.9925,369.157,OPTIMAL,2317.000000,42.1731,87.5008
2026-09-04T23:56:24.324913+00:00,0,32,dynamic,sketch,p50,0,0.0,36,221,29,117,28,827,0,0,62,1,0.9045,513.272,OPTIMAL,29.000000,7.3897,22.2223
2026-09-04T23:56:26.567017+00:00,0,32,dynamic+reassign,sketch,p50,10,1.0,36,214,71,118,31,835,0,0,62,0,0.9052,2159.353,OPTIMAL,4031.000000,7.8565,24.7518
2026-09-04T23:56:28.412393+00:00,0,32,p50-1.2xalloc,sketch,p50bump,10,1.0,36,253,68,104,23,807,0,1,15,3,0.9872,1771.477,OPTIMAL,4027.000000,4.0841,20.3583
2026-09-04T23:56:34.696345+00:00,0,32,avg-p50p75-1.2xalloc,sketch,avgp50p75bump,10,1.0,36,273,67,103,24,787,0,8,11,3,0.9890,6207.935,OPTIMAL,4019.000000,6.4694,21.5215
2026-09-04T23:56:41.142636+00:00,0,32,window-avg,sketch,window,10,1.0,36,219,69,117,27,829,0,0,55,0,0.9217,6363.475,OPTIMAL,4029.000000,9.0161,22.2324
2026-09-04T23:56:42.461268+00:00,0,32,p90,sketch,p90,10,1.0,36,258,68,106,24,800,0,0,38,0,0.9512,1244.537,OPTIMAL,4028.000000,10.7387,14.9520
2026-09-04T23:56:56.129233+00:00,0,32,avg-epoch,sketch,avg,10,1.0,36,218,73,117,32,834,0,0,61,0,0.9041,13588.735,OPTIMAL,4033.000000,7.5535,24.2991
2026-09-04T23:57:00.016592+00:00,0,33,static,static,request,0,0.0,29,380,23,91,18,717,0,0,10,0,0.9921,130.570,OPTIMAL,23.000000,40.2629,90.9215
2026-09-04T23:57:05.148219+00:00,0,33,reassign,static,request,10,1.0,29,371,62,88,24,729,0,1,9,0,0.9925,5121.848,OPTIMAL,3922.000000,46.9838,94.2377
2026-09-04T23:57:05.491195+00:00,0,33,dynamic,sketch,p50,0,0.0,29,221,29,118,28,855,0,0,65,2,0.9045,255.274,OPTIMAL,29.000000,8.9848,26.1531
2026-09-04T23:57:07.856010+00:00,0,33,dynamic+reassign,sketch,p50,10,1.0,29,212,71,119,30,865,0,0,67,1,0.9048,2280.167,OPTIMAL,4031.000000,9.3740,26.6092
2026-09-04T23:57:09.708747+00:00,0,33,p50-1.2xalloc,sketch,p50bump,10,1.0,29,254,68,109,23,830,0,3,7,1,0.9872,1775.471,OPTIMAL,4025.000000,2.9125,11.7525
2026-09-04T23:57:11.760144+00:00,0,33,avg-p50p75-1.2xalloc,sketch,avgp50p75bump,10,1.0,29,275,72,111,24,811,0,3,10,2,0.9892,1974.431,OPTIMAL,4029.000000,5.3992,13.1153
2026-09-04T23:57:12.717826+00:00,0,33,window-avg,sketch,window,10,1.0,29,219,70,118,29,858,0,0,59,1,0.9217,875.060,OPTIMAL,4030.000000,9.9632,25.5560
2026-09-04T23:57:15.764183+00:00,0,33,p90,sketch,p90,10,1.0,29,259,68,113,21,821,0,1,37,1,0.9514,2967.517,OPTIMAL,4027.000000,10.7088,14.3370
2026-09-04T23:57:21.959612+00:00,0,33,avg-epoch,sketch,avg,10,1.0,29,214,70,122,25,859,0,0,61,0,0.9042,6108.495,OPTIMAL,4030.000000,8.6876,25.0027
2026-09-04T23:57:25.890317+00:00,0,34,static,static,request,0,0.0,32,389,22,92,21,738,0,0,8,0,0.9920,191.247,OPTIMAL,22.000000,52.9508,100.7558
2026-09-04T23:57:26.533872+00:00,0,34,reassign,static,request,10,1.0,32,380,53,87,23,752,0,0,6,0,0.9924,633.827,OPTIMAL,3122.000000,53.1656,92.7431
2026-09-04T23:57:26.906617+00:00,0,34,dynamic,sketch,p50,0,0.0,32,224,24,118,24,879,0,0,63,0,0.9044,281.137,OPTIMAL,24.000000,9.1158,27.7467
2026-09-04T23:57:28.149332+00:00,0,34,dynamic+reassign,sketch,p50,10,1.0,32,213,64,118,25,890,0,0,63,0,0.9049,1154.232,OPTIMAL,4024.000000,8.6996,25.5452
2026-09-04T23:57:30.261181+00:00,0,34,p50-1.2xalloc,sketch,p50bump,10,1.0,32,258,67,105,31,861,0,4,7,1,0.9875,2035.462,OPTIMAL,4023.000000,3.5740,19.3475
2026-09-04T23:57:32.250802+00:00,0,34,avg-p50p75-1.2xalloc,sketch,avgp50p75bump,10,1.0,32,275,64,115,21,832,0,5,14,2,0.9894,1903.184,OPTIMAL,3920.000000,5.5883,17.9680
2026-09-04T23:57:34.309455+00:00,0,34,window-avg,sketch,window,10,1.0,32,221,64,116,26,884,0,0,58,0,0.9216,1972.854,OPTIMAL,4024.000000,10.4990,27.6923
2026-09-04T23:57:34.946811+00:00,0,34,p90,sketch,p90,10,1.0,32,263,69,113,29,850,0,0,37,0,0.9515,558.254,OPTIMAL,4029.000000,11.6434,14.7741
2026-09-04T23:57:35.827263+00:00,0,34,avg-epoch,sketch,avg,10,1.0,32,216,63,118,27,886,0,0,65,0,0.9040,792.134,OPTIMAL,4023.000000,9.3509,26.9335
2026-09-04T23:57:39.735451+00:00,0,35,static,static,request,0,0.0,34,401,24,92,24,762,0,0,8,0,0.9920,197.706,OPTIMAL,24.000000,51.0686,91.6026
2026-09-04T23:57:40.939273+00:00,0,35,reassign,static,request,10,1.0,34,392,52,91,20,772,0,0,6,0,0.9925,1192.745,OPTIMAL,2824.000000,52.1171,97.9004
2026-09-04T23:57:41.182508+00:00,0,35,dynamic,sketch,p50,0,0.0,34,234,26,115,29,908,0,0,65,0,0.9040,146.973,OPTIMAL,26.000000,10.6257,30.6663
2026-09-04T23:57:41.991605+00:00,0,35,dynamic+reassign,sketch,p50,10,1.0,34,223,67,121,24,914,0,2,62,1,0.9045,710.848,OPTIMAL,4025.000000,10.0371,29.5766
2026-09-04T23:57:42.988707+00:00,0,35,p50-1.2xalloc,sketch,p50bump,10,1.0,34,265,66,108,23,884,0,3,18,5,0.9873,916.839,OPTIMAL,4023.000000,4.2300,20.7676
2026-09-04T23:57:44.634813+00:00,0,35,avg-p50p75-1.2xalloc,sketch,avgp50p75bump,10,1.0,34,284,68,106,37,869,0,5,15,5,0.9893,1567.344,OPTIMAL,4023.000000,5.6811,19.9037
2026-09-04T23:57:45.680545+00:00,0,35,window-avg,sketch,window,10,1.0,34,231,67,115,28,912,0,0,58,0,0.9212,961.560,OPTIMAL,4027.000000,12.2084,29.4837
2026-09-04T23:57:46.717006+00:00,0,35,p90,sketch,p90,10,1.0,34,268,66,111,28,878,0,1,43,1,0.9511,957.256,OPTIMAL,4025.000000,12.6858,19.4784
2026-09-04T23:57:47.610461+00:00,0,35,avg-epoch,sketch,avg,10,1.0,34,227,69,121,26,912,0,1,67,1,0.9036,807.227,OPTIMAL,4028.000000,10.4776,29.9721
2026-09-04T23:57:51.449848+00:00,0,36,static,static,request,0,0.0,29,406,22,89,25,787,0,0,6,0,0.9920,93.731,OPTIMAL,22.000000,55.2872,95.8112
2026-09-04T23:57:52.203881+00:00,0,36,reassign,static,request,10,1.0,29,397,62,85,28,800,0,0,7,0,0.9924,744.157,OPTIMAL,4022.000000,50.7831,88.1082
2026-09-04T23:57:52.472610+00:00,0,36,dynamic,sketch,p50,0,0.0,29,237,28,114,29,937,0,0,68,1,0.9036,169.958,OPTIMAL,28.000000,8.3455,25.1464
2026-09-04T23:57:54.901343+00:00,0,36,dynamic+reassign,sketch,p50,10,1.0,29,225,69,120,30,944,0,1,72,1,0.9043,2326.665,OPTIMAL,4028.000000,8.0723,25.1464
2026-09-04T23:57:56.304976+00:00,0,36,p50-1.2xalloc,sketch,p50bump,10,1.0,29,268,67,108,27,911,0,6,13,2,0.9872,1319.279,OPTIMAL,4021.000000,3.4349,16.8121
2026-09-04T23:57:57.362172+00:00,0,36,avg-p50p75-1.2xalloc,sketch,avgp50p75bump,10,1.0,29,285,67,110,23,892,0,5,14,2,0.9894,974.744,OPTIMAL,4022.000000,4.8950,4.0326
2026-09-04T23:57:58.354996+00:00,0,36,window-avg,sketch,window,10,1.0,29,233,68,113,30,942,0,0,58,0,0.9212,909.951,OPTIMAL,4028.000000,8.3211,21.2048
2026-09-04T23:57:59.842620+00:00,0,36,p90,sketch,p90,10,1.0,29,271,64,111,24,902,0,1,41,1,0.9511,1406.671,OPTIMAL,4023.000000,12.1773,16.7142
2026-09-04T23:58:00.992115+00:00,0,36,avg-epoch,sketch,avg,10,1.0,29,227,66,119,28,940,0,0,71,1,0.9035,1061.516,OPTIMAL,4026.000000,8.6675,24.8208
2026-09-04T23:58:04.966168+00:00,0,37,static,static,request,0,0.0,34,418,22,92,19,806,0,0,10,1,0.9919,180.183,OPTIMAL,22.000000,47.9662,97.5423
2026-09-04T23:58:06.024766+00:00,0,37,reassign,static,request,10,1.0,34,409,55,93,16,816,0,0,6,0,0.9925,1047.193,OPTIMAL,3124.000000,48.5057,90.2258
2026-09-04T23:58:07.300768+00:00,0,37,dynamic,sketch,p50,0,0.0,34,243,30,116,28,965,0,0,69,0,0.9032,1174.671,OPTIMAL,30.000000,10.2262,27.6010
2026-09-04T23:58:08.626885+00:00,0,37,dynamic+reassign,sketch,p50,10,1.0,34,230,67,115,32,976,0,1,68,1,0.9038,1228.002,OPTIMAL,4026.000000,8.9293,29.4014
2026-09-04T23:58:10.344738+00:00,0,37,p50-1.2xalloc,sketch,p50bump,10,1.0,34,275,67,105,30,941,0,4,21,5,0.9872,1629.978,OPTIMAL,4023.000000,3.2625,15.0159
2026-09-04T23:58:11.335713+00:00,0,37,avg-p50p75-1.2xalloc,sketch,avgp50p75bump,10,1.0,34,292,65,109,26,918,0,8,22,5,0.9893,905.795,OPTIMAL,4017.000000,7.2674,25.3689
2026-09-04T23:58:13.401285+00:00,0,37,window-avg,sketch,window,10,1.0,34,239,68,114,27,969,0,0,64,1,0.9209,1984.068,OPTIMAL,4028.000000,9.7613,25.1667
2026-09-04T23:58:14.354856+00:00,0,37,p90,sketch,p90,10,1.0,34,281,66,108,29,931,0,0,47,1,0.9508,876.490,OPTIMAL,4026.000000,11.3959,19.3748
2026-09-04T23:58:17.368545+00:00,0,37,avg-epoch,sketch,avg,10,1.0,34,235,69,114,34,974,0,1,75,1,0.9027,2932.852,OPTIMAL,4028.000000,10.2765,28.8832
2026-09-04T23:58:21.428962+00:00,0,38,static,static,request,0,0.0,28,424,27,94,25,831,0,0,15,1,0.9916,269.639,OPTIMAL,27.000000,45.9507,82.1855
2026-09-04T23:58:22.694818+00:00,0,38,reassign,static,request,10,1.0,28,413,62,94,24,840,0,0,14,0,0.9921,1253.517,OPTIMAL,3725.000000,43.7340,82.1855
2026-09-04T23:58:22.942977+00:00,0,38,dynamic,sketch,p50,0,0.0,28,241,26,111,31,996,0,0,62,1,0.9029,148.897,OPTIMAL,26.000000,8.3018,24.9644
2026-09-04T23:58:24.240611+00:00,0,38,dynamic+reassign,sketch,p50,10,1.0,28,231,66,112,29,1005,0,0,64,0,0.9036,1204.246,OPTIMAL,4026.000000,8.0125,23.1392
2026-09-04T23:58:25.263859+00:00,0,38,p50-1.2xalloc,sketch,p50bump,10,1.0,28,276,66,107,24,965,0,5,25,6,0.9871,933.923,OPTIMAL,4021.000000,3.5366,15.6054
2026-09-04T23:58:27.417129+00:00,0,38,avg-p50p75-1.2xalloc,sketch,avgp50p75bump,10,1.0,28,295,64,104,29,947,0,7,17,3,0.9893,2062.439,OPTIMAL,4017.000000,6.7147,24.4837
2026-09-04T23:58:28.635726+00:00,0,38,window-avg,sketch,window,10,1.0,28,239,67,110,31,1000,0,0,58,1,0.9206,1137.679,OPTIMAL,4027.000000,9.7788,25.1698
2026-09-04T23:58:30.312222+00:00,0,38,p90,sketch,p90,10,1.0,28,283,66,109,25,956,0,0,39,0,0.9506,1598.306,OPTIMAL,4026.000000,13.1532,21.5091
2026-09-04T23:58:32.304731+00:00,0,38,avg-epoch,sketch,avg,10,1.0,28,234,67,113,28,1002,0,0,63,1,0.9025,1911.548,OPTIMAL,4027.000000,9.1980,25.3832
2026-09-04T23:58:36.259742+00:00,0,39,static,static,request,0,0.0,39,436,25,94,25,856,0,0,8,0,0.9916,265.448,OPTIMAL,25.000000,49.5415,101.9355
2026-09-04T23:58:36.991779+00:00,0,39,reassign,static,request,10,1.0,39,427,68,90,32,872,0,0,17,2,0.9920,720.166,OPTIMAL,4028.000000,46.2326,91.6408
2026-09-04T23:58:37.339920+00:00,0,39,dynamic,sketch,p50,0,0.0,39,254,26,108,29,1025,0,0,61,1,0.9030,250.275,OPTIMAL,26.000000,7.8948,25.1166
2026-09-04T23:58:39.418689+00:00,0,39,dynamic+reassign,sketch,p50,10,1.0,39,244,68,108,32,1037,0,1,61,2,0.9036,1989.117,OPTIMAL,4027.000000,7.7838,25.6111
2026-09-04T23:58:40.914017+00:00,0,39,p50-1.2xalloc,sketch,p50bump,10,1.0,39,289,67,102,32,997,0,6,18,5,0.9869,1417.246,OPTIMAL,4021.000000,2.5907,1.6834
2026-09-04T23:58:42.579948+00:00,0,39,avg-p50p75-1.2xalloc,sketch,avgp50p75bump,10,1.0,39,310,63,101,26,973,0,9,15,6,0.9893,1588.169,OPTIMAL,4014.000000,6.3779,25.2523
2026-09-04T23:58:43.375732+00:00,0,39,window-avg,sketch,window,10,1.0,39,251,67,107,30,1030,0,2,57,2,0.9205,717.713,OPTIMAL,4025.000000,9.0714,24.1140
2026-09-04T23:58:45.125524+00:00,0,39,p90,sketch,p90,10,1.0,39,296,67,103,33,989,0,0,46,1,0.9504,1676.256,OPTIMAL,4027.000000,11.9809,15.8698
2026-09-04T23:58:47.142801+00:00,0,39,avg-epoch,sketch,avg,10,1.0,39,246,66,108,31,1033,0,1,61,2,0.9024,1935.614,OPTIMAL,4025.000000,7.8618,23.8014
2026-09-04T23:58:51.042746+00:00,0,40,static,static,request,0,0.0,27,438,24,96,22,878,0,0,10,0,0.9916,161.600,OPTIMAL,24.000000,41.1504,76.7086
2026-09-04T23:58:51.485567+00:00,0,40,reassign,static,request,10,1.0,27,426,41,95,12,884,0,0,9,0,0.9920,433.039,OPTIMAL,2417.000000,42.4320,80.5510
2026-09-04T23:58:51.768288+00:00,0,40,dynamic,sketch,p50,0,0.0,27,255,29,112,25,1050,0,0,60,1,0.9029,184.366,OPTIMAL,29.000000,9.5218,24.8933
2026-09-04T23:58:56.938357+00:00,0,40,dynamic+reassign,sketch,p50,10,1.0,27,243,66,113,21,1058,0,0,58,0,0.9038,5076.020,OPTIMAL,4026.000000,8.8156,22.8468
2026-09-04T23:58:57.789054+00:00,0,40,p50-1.2xalloc,sketch,p50bump,10,1.0,27,289,68,104,26,1023,0,2,7,2,0.9869,776.516,OPTIMAL,4026.000000,2.0783,1.6763
2026-09-04T23:58:59.105880+00:00,0,40,avg-p50p75-1.2xalloc,sketch,avgp50p75bump,10,1.0,27,314,66,96,31,1004,0,5,12,4,0.9891,1247.532,OPTIMAL,4021.000000,5.4762,10.8388
2026-09-04T23:59:04.863976+00:00,0,40,window-avg,sketch,window,10,1.0,27,251,69,112,24,1054,0,0,52,0,0.9206,5676.817,OPTIMAL,4029.000000,8.8435,20.1357
2026-09-04T23:59:05.570711+00:00,0,40,p90,sketch,p90,10,1.0,27,296,63,100,26,1015,0,1,39,1,0.9503,634.201,OPTIMAL,4022.000000,12.2909,16.2770
2026-09-04T23:59:07.525886+00:00,0,40,avg-epoch,sketch,avg,10,1.0,27,247,69,113,24,1057,0,0,61,0,0.9025,1875.521,OPTIMAL,4029.000000,9.6208,24.4916
2026-09-04T23:59:11.495581+00:00,0,41,static,static,request,0,0.0,28,442,20,95,21,899,0,0,11,1,0.9915,234.703,OPTIMAL,20.000000,38.8097,71.9703
2026-09-04T23:59:12.149326+00:00,0,41,reassign,static,request,10,1.0,28,437,63,93,25,909,0,0,9,0,0.9920,643.381,OPTIMAL,4023.000000,36.4887,67.6263
2026-09-04T23:59:12.426081+00:00,0,41,dynamic,sketch,p50,0,0.0,28,254,27,120,19,1069,0,0,63,3,0.9026,184.161,OPTIMAL,27.000000,9.1672,24.0184
2026-09-04T23:59:20.006701+00:00,0,41,dynamic+reassign,sketch,p50,10,1.0,28,245,68,112,29,1087,0,1,64,1,0.9038,7499.859,OPTIMAL,4027.000000,7.5475,21.3470
2026-09-04T23:59:25.875199+00:00,0,41,p50-1.2xalloc,sketch,p50bump,10,1.0,28,289,70,108,26,1049,0,5,11,2,0.9871,5792.197,OPTIMAL,4025.000000,4.2849,20.9723
2026-09-04T23:59:26.713002+00:00,0,41,avg-p50p75-1.2xalloc,sketch,avgp50p75bump,10,1.0,28,316,66,96,26,1030,0,7,12,3,0.9892,766.912,OPTIMAL,4019.000000,8.0280,27.3452
2026-09-04T23:59:28.521712+00:00,0,41,window-avg,sketch,window,10,1.0,28,250,63,116,19,1073,0,1,60,1,0.9205,1722.558,OPTIMAL,4022.000000,9.8202,23.6627
2026-09-04T23:59:29.405233+00:00,0,41,p90,sketch,p90,10,1.0,28,301,66,103,23,1038,0,0,37,0,0.9503,810.069,OPTIMAL,4026.000000,12.1413,18.3911
2026-09-04T23:59:30.620460+00:00,0,41,avg-epoch,sketch,avg,10,1.0,28,246,66,116,23,1080,0,0,64,2,0.9027,1130.850,OPTIMAL,4026.000000,8.1774,22.8045
2026-09-04T23:59:34.475382+00:00,0,42,static,static,request,0,0.0,36,458,20,91,24,923,0,0,14,1,0.9915,92.498,OPTIMAL,20.000000,39.1178,78.6299
2026-09-04T23:59:34.687530+00:00,0,42,reassign,static,request,10,1.0,36,450,50,91,25,934,0,0,10,0,0.9921,202.150,OPTIMAL,2723.000000,41.0177,78.6299
2026-09-04T23:59:35.007077+00:00,0,42,dynamic,sketch,p50,0,0.0,36,263,29,113,36,1105,0,0,64,1,0.9025,221.267,OPTIMAL,29.000000,7.6259,22.8142
2026-09-04T23:59:42.018875+00:00,0,42,dynamic+reassign,sketch,p50,10,1.0,36,253,68,109,31,1118,0,0,57,0,0.9041,6918.836,OPTIMAL,4028.000000,6.9001,23.5273
2026-09-04T23:59:43.997124+00:00,0,42,p50-1.2xalloc,sketch,p50bump,10,1.0,36,295,69,112,25,1074,0,5,13,3,0.9872,1896.589,OPTIMAL,4024.000000,3.3173,8.1720
2026-09-04T23:59:45.275534+00:00,0,42,avg-p50p75-1.2xalloc,sketch,avgp50p75bump,10,1.0,36,326,69,100,25,1055,0,2,9,2,0.9893,1206.072,OPTIMAL,4027.000000,6.1852,20.3932
2026-09-04T23:59:46.725615+00:00,0,42,window-avg,sketch,window,10,1.0,36,263,67,107,36,1109,0,0,60,1,0.9204,1372.869,OPTIMAL,4027.000000,9.3806,21.4429
2026-09-04T23:59:47.412809+00:00,0,42,p90,sketch,p90,10,1.0,36,311,66,106,23,1061,0,0,39,0,0.9504,612.371,OPTIMAL,4026.000000,10.9999,14.4954
2026-09-04T23:59:51.051529+00:00,0,42,avg-epoch,sketch,avg,10,1.0,36,256,70,111,35,1115,0,1,63,0,0.9029,3560.441,OPTIMAL,4029.000000,8.1778,24.7959
2026-09-04T23:59:54.915038+00:00,0,43,static,static,request,0,0.0,37,475,22,87,26,949,0,0,5,0,0.9915,101.722,OPTIMAL,22.000000,46.5572,90.3776
2026-09-04T23:59:55.583634+00:00,0,43,reassign,static,request,10,1.0,37,464,47,91,20,954,0,0,6,0,0.9921,658.740,OPTIMAL,2720.000000,46.5197,90.6902
2026-09-04T23:59:56.141140+00:00,0,43,dynamic,sketch,p50,0,0.0,37,271,30,118,25,1130,0,0,65,1,0.9019,457.483,OPTIMAL,30.000000,11.4901,30.7458
2026-09-04T23:59:57.978953+00:00,0,43,dynamic+reassign,sketch,p50,10,1.0,37,262,72,112,29,1147,0,1,64,1,0.9039,1747.049,OPTIMAL,4031.000000,9.4281,27.4712
2026-09-04T23:59:59.642761+00:00,0,43,p50-1.2xalloc,sketch,p50bump,10,1.0,37,303,65,112,25,1099,0,3,26,7,0.9871,1566.558,OPTIMAL,4022.000000,2.1088,1.7081
2026-09-05T00:00:01.793698+00:00,0,43,avg-p50p75-1.2xalloc,sketch,avgp50p75bump,10,1.0,37,334,66,106,20,1075,0,5,15,3,0.9894,2072.763,OPTIMAL,4021.000000,7.6789,29.1112
2026-09-05T00:00:02.746457+00:00,0,43,window-avg,sketch,window,10,1.0,37,273,71,110,28,1137,0,0,58,0,0.9203,877.736,OPTIMAL,4031.000000,10.9994,26.0329
2026-09-05T00:00:04.385283+00:00,0,43,p90,sketch,p90,10,1.0,37,322,66,104,28,1089,0,1,40,1,0.9502,1565.149,OPTIMAL,4025.000000,11.5115,15.9943
2026-09-05T00:00:06.653355+00:00,0,43,avg-epoch,sketch,avg,10,1.0,37,263,72,118,25,1140,0,1,66,1,0.9026,2187.431,OPTIMAL,4031.000000,10.6437,29.4238
2026-09-05T00:00:10.630515+00:00,0,44,static,static,request,0,0.0,27,480,24,89,22,971,0,0,7,1,0.9916,251.910,OPTIMAL,24.000000,44.8978,88.3932
2026-09-05T00:00:13.771516+00:00,0,44,reassign,static,request,10,1.0,27,471,61,91,26,980,0,0,4,0,0.9922,3129.623,OPTIMAL,3526.000000,48.1958,82.2896
2026-09-05T00:00:14.165270+00:00,0,44,dynamic,sketch,p50,0,0.0,27,268,30,121,27,1157,0,0,59,1,0.9019,302.721,OPTIMAL,30.000000,9.4883,29.1632
2026-09-05T00:00:15.865458+00:00,0,44,dynamic+reassign,sketch,p50,10,1.0,27,257,70,120,22,1169,0,0,52,0,0.9041,1614.180,OPTIMAL,4030.000000,7.5998,23.5719
2026-09-05T00:00:16.794331+00:00,0,44,p50-1.2xalloc,sketch,p50bump,10,1.0,27,305,66,105,33,1132,0,2,13,3,0.9871,851.359,OPTIMAL,4024.000000,3.5666,17.6746
2026-09-05T00:00:18.774610+00:00,0,44,avg-p50p75-1.2xalloc,sketch,avgp50p75bump,10,1.0,27,335,65,103,28,1103,0,5,22,7,0.9893,1904.606,OPTIMAL,4020.000000,7.4056,21.4296
2026-09-05T00:00:19.439502+00:00,0,44,window-avg,sketch,window,10,1.0,27,269,69,118,21,1158,0,1,47,1,0.9203,580.123,OPTIMAL,4028.000000,9.4756,22.8973
2026-09-05T00:00:20.547824+00:00,0,44,p90,sketch,p90,10,1.0,27,323,67,102,29,1118,0,0,39,1,0.9501,1035.197,OPTIMAL,4027.000000,12.7372,19.1734
2026-09-05T00:00:22.962653+00:00,0,44,avg-epoch,sketch,avg,10,1.0,27,258,69,123,24,1164,0,0,66,2,0.9026,2325.520,OPTIMAL,4029.000000,8.6015,24.5026
2026-09-05T00:00:27.020984+00:00,0,45,static,static,request,0,0.0,33,489,23,85,27,998,0,0,6,0,0.9916,292.195,OPTIMAL,23.000000,51.9744,94.7397
2026-09-05T00:00:27.555758+00:00,0,45,reassign,static,request,10,1.0,33,478,56,86,27,1007,0,0,5,0,0.9922,524.941,OPTIMAL,3422.000000,53.9466,97.6211
2026-09-05T00:00:27.918840+00:00,0,45,dynamic,sketch,p50,0,0.0,33,271,30,125,26,1183,0,0,72,1,0.9018,269.966,OPTIMAL,30.000000,7.8981,20.1389
2026-09-05T00:00:29.604584+00:00,0,45,dynamic+reassign,sketch,p50,10,1.0,33,260,66,125,21,1190,0,1,64,1,0.9045,1592.803,OPTIMAL,4025.000000,6.9954,19.5191
2026-09-05T00:00:30.998788+00:00,0,45,p50-1.2xalloc,sketch,p50bump,10,1.0,33,312,70,110,25,1157,0,2,17,3,0.9871,1315.937,OPTIMAL,4028.000000,2.5421,5.3198
2026-09-05T00:00:31.816832+00:00,0,45,avg-p50p75-1.2xalloc,sketch,avgp50p75bump,10,1.0,33,343,68,102,29,1132,0,1,7,1,0.9894,743.230,OPTIMAL,4027.000000,5.5225,5.6236
2026-09-05T00:00:32.721083+00:00,0,45,window-avg,sketch,window,10,1.0,33,273,66,119,25,1183,0,0,65,1,0.9203,814.635,OPTIMAL,4026.000000,8.7037,19.3749
2026-09-05T00:00:34.661373+00:00,0,45,p90,sketch,p90,10,1.0,33,329,69,109,22,1140,0,0,41,0,0.9499,1865.350,OPTIMAL,4029.000000,11.8897,15.8924
2026-09-05T00:00:36.535925+00:00,0,45,avg-epoch,sketch,avg,10,1.0,33,262,68,126,25,1189,0,0,67,0,0.9028,1782.007,OPTIMAL,4028.000000,7.7221,20.6091
2026-09-05T00:00:40.402732+00:00,0,46,static,static,request,0,0.0,31,497,20,84,21,1019,0,0,4,0,0.9917,110.641,OPTIMAL,20.000000,49.5239,91.2656
2026-09-05T00:00:40.894137+00:00,0,46,reassign,static,request,10,1.0,31,487,57,88,21,1028,0,0,5,0,0.9923,482.066,OPTIMAL,3423.000000,53.8301,106.5757
2026-09-05T00:00:41.199307+00:00,0,46,dynamic,sketch,p50,0,0.0,31,272,29,122,32,1215,0,0,73,3,0.9017,211.616,OPTIMAL,29.000000,8.5009,26.5676
2026-09-05T00:00:43.110215+00:00,0,46,dynamic+reassign,sketch,p50,10,1.0,31,265,68,119,34,1224,0,1,72,2,0.9044,1823.302,OPTIMAL,4027.000000,8.7499,25.0745
2026-09-05T00:00:45.131965+00:00,0,46,p50-1.2xalloc,sketch,p50bump,10,1.0,31,313,66,113,24,1181,0,7,28,7,0.9870,1937.284,OPTIMAL,3920.000000,3.6045,10.2735
2026-09-05T00:00:45.835094+00:00,0,46,avg-p50p75-1.2xalloc,sketch,avgp50p75bump,10,1.0,31,346,68,104,26,1158,0,5,8,1,0.9895,625.503,OPTIMAL,4023.000000,9.1431,31.1875
2026-09-05T00:00:46.697590+00:00,0,46,window-avg,sketch,window,10,1.0,31,278,70,116,33,1216,0,0,65,1,0.9205,779.796,OPTIMAL,4030.000000,9.4471,23.1856
2026-09-05T00:00:48.668469+00:00,0,46,p90,sketch,p90,10,1.0,31,331,65,110,24,1164,0,1,45,1,0.9497,1891.403,OPTIMAL,4024.000000,11.4253,16.3221
2026-09-05T00:00:50.501386+00:00,0,46,avg-epoch,sketch,avg,10,1.0,31,265,68,120,34,1223,0,2,76,2,0.9028,1747.661,OPTIMAL,4026.000000,9.5691,25.4567
2026-09-05T00:00:54.352228+00:00,0,47,static,static,request,0,0.0,45,522,22,86,20,1039,0,0,4,0,0.9917,107.769,OPTIMAL,22.000000,45.6037,88.3147
2026-09-05T00:00:55.465639+00:00,0,47,reassign,static,request,10,1.0,45,509,61,89,24,1052,0,0,5,0,0.9924,1103.789,OPTIMAL,3625.000000,47.4272,94.9942
2026-09-05T00:00:55.701456+00:00,0,47,dynamic,sketch,p50,0,0.0,45,288,26,125,23,1238,0,0,67,2,0.9016,137.023,OPTIMAL,26.000000,8.8457,25.3976
2026-09-05T00:00:56.533937+00:00,0,47,dynamic+reassign,sketch,p50,10,1.0,45,282,69,121,27,1251,0,0,66,1,0.9044,743.514,OPTIMAL,4029.000000,9.4654,25.3976
2026-09-05T00:00:58.472574+00:00,0,47,p50-1.2xalloc,sketch,p50bump,10,1.0,45,331,68,114,27,1208,0,2,24,4,0.9870,1855.570,OPTIMAL,4026.000000,4.0139,21.7329
2026-09-05T00:01:00.596150+00:00,0,47,avg-p50p75-1.2xalloc,sketch,avgp50p75bump,10,1.0,45,363,67,108,23,1181,0,7,11,2,0.9895,2042.485,OPTIMAL,4020.000000,6.1488,19.6195
2026-09-05T00:01:02.101617+00:00,0,47,window-avg,sketch,window,10,1.0,45,293,67,120,23,1239,0,1,60,2,0.9204,1418.235,OPTIMAL,4026.000000,9.6771,24.6499
2026-09-05T00:01:06.182597+00:00,0,47,p90,sketch,p90,10,1.0,45,351,68,113,25,1189,0,1,48,2,0.9494,3997.117,OPTIMAL,4027.000000,12.8464,17.2720
2026-09-05T00:01:07.007496+00:00,0,47,avg-epoch,sketch,avg,10,1.0,45,282,70,122,28,1251,0,1,72,1,0.9026,737.698,OPTIMAL,4029.000000,9.8790,24.6892
2026-09-05T00:01:10.872188+00:00,0,48,static,static,request,0,0.0,45,545,21,87,20,1059,0,0,5,0,0.9917,101.178,OPTIMAL,21.000000,43.2566,91.4189
2026-09-05T00:01:11.089181+00:00,0,48,reassign,static,request,10,1.0,45,529,50,91,20,1072,0,0,6,0,0.9924,207.258,OPTIMAL,2822.000000,41.1138,97.6662
2026-09-05T00:01:11.470180+00:00,0,48,dynamic,sketch,p50,0,0.0,45,307,27,124,28,1266,0,0,69,2,0.9012,280.201,OPTIMAL,27.000000,9.0396,24.2448
2026-09-05T00:01:12.100785+00:00,0,48,dynamic+reassign,sketch,p50,10,1.0,45,298,66,126,21,1272,0,1,69,1,0.9040,537.105,OPTIMAL,4025.000000,9.6846,28.9081
2026-09-05T00:01:13.218960+00:00,0,48,p50-1.2xalloc,sketch,p50bump,10,1.0,45,348,65,111,28,1236,0,4,14,3,0.9871,1033.079,OPTIMAL,4021.000000,3.5063,16.3768
2026-09-05T00:01:13.995529+00:00,0,48,avg-p50p75-1.2xalloc,sketch,avgp50p75bump,10,1.0,45,381,67,112,23,1204,0,3,21,4,0.9893,693.779,OPTIMAL,4024.000000,4.7630,4.1295
2026-09-05T00:01:16.027410+00:00,0,48,window-avg,sketch,window,10,1.0,45,311,67,121,26,1265,0,1,61,1,0.9203,1943.346,OPTIMAL,4026.000000,10.1521,23.4280
2026-09-05T00:01:16.928581+00:00,0,48,p90,sketch,p90,10,1.0,45,368,71,109,35,1224,0,0,40,0,0.9494,825.926,OPTIMAL,4031.000000,12.0362,19.0112
2026-09-05T00:01:17.750787+00:00,0,48,avg-epoch,sketch,avg,10,1.0,45,297,67,127,22,1273,0,0,71,1,0.9023,730.265,OPTIMAL,4027.000000,9.7028,28.6527
2026-09-05T00:01:21.795223+00:00,0,49,static,static,request,0,0.0,28,552,24,92,19,1078,0,0,11,0,0.9917,343.920,OPTIMAL,24.000000,40.8981,72.6474
2026-09-05T00:01:22.910472+00:00,0,49,reassign,static,request,10,1.0,28,535,54,93,20,1092,0,0,15,1,0.9923,1103.585,OPTIMAL,3222.000000,41.1067,72.7895
2026-09-05T00:01:23.248596+00:00,0,49,dynamic,sketch,p50,0,0.0,28,308,23,117,30,1296,0,0,77,2,0.9006,233.893,OPTIMAL,23.000000,11.1632,31.7849
2026-09-05T00:01:24.509117+00:00,0,49,dynamic+reassign,sketch,p50,10,1.0,28,300,65,118,33,1305,0,0,75,1,0.9034,1161.251,OPTIMAL,4025.000000,11.2638,30.4950
2026-09-05T00:01:26.234682+00:00,0,49,p50-1.2xalloc,sketch,p50bump,10,1.0,28,351,66,112,25,1261,0,4,31,7,0.9869,1627.755,OPTIMAL,4022.000000,4.7638,21.5486
2026-09-05T00:01:27.585268+00:00,0,49,avg-p50p75-1.2xalloc,sketch,avgp50p75bump,10,1.0,28,382,64,108,28,1232,0,7,16,4,0.9892,1254.668,OPTIMAL,4017.000000,6.9128,24.4636
2026-09-05T00:01:28.114172+00:00,0,49,window-avg,sketch,window,10,1.0,28,312,60,115,26,1291,0,2,72,1,0.9199,438.518,OPTIMAL,4018.000000,11.9924,28.8284
2026-09-05T00:01:29.035195+00:00,0,49,p90,sketch,p90,10,1.0,28,365,64,117,16,1240,0,1,47,2,0.9492,833.520,OPTIMAL,4023.000000,11.7275,18.8646
2026-09-05T00:01:30.004704+00:00,0,49,avg-epoch,sketch,avg,10,1.0,28,298,61,121,27,1300,0,0,75,1,0.9017,877.014,OPTIMAL,4021.000000,11.1046,31.3364
2026-09-05T00:01:33.853985+00:00,0,50,static,static,request,0,0.0,38,566,24,83,33,1111,0,0,5,0,0.9918,101.993,OPTIMAL,24.000000,41.9321,86.3754
2026-09-05T00:01:34.721122+00:00,0,50,reassign,static,request,10,1.0,38,551,67,88,32,1124,0,0,6,0,0.9923,856.867,OPTIMAL,4027.000000,39.5456,77.5712
2026-09-05T00:01:35.214109+00:00,0,50,dynamic,sketch,p50,0,0.0,38,323,25,115,27,1323,0,0,68,1,0.9003,401.889,OPTIMAL,25.000000,8.5804,27.5448
2026-09-05T00:01:36.253812+00:00,0,50,dynamic+reassign,sketch,p50,10,1.0,38,313,61,111,28,1333,0,0,65,0,0.9032,954.895,OPTIMAL,4021.000000,8.6215,27.5448
2026-09-05T00:01:36.908857+00:00,0,50,p50-1.2xalloc,sketch,p50bump,10,1.0,38,363,63,111,24,1285,0,1,9,2,0.9871,572.193,OPTIMAL,4022.000000,2.4250,1.5298
2026-09-05T00:01:37.963055+00:00,0,50,avg-p50p75-1.2xalloc,sketch,avgp50p75bump,10,1.0,38,396,66,108,26,1258,0,3,15,3,0.9892,974.056,OPTIMAL,4023.000000,6.3436,17.6715
2026-09-05T00:01:38.906777+00:00,0,50,window-avg,sketch,window,10,1.0,38,330,64,112,27,1318,0,0,64,0,0.9197,860.661,OPTIMAL,4024.000000,10.3834,25.3296
2026-09-05T00:01:39.842092+00:00,0,50,p90,sketch,p90,10,1.0,38,379,63,114,26,1266,0,0,48,0,0.9490,850.723,OPTIMAL,4023.000000,12.0270,16.1305
2026-09-05T00:01:41.098048+00:00,0,50,avg-epoch,sketch,avg,10,1.0,38,315,64,110,35,1335,0,1,68,0,0.9016,1175.707,OPTIMAL,4023.000000,8.7403,27.1893
2026-09-05T00:01:45.067767+00:00,0,51,static,static,request,0,0.0,29,571,22,89,16,1127,0,0,7,1,0.9918,184.915,OPTIMAL,22.000000,40.2871,82.2261
2026-09-05T00:01:45.976450+00:00,0,51,reassign,static,request,10,1.0,29,553,55,94,19,1143,0,0,6,1,0.9923,896.987,OPTIMAL,3025.000000,39.7533,75.9566
2026-09-05T00:01:46.202720+00:00,0,51,dynamic,sketch,p50,0,0.0,29,327,24,109,30,1353,0,0,71,1,0.9001,125.104,OPTIMAL,24.000000,8.6973,24.8115
2026-09-05T00:01:47.186463+00:00,0,51,dynamic+reassign,sketch,p50,10,1.0,29,321,60,104,27,1360,0,0,71,0,0.9031,890.596,OPTIMAL,4020.000000,8.5715,24.4397
2026-09-05T00:01:49.452492+00:00,0,51,p50-1.2xalloc,sketch,p50bump,10,1.0,29,369,64,103,32,1317,0,5,14,5,0.9871,2175.413,OPTIMAL,4019.000000,3.3288,2.3335
2026-09-05T00:01:50.107776+00:00,0,51,avg-p50p75-1.2xalloc,sketch,avgp50p75bump,10,1.0,29,399,65,113,20,1278,0,3,10,3,0.9892,569.057,OPTIMAL,4022.000000,5.6797,6.6406
2026-09-05T00:01:51.466859+00:00,0,51,window-avg,sketch,window,10,1.0,29,335,64,101,35,1353,0,0,60,0,0.9196,1279.818,OPTIMAL,4024.000000,9.5355,24.6417
2026-09-05T00:01:51.837257+00:00,0,51,p90,sketch,p90,10,1.0,29,385,57,106,25,1291,0,0,41,0,0.9489,287.946,OPTIMAL,4017.000000,12.4320,15.2200
2026-09-05T00:01:53.099210+00:00,0,51,avg-epoch,sketch,avg,10,1.0,29,320,64,110,24,1359,0,0,70,0,0.9016,1181.371,OPTIMAL,4024.000000,8.9010,24.9506
2026-09-05T00:01:57.168561+00:00,0,52,static,static,request,0,0.0,25,574,27,88,28,1155,0,0,14,1,0.9917,285.507,OPTIMAL,27.000000,39.5765,91.3548
2026-09-05T00:01:57.850184+00:00,0,52,reassign,static,request,10,1.0,25,553,48,95,22,1165,0,0,17,1,0.9921,669.217,OPTIMAL,2523.000000,41.6059,91.3548
2026-09-05T00:01:58.130347+00:00,0,52,dynamic,sketch,p50,0,0.0,25,328,24,113,20,1373,0,0,58,1,0.9003,178.181,OPTIMAL,24.000000,7.2321,25.2660
2026-09-05T00:01:59.067280+00:00,0,52,dynamic+reassign,sketch,p50,10,1.0,25,326,64,107,21,1381,0,2,53,0,0.9033,845.914,OPTIMAL,4022.000000,7.7377,25.2660
2026-09-05T00:02:01.772623+00:00,0,52,p50-1.2xalloc,sketch,p50bump,10,1.0,25,370,63,97,29,1346,0,6,15,5,0.9870,2620.874,OPTIMAL,4017.000000,3.0827,1.6779
2026-09-05T00:02:02.591777+00:00,0,52,avg-p50p75-1.2xalloc,sketch,avgp50p75bump,10,1.0,25,399,61,102,32,1310,0,4,27,5,0.9892,738.830,OPTIMAL,4017.000000,6.2692,24.5076
2026-09-05T00:02:04.639954+00:00,0,52,window-avg,sketch,window,10,1.0,25,336,63,105,19,1372,0,1,48,1,0.9198,1971.052,OPTIMAL,4022.000000,8.3744,20.4351
2026-09-05T00:02:07.714115+00:00,0,52,p90,sketch,p90,10,1.0,25,393,64,102,28,1319,0,1,45,1,0.9487,2999.648,OPTIMAL,4023.000000,12.7393,19.3881
2026-09-05T00:02:08.569828+00:00,0,52,avg-epoch,sketch,avg,10,1.0,25,321,65,112,23,1382,0,1,62,1,0.9016,772.502,OPTIMAL,4024.000000,8.0020,24.0550
2026-09-05T00:02:12.483327+00:00,0,53,static,static,request,0,0.0,24,571,19,95,12,1167,0,0,6,0,0.9918,144.224,OPTIMAL,19.000000,42.1455,87.7495
2026-09-05T00:02:13.023822+00:00,0,53,reassign,static,request,10,1.0,24,554,45,98,19,1184,0,0,14,2,0.9920,530.139,OPTIMAL,2322.000000,41.1601,87.2393
2026-09-05T00:02:13.338767+00:00,0,53,dynamic,sketch,p50,0,0.0,24,328,26,113,26,1399,0,0,67,0,0.9003,211.789,OPTIMAL,26.000000,9.0770,27.2807
2026-09-05T00:02:14.297668+00:00,0,53,dynamic+reassign,sketch,p50,10,1.0,24,326,65,106,26,1407,0,1,63,0,0.9033,867.648,OPTIMAL,4024.000000,7.9436,23.6389
2026-09-05T00:02:16.149670+00:00,0,53,p50-1.2xalloc,sketch,p50bump,10,1.0,24,371,64,100,21,1367,0,2,5,1,0.9871,1767.005,OPTIMAL,4022.000000,3.2695,2.3410
2026-09-05T00:02:18.271203+00:00,0,53,avg-p50p75-1.2xalloc,sketch,avgp50p75bump,10,1.0,24,402,63,97,28,1338,0,5,6,1,0.9893,2044.521,OPTIMAL,4018.000000,6.7525,22.3071
2026-09-05T00:02:19.225274+00:00,0,53,window-avg,sketch,window,10,1.0,24,337,67,107,25,1397,0,1,50,1,0.9199,875.010,OPTIMAL,4026.000000,9.8633,23.5159
2026-09-05T00:02:20.684201+00:00,0,53,p90,sketch,p90,10,1.0,24,393,64,95,31,1350,0,0,35,0,0.9488,1389.464,OPTIMAL,4024.000000,10.8074,14.9488
2026-09-05T00:02:21.204259+00:00,0,53,avg-epoch,sketch,avg,10,1.0,24,320,66,113,25,1407,0,2,67,1,0.9016,436.870,OPTIMAL,4024.000000,8.9920,23.8230
2026-09-05T00:02:25.637258+00:00,0,54,static,static,request,0,0.0,42,594,26,96,25,1192,0,0,8,0,0.9919,698.387,OPTIMAL,26.000000,43.8223,82.1385
2026-09-05T00:02:26.504857+00:00,0,54,reassign,static,request,10,1.0,42,574,49,97,23,1207,0,0,22,3,0.9919,854.692,OPTIMAL,2722.000000,42.5110,79.9806
2026-09-05T00:02:26.691789+00:00,0,54,dynamic,sketch,p50,0,0.0,42,344,19,107,25,1424,0,0,70,3,0.9003,93.243,OPTIMAL,19.000000,8.8168,26.6448
2026-09-05T00:02:27.323544+00:00,0,54,dynamic+reassign,sketch,p50,10,1.0,42,343,59,102,23,1430,0,1,61,1,0.9034,551.343,OPTIMAL,4018.000000,8.2863,26.6448
2026-09-05T00:02:28.423185+00:00,0,54,p50-1.2xalloc,sketch,p50bump,10,1.0,42,389,59,105,16,1383,0,7,17,4,0.9871,1019.341,OPTIMAL,3814.000000,3.7564,18.5156
2026-09-05T00:02:29.151738+00:00,0,54,avg-p50p75-1.2xalloc,sketch,avgp50p75bump,10,1.0,42,421,51,96,20,1358,0,6,12,2,0.9893,652.218,OPTIMAL,3213.000000,6.7284,22.1414
2026-09-05T00:02:29.529548+00:00,0,54,window-avg,sketch,window,10,1.0,42,352,59,111,15,1412,0,1,55,1,0.9199,287.929,OPTIMAL,4018.000000,9.7822,25.5600
2026-09-05T00:02:30.407796+00:00,0,54,p90,sketch,p90,10,1.0,42,411,61,99,17,1367,0,1,37,0,0.9488,803.125,OPTIMAL,4020.000000,11.1821,15.5221
2026-09-05T00:02:31.169444+00:00,0,54,avg-epoch,sketch,avg,10,1.0,42,336,62,108,27,1434,0,2,70,1,0.9016,680.565,OPTIMAL,4020.000000,9.4449,29.7353
2026-09-05T00:02:35.057686+00:00,0,55,static,static,request,0,0.0,48,616,24,96,24,1216,0,0,13,1,0.9918,122.111,OPTIMAL,24.000000,40.8116,86.3254
2026-09-05T00:02:35.388487+00:00,0,55,reassign,static,request,10,1.0,48,600,51,95,25,1232,0,0,15,1,0.9918,318.698,OPTIMAL,2823.000000,43.9959,86.3254
2026-09-05T00:02:35.725501+00:00,0,55,dynamic,sketch,p50,0,0.0,48,373,24,101,30,1454,0,0,66,1,0.8998,244.403,OPTIMAL,24.000000,10.6512,34.3679
2026-09-05T00:02:37.146615+00:00,0,55,dynamic+reassign,sketch,p50,10,1.0,48,372,65,100,27,1457,0,2,61,2,0.9028,1335.042,OPTIMAL,4023.000000,9.5360,26.1471
2026-09-05T00:02:38.179928+00:00,0,55,p50-1.2xalloc,sketch,p50bump,10,1.0,48,416,60,97,28,1411,0,5,27,5,0.9870,944.769,OPTIMAL,4015.000000,4.1335,16.5585
2026-09-05T00:02:38.811001+00:00,0,55,avg-p50p75-1.2xalloc,sketch,avgp50p75bump,10,1.0,48,450,60,96,20,1378,0,8,20,6,0.9892,545.141,OPTIMAL,4012.000000,6.9936,23.9238
2026-09-05T00:02:39.701864+00:00,0,55,window-avg,sketch,window,10,1.0,48,381,63,99,35,1447,0,1,62,2,0.9194,815.100,OPTIMAL,4022.000000,11.8129,26.1592
2026-09-05T00:02:40.622317+00:00,0,55,p90,sketch,p90,10,1.0,48,438,63,97,25,1392,0,1,44,2,0.9485,848.168,OPTIMAL,4022.000000,11.8477,14.5567
2026-09-05T00:02:41.540161+00:00,0,55,avg-epoch,sketch,avg,10,1.0,48,362,67,109,26,1460,0,0,63,1,0.9013,838.576,OPTIMAL,4027.000000,10.4060,27.5133
2026-09-05T00:02:45.522292+00:00,0,56,static,static,request,0,0.0,36,628,23,97,22,1238,0,0,9,0,0.9916,226.678,OPTIMAL,23.000000,43.5258,95.1534
2026-09-05T00:02:46.311002+00:00,0,56,reassign,static,request,10,1.0,36,613,60,91,25,1257,0,0,6,0,0.9918,778.389,OPTIMAL,3921.000000,42.3780,94.8863
2026-09-05T00:02:46.535797+00:00,0,56,dynamic,sketch,p50,0,0.0,36,385,27,105,23,1477,0,0,54,0,0.9001,142.897,OPTIMAL,27.000000,7.0079,21.7623
2026-09-05T00:02:49.788361+00:00,0,56,dynamic+reassign,sketch,p50,10,1.0,36,383,66,100,26,1483,0,1,48,1,0.9031,3178.898,OPTIMAL,4025.000000,6.2673,17.7669
2026-09-05T00:02:51.124533+00:00,0,56,p50-1.2xalloc,sketch,p50bump,10,1.0,36,432,60,92,25,1436,0,4,8,2,0.9871,1264.811,OPTIMAL,4016.000000,4.4289,17.3084
2026-09-05T00:02:51.889190+00:00,0,56,avg-p50p75-1.2xalloc,sketch,avgp50p75bump,10,1.0,36,466,64,94,26,1404,0,4,4,0,0.9893,693.230,OPTIMAL,4020.000000,6.3465,17.3084
2026-09-05T00:02:53.980763+00:00,0,56,window-avg,sketch,window,10,1.0,36,394,69,107,21,1468,0,1,46,1,0.9197,2014.948,OPTIMAL,4028.000000,9.0059,21.9715
2026-09-05T00:02:54.990581+00:00,0,56,p90,sketch,p90,10,1.0,36,451,63,99,21,1413,0,1,37,1,0.9486,934.924,OPTIMAL,4022.000000,11.4739,14.2141
2026-09-05T00:02:59.689087+00:00,0,56,avg-epoch,sketch,avg,10,1.0,36,371,67,109,27,1487,0,1,53,1,0.9016,4618.358,OPTIMAL,4026.000000,7.0948,19.1886
2026-09-05T00:03:03.907842+00:00,0,57,static,static,request,0,0.0,30,635,24,98,23,1261,0,0,21,1,0.9915,341.131,OPTIMAL,24.000000,46.1215,100.3008
2026-09-05T00:03:04.348801+00:00,0,57,reassign,static,request,10,1.0,30,622,51,96,16,1273,0,0,15,0,0.9917,428.836,OPTIMAL,3021.000000,45.0643,87.0038
2026-09-05T00:03:04.571083+00:00,0,57,dynamic,sketch,p50,0,0.0,30,388,31,107,29,1506,0,0,60,2,0.9002,137.669,OPTIMAL,31.000000,6.9482,20.6903
2026-09-05T00:03:05.811804+00:00,0,57,dynamic+reassign,sketch,p50,10,1.0,30,387,68,102,26,1509,0,1,53,0,0.9032,1159.426,OPTIMAL,4027.000000,6.6871,20.5290
2026-09-05T00:03:07.514541+00:00,0,57,p50-1.2xalloc,sketch,p50bump,10,1.0,30,442,67,95,24,1460,0,4,12,2,0.9871,1624.377,OPTIMAL,4023.000000,3.4550,16.3441
2026-09-05T00:03:08.356301+00:00,0,57,avg-p50p75-1.2xalloc,sketch,avgp50p75bump,10,1.0,30,472,60,92,22,1426,0,7,11,3,0.9892,762.537,OPTIMAL,4013.000000,7.0963,21.7000
2026-09-05T00:03:09.759330+00:00,0,57,window-avg,sketch,window,10,1.0,30,395,70,110,27,1495,0,0,53,1,0.9198,1325.401,OPTIMAL,4030.000000,7.9025,22.2018
2026-09-05T00:03:10.936706+00:00,0,57,p90,sketch,p90,10,1.0,30,458,63,99,23,1436,0,1,37,1,0.9486,1105.288,OPTIMAL,4022.000000,11.4879,15.1834
2026-09-05T00:03:13.026401+00:00,0,57,avg-epoch,sketch,avg,10,1.0,30,374,71,112,28,1515,0,0,65,2,0.9016,2011.389,OPTIMAL,4031.000000,7.9452,22.6806
2026-09-05T00:03:16.936874+00:00,0,58,static,static,request,0,0.0,32,643,19,100,17,1278,0,0,7,0,0.9915,158.015,OPTIMAL,19.000000,43.9467,86.4159
2026-09-05T00:03:18.094203+00:00,0,58,reassign,static,request,10,1.0,32,633,61,91,28,1301,0,0,8,0,0.9917,1146.882,OPTIMAL,3823.000000,48.4386,88.2967
2026-09-05T00:03:18.327953+00:00,0,58,dynamic,sketch,p50,0,0.0,32,389,24,114,17,1523,0,0,55,0,0.9004,142.281,OPTIMAL,24.000000,8.4129,25.7723
2026-09-05T00:03:20.644209+00:00,0,58,dynamic+reassign,sketch,p50,10,1.0,32,391,67,110,19,1528,0,0,54,0,0.9034,2236.726,OPTIMAL,4027.000000,8.1859,25.6190
2026-09-05T00:03:23.223600+00:00,0,58,p50-1.2xalloc,sketch,p50bump,10,1.0,32,447,68,98,25,1485,0,2,10,2,0.9872,2510.355,OPTIMAL,4026.000000,3.2547,12.7431
2026-09-05T00:03:25.208987+00:00,0,58,avg-p50p75-1.2xalloc,sketch,avgp50p75bump,10,1.0,32,484,64,95,21,1447,0,4,11,4,0.9892,1914.230,OPTIMAL,4020.000000,5.0450,8.4726
2026-09-05T00:03:26.104738+00:00,0,58,window-avg,sketch,window,10,1.0,32,397,66,114,22,1517,0,0,54,0,0.9199,813.097,OPTIMAL,4026.000000,9.1557,23.0794
2026-09-05T00:03:27.790917+00:00,0,58,p90,sketch,p90,10,1.0,32,467,65,100,24,1460,0,0,41,0,0.9487,1611.386,OPTIMAL,4025.000000,10.6756,14.7688
2026-09-05T00:03:29.350662+00:00,0,58,avg-epoch,sketch,avg,10,1.0,32,375,63,116,19,1534,0,0,60,0,0.9017,1473.849,OPTIMAL,4023.000000,8.3627,26.5588
2026-09-05T00:03:33.249135+00:00,0,59,static,static,request,0,0.0,28,652,19,89,30,1308,0,0,8,0,0.9915,126.035,OPTIMAL,19.000000,50.5037,95.4812
2026-09-05T00:03:34.237075+00:00,0,59,reassign,static,request,10,1.0,28,638,61,89,23,1324,0,0,6,0,0.9918,978.026,OPTIMAL,4021.000000,51.0137,94.9105
2026-09-05T00:03:34.497408+00:00,0,59,dynamic,sketch,p50,0,0.0,28,393,22,115,21,1544,0,0,67,0,0.9003,166.418,OPTIMAL,22.000000,8.9658,24.6549
2026-09-05T00:03:35.378514+00:00,0,59,dynamic+reassign,sketch,p50,10,1.0,28,392,60,114,16,1544,0,2,65,1,0.9031,792.618,OPTIMAL,4018.000000,8.7979,25.3887
2026-09-05T00:03:37.104194+00:00,0,59,p50-1.2xalloc,sketch,p50bump,10,1.0,28,447,69,105,22,1507,0,6,22,5,0.9870,1651.102,OPTIMAL,4023.000000,2.8163,10.9464
2026-09-05T00:03:38.288647+00:00,0,59,avg-p50p75-1.2xalloc,sketch,avgp50p75bump,10,1.0,28,488,67,98,24,1471,0,4,13,5,0.9891,1112.156,OPTIMAL,4023.000000,6.0744,17.0847
2026-09-05T00:03:41.537283+00:00,0,59,window-avg,sketch,window,10,1.0,28,399,64,112,26,1543,0,1,62,1,0.9197,3164.744,OPTIMAL,4023.000000,9.9587,24.9708
2026-09-05T00:03:43.433481+00:00,0,59,p90,sketch,p90,10,1.0,28,470,65,101,24,1484,0,1,37,0,0.9487,1822.814,OPTIMAL,4024.000000,11.8694,15.1657
2026-09-05T00:03:44.126149+00:00,0,59,avg-epoch,sketch,avg,10,1.0,28,380,54,112,18,1552,0,1,66,1,0.9016,601.027,OPTIMAL,4013.000000,9.0915,25.9347
2026-09-05T00:03:48.164088+00:00,0,60,static,static,request,0,0.0,49,682,18,83,24,1332,0,0,10,1,0.9915,180.542,OPTIMAL,18.000000,52.4576,95.2928
2026-09-05T00:03:48.786007+00:00,0,60,reassign,static,request,10,1.0,49,666,48,84,25,1349,0,0,5,0,0.9918,610.048,OPTIMAL,2820.000000,50.5880,95.2928
2026-09-05T00:03:49.004347+00:00,0,60,dynamic,sketch,p50,0,0.0,49,420,17,109,23,1567,0,0,76,2,0.8999,111.260,OPTIMAL,17.000000,9.9280,26.5779
2026-09-05T00:03:50.062273+00:00,0,60,dynamic+reassign,sketch,p50,10,1.0,49,421,60,108,26,1570,0,1,76,3,0.9027,958.350,OPTIMAL,4019.000000,9.4866,25.9905
2026-09-05T00:03:50.814880+00:00,0,60,p50-1.2xalloc,sketch,p50bump,10,1.0,49,467,59,107,20,1527,0,4,15,4,0.9871,658.620,OPTIMAL,3718.000000,2.3774,1.4877
2026-09-05T00:03:53.192130+00:00,0,60,avg-p50p75-1.2xalloc,sketch,avgp50p75bump,10,1.0,49,510,69,99,28,1499,0,2,11,3,0.9891,2296.624,OPTIMAL,4027.000000,4.6088,3.8262
2026-09-05T00:03:53.829063+00:00,0,60,window-avg,sketch,window,10,1.0,49,424,56,110,18,1561,0,3,71,3,0.9194,547.909,OPTIMAL,4013.000000,9.5073,23.3076
2026-09-05T00:03:56.398114+00:00,0,60,p90,sketch,p90,10,1.0,49,494,68,102,27,1511,0,1,45,1,0.9485,2498.627,OPTIMAL,4027.000000,11.3276,14.0159
2026-09-05T00:03:57.228804+00:00,0,60,avg-epoch,sketch,avg,10,1.0,49,415,59,102,29,1581,0,0,81,1,0.9010,751.127,OPTIMAL,4019.000000,12.1381,25.7787
2026-09-05T00:04:01.320312+00:00,0,61,static,static,request,0,0.0,36,700,19,79,23,1355,0,0,9,0,0.9915,293.032,OPTIMAL,19.000000,47.3881,84.4353
2026-09-05T00:04:01.742815+00:00,0,61,reassign,static,request,10,1.0,36,682,44,87,12,1361,0,0,6,0,0.9918,411.163,OPTIMAL,2915.000000,44.9353,84.4353
2026-09-05T00:04:02.278004+00:00,0,61,dynamic,sketch,p50,0,0.0,36,439,26,105,30,1597,0,0,67,2,0.8996,439.105,OPTIMAL,26.000000,10.0351,27.6874
2026-09-05T00:04:03.110965+00:00,0,61,dynamic+reassign,sketch,p50,10,1.0,36,437,66,108,26,1596,0,0,62,0,0.9026,741.639,OPTIMAL,4026.000000,9.3626,25.1863
2026-09-05T00:04:04.174182+00:00,0,61,p50-1.2xalloc,sketch,p50bump,10,1.0,36,481,56,104,20,1547,0,3,22,4,0.9871,963.712,OPTIMAL,3914.000000,3.0937,10.4740
2026-09-05T00:04:05.519470+00:00,0,61,avg-p50p75-1.2xalloc,sketch,avgp50p75bump,10,1.0,36,517,53,104,18,1517,0,6,19,3,0.9892,1251.788,OPTIMAL,3017.000000,7.7516,25.3245
2026-09-05T00:04:06.296509+00:00,0,61,window-avg,sketch,window,10,1.0,36,444,62,105,27,1588,0,1,66,1,0.9191,685.483,OPTIMAL,4021.000000,10.6356,25.0873
2026-09-05T00:04:06.715839+00:00,0,61,p90,sketch,p90,10,1.0,36,502,53,104,16,1527,0,1,33,1,0.9486,338.644,OPTIMAL,3517.000000,12.0282,17.0458
2026-09-05T00:04:07.477489+00:00,0,61,avg-epoch,sketch,avg,10,1.0,36,432,61,103,20,1601,0,1,68,0,0.9006,683.646,OPTIMAL,4020.000000,12.0372,27.1661
2026-09-05T00:04:11.461177+00:00,0,62,static,static,request,0,0.0,36,717,20,83,16,1371,0,0,6,0,0.9915,117.703,OPTIMAL,20.000000,47.5297,89.8477
2026-09-05T00:04:12.253888+00:00,0,62,reassign,static,request,10,1.0,36,703,48,83,20,1381,0,0,14,2,0.9918,781.097,OPTIMAL,3216.000000,45.7466,84.7288
2026-09-05T00:04:12.607037+00:00,0,62,dynamic,sketch,p50,0,0.0,36,449,28,109,24,1621,0,0,65,2,0.8997,255.272,OPTIMAL,28.000000,7.4209,22.1250
2026-09-05T00:04:13.670520+00:00,0,62,dynamic+reassign,sketch,p50,10,1.0,36,447,67,110,25,1621,0,1,63,2,0.9027,970.296,OPTIMAL,4026.000000,6.8325,21.1842
2026-09-05T00:04:14.400244+00:00,0,62,p50-1.2xalloc,sketch,p50bump,10,1.0,36,500,53,99,22,1569,0,3,8,3,0.9872,637.457,OPTIMAL,3614.000000,2.9590,1.9143
2026-09-05T00:04:15.775346+00:00,0,62,avg-p50p75-1.2xalloc,sketch,avgp50p75bump,10,1.0,36,530,62,104,22,1539,0,5,20,4,0.9892,1281.856,OPTIMAL,4017.000000,5.9435,17.4548
2026-09-05T00:04:16.817808+00:00,0,62,window-avg,sketch,window,10,1.0,36,458,67,103,29,1617,0,1,56,0,0.9193,956.312,OPTIMAL,4026.000000,8.4702,21.7898
2026-09-05T00:04:17.357657+00:00,0,62,p90,sketch,p90,10,1.0,36,520,58,104,18,1545,0,2,32,0,0.9488,446.583,OPTIMAL,4016.000000,11.5675,15.2222
2026-09-05T00:04:19.741701+00:00,0,62,avg-epoch,sketch,avg,10,1.0,36,447,69,100,32,1633,0,0,63,0,0.9006,2302.751,OPTIMAL,4029.000000,9.1477,25.7957
2026-09-05T00:04:23.697899+00:00,0,63,static,static,request,0,0.0,39,736,18,82,19,1390,0,0,5,0,0.9915,142.094,OPTIMAL,18.000000,47.8473,91.8770
2026-09-05T00:04:24.350274+00:00,0,63,reassign,static,request,10,1.0,39,726,58,80,24,1405,0,0,8,1,0.9917,641.207,OPTIMAL,3721.000000,44.6780,89.4408
2026-09-05T00:04:25.123874+00:00,0,63,dynamic,sketch,p50,0,0.0,39,460,30,113,26,1647,0,0,63,3,0.8997,673.942,OPTIMAL,30.000000,8.0985,22.9448
2026-09-05T00:04:26.612545+00:00,0,63,dynamic+reassign,sketch,p50,10,1.0,39,459,71,114,27,1648,0,1,63,1,0.9027,1394.597,OPTIMAL,4030.000000,8.1521,23.3824
2026-09-05T00:04:28.421348+00:00,0,63,p50-1.2xalloc,sketch,p50bump,10,1.0,39,522,62,95,28,1597,0,7,15,3,0.9871,1735.383,OPTIMAL,3817.000000,2.9923,8.0676
2026-09-05T00:04:29.183267+00:00,0,63,avg-p50p75-1.2xalloc,sketch,avgp50p75bump,10,1.0,39,547,46,101,17,1556,0,7,13,4,0.9892,677.551,OPTIMAL,3207.000000,5.2436,8.0676
2026-09-05T00:04:30.259366+00:00,0,63,window-avg,sketch,window,10,1.0,39,470,68,110,21,1638,0,1,57,2,0.9193,996.280,OPTIMAL,4027.000000,9.3098,22.4698
2026-09-05T00:04:31.056681+00:00,0,63,p90,sketch,p90,10,1.0,39,541,59,97,26,1571,0,2,44,1,0.9488,723.060,OPTIMAL,4017.000000,11.0257,14.5384
2026-09-05T00:04:33.152767+00:00,0,63,avg-epoch,sketch,avg,10,1.0,39,457,73,108,25,1658,0,1,62,3,0.9004,2022.796,OPTIMAL,4032.000000,8.8061,22.3308
2026-09-05T00:04:37.136284+00:00,0,64,static,static,request,0,0.0,33,751,18,85,15,1405,0,0,4,0,0.9916,108.013,OPTIMAL,18.000000,45.5312,96.1523
2026-09-05T00:04:37.630275+00:00,0,64,reassign,static,request,10,1.0,33,738,49,80,20,1425,0,0,3,0,0.9918,482.761,OPTIMAL,2920.000000,42.0540,93.3775
2026-09-05T00:04:37.982644+00:00,0,64,dynamic,sketch,p50,0,0.0,33,463,30,119,24,1671,0,0,69,2,0.8998,245.704,OPTIMAL,30.000000,7.2887,21.6223
2026-09-05T00:04:40.058189+00:00,0,64,dynamic+reassign,sketch,p50,10,1.0,33,461,70,119,25,1673,0,1,71,1,0.9028,1975.752,OPTIMAL,4029.000000,7.2729,21.5537
2026-09-05T00:04:46.493679+00:00,0,64,p50-1.2xalloc,sketch,p50bump,10,1.0,33,531,68,91,32,1629,0,3,18,6,0.9870,6367.850,OPTIMAL,4025.000000,4.3504,18.5678
2026-09-05T00:04:47.321268+00:00,0,64,avg-p50p75-1.2xalloc,sketch,avgp50p75bump,10,1.0,33,566,57,88,30,1586,0,7,24,4,0.9891,754.960,OPTIMAL,4010.000000,8.1577,26.4094
2026-09-05T00:04:50.246322+00:00,0,64,window-avg,sketch,window,10,1.0,33,475,73,114,29,1667,0,1,61,2,0.9192,2846.167,OPTIMAL,4032.000000,7.6049,21.1680
2026-09-05T00:04:52.357738+00:00,0,64,p90,sketch,p90,10,1.0,33,555,65,92,30,1601,0,0,46,1,0.9486,2044.610,OPTIMAL,4025.000000,11.0808,18.3203
2026-09-05T00:04:53.624095+00:00,0,64,avg-epoch,sketch,avg,10,1.0,33,457,68,115,21,1679,0,1,60,1,0.9006,1183.742,OPTIMAL,4027.000000,7.9431,20.6273
2026-09-05T00:04:57.784506+00:00,0,65,static,static,request,0,0.0,39,772,18,82,21,1426,0,0,6,0,0.9916,290.290,OPTIMAL,18.000000,44.3391,83.5039
2026-09-05T00:04:58.168693+00:00,0,65,reassign,static,request,10,1.0,39,757,49,80,16,1441,0,0,4,0,0.9919,373.265,OPTIMAL,3316.000000,44.0953,83.5039
2026-09-05T00:04:58.447434+00:00,0,65,dynamic,sketch,p50,0,0.0,39,472,28,114,33,1704,0,0,62,1,0.9001,174.062,OPTIMAL,28.000000,6.4982,19.2631
2026-09-05T00:04:59.351919+00:00,0,65,dynamic+reassign,sketch,p50,10,1.0,39,470,63,113,29,1702,0,0,62,1,0.9030,804.030,OPTIMAL,4023.000000,6.8491,19.9499
2026-09-05T00:05:00.755754+00:00,0,65,p50-1.2xalloc,sketch,p50bump,10,1.0,39,542,70,102,19,1648,0,3,11,2,0.9870,1322.556,OPTIMAL,4027.000000,2.9843,6.2521
2026-09-05T00:05:02.173049+00:00,0,65,avg-p50p75-1.2xalloc,sketch,avgp50p75bump,10,1.0,39,588,68,88,28,1614,0,1,14,2,0.9890,1354.605,OPTIMAL,4027.000000,5.1177,4.7149
2026-09-05T00:05:02.992752+00:00,0,65,window-avg,sketch,window,10,1.0,39,481,65,111,28,1695,0,1,50,0,0.9195,734.253,OPTIMAL,4024.000000,7.3283,18.4124
2026-09-05T00:05:03.972762+00:00,0,65,p90,sketch,p90,10,1.0,39,569,65,96,21,1622,0,2,39,1,0.9485,909.043,OPTIMAL,4023.000000,11.5014,15.3665
2026-09-05T00:05:05.480162+00:00,0,65,avg-epoch,sketch,avg,10,1.0,39,468,69,113,31,1710,0,2,64,2,0.9009,1425.007,OPTIMAL,4027.000000,7.6975,19.9932
2026-09-05T00:05:09.438752+00:00,0,66,static,static,request,0,0.0,32,786,20,79,23,1449,0,0,7,0,0.9916,165.387,OPTIMAL,20.000000,47.6101,94.0636
2026-09-05T00:05:10.365120+00:00,0,66,reassign,static,request,10,1.0,32,773,60,76,24,1465,0,0,10,1,0.9918,917.448,OPTIMAL,4020.000000,44.8934,94.0636
2026-09-05T00:05:10.723942+00:00,0,66,dynamic,sketch,p50,0,0.0,32,476,26,117,23,1727,0,0,56,1,0.9004,264.381,OPTIMAL,26.000000,8.1739,26.4215
2026-09-05T00:05:13.306412+00:00,0,66,dynamic+reassign,sketch,p50,10,1.0,32,479,69,113,29,1731,0,0,58,0,0.9031,2501.184,OPTIMAL,4029.000000,8.2792,23.8277
2026-09-05T00:05:20.899153+00:00,0,66,p50-1.2xalloc,sketch,p50bump,10,1.0,32,544,70,110,22,1670,0,5,23,5,0.9869,7514.422,OPTIMAL,4025.000000,2.8144,4.1225
2026-09-05T00:05:22.643661+00:00,0,66,avg-p50p75-1.2xalloc,sketch,avgp50p75bump,10,1.0,32,592,67,95,20,1634,0,6,10,1,0.9891,1675.850,OPTIMAL,4021.000000,7.2026,25.0424
2026-09-05T00:05:23.916760+00:00,0,66,window-avg,sketch,window,10,1.0,32,488,63,109,25,1720,0,0,55,0,0.9196,1189.932,OPTIMAL,4023.000000,10.1090,22.9377
2026-09-05T00:05:25.011670+00:00,0,66,p90,sketch,p90,10,1.0,32,576,67,102,21,1643,0,0,44,0,0.9485,1022.504,OPTIMAL,4027.000000,11.2745,19.2222
2026-09-05T00:05:26.189843+00:00,0,66,avg-epoch,sketch,avg,10,1.0,32,471,68,117,24,1734,0,0,55,0,0.9011,1091.918,OPTIMAL,4028.000000,8.2709,23.7414
2026-09-05T00:05:30.042745+00:00,0,67,static,static,request,0,0.0,44,810,21,78,22,1471,0,0,2,0,0.9916,107.959,OPTIMAL,21.000000,50.5989,101.6640
2026-09-05T00:05:31.427006+00:00,0,67,reassign,static,request,10,1.0,44,797,51,79,20,1485,0,1,2,0,0.9919,1374.286,OPTIMAL,2822.000000,45.1204,103.4665
2026-09-05T00:05:31.759685+00:00,0,67,dynamic,sketch,p50,0,0.0,44,494,30,116,31,1758,0,0,73,1,0.9004,233.228,OPTIMAL,30.000000,8.6841,26.9471
2026-09-05T00:05:34.029201+00:00,0,67,dynamic+reassign,sketch,p50,10,1.0,44,494,72,118,27,1758,0,1,67,1,0.9030,2177.519,OPTIMAL,4031.000000,8.1870,26.1136
2026-09-05T00:05:34.763926+00:00,0,67,p50-1.2xalloc,sketch,p50bump,10,1.0,44,558,66,111,25,1695,0,3,20,4,0.9868,651.898,OPTIMAL,4023.000000,3.8789,15.6219
2026-09-05T00:05:35.865026+00:00,0,67,avg-p50p75-1.2xalloc,sketch,avgp50p75bump,10,1.0,44,609,67,105,18,1652,0,5,14,4,0.9890,1025.796,OPTIMAL,3923.000000,6.5420,23.5316
2026-09-05T00:05:37.128064+00:00,0,67,window-avg,sketch,window,10,1.0,44,509,68,113,24,1744,0,1,62,2,0.9193,1180.833,OPTIMAL,4027.000000,9.5633,24.0532
2026-09-05T00:05:37.939021+00:00,0,67,p90,sketch,p90,10,1.0,44,593,69,110,21,1664,0,1,45,1,0.9484,733.531,OPTIMAL,4028.000000,11.1089,16.8532
2026-09-05T00:05:38.874909+00:00,0,67,avg-epoch,sketch,avg,10,1.0,44,487,68,122,23,1757,0,1,71,1,0.9009,847.773,OPTIMAL,4027.000000,9.4575,26.9669
2026-09-05T00:05:42.836771+00:00,0,68,static,static,request,0,0.0,24,813,21,81,18,1489,0,0,6,0,0.9916,120.573,OPTIMAL,21.000000,43.2577,90.0192
2026-09-05T00:05:43.534683+00:00,0,68,reassign,static,request,10,1.0,24,798,47,84,17,1502,0,0,7,0,0.9919,687.273,OPTIMAL,2522.000000,48.4392,88.2799
2026-09-05T00:05:43.897942+00:00,0,68,dynamic,sketch,p50,0,0.0,24,488,28,122,22,1780,0,0,70,1,0.9004,251.024,OPTIMAL,28.000000,8.3504,20.8527
2026-09-05T00:05:45.525011+00:00,0,68,dynamic+reassign,sketch,p50,10,1.0,24,486,69,122,25,1783,0,2,68,1,0.9031,1521.451,OPTIMAL,4027.000000,7.4568,20.8527
2026-09-05T00:05:46.831571+00:00,0,68,p50-1.2xalloc,sketch,p50bump,10,1.0,24,556,65,109,27,1722,0,6,30,8,0.9866,1217.379,OPTIMAL,4019.000000,3.3819,8.1453
2026-09-05T00:05:49.295532+00:00,0,68,avg-p50p75-1.2xalloc,sketch,avgp50p75bump,10,1.0,24,605,68,105,28,1680,0,4,16,3,0.9891,2386.276,OPTIMAL,4024.000000,7.4433,28.3278
2026-09-05T00:05:50.590017+00:00,0,68,window-avg,sketch,window,10,1.0,24,505,69,112,30,1774,0,0,61,1,0.9193,1213.858,OPTIMAL,4029.000000,8.3760,20.6843
2026-09-05T00:05:51.185514+00:00,0,68,p90,sketch,p90,10,1.0,24,588,66,108,28,1692,0,0,43,1,0.9483,517.047,OPTIMAL,4026.000000,13.6666,22.2266
2026-09-05T00:05:52.767674+00:00,0,68,avg-epoch,sketch,avg,10,1.0,24,483,69,124,27,1784,0,1,76,1,0.9008,1490.584,OPTIMAL,4028.000000,9.5938,25.6177
2026-09-05T00:05:56.834185+00:00,0,69,static,static,request,0,0.0,21,813,22,84,19,1508,0,0,8,0,0.9917,195.507,OPTIMAL,22.000000,44.1799,88.3127
2026-09-05T00:05:57.320999+00:00,0,69,reassign,static,request,10,1.0,21,797,49,90,16,1518,0,0,9,0,0.9919,475.506,OPTIMAL,2722.000000,41.9959,80.6608
2026-09-05T00:05:57.659683+00:00,0,69,dynamic,sketch,p50,0,0.0,21,481,28,118,32,1812,0,0,65,1,0.9007,230.756,OPTIMAL,28.000000,7.5829,22.5792
2026-09-05T00:06:00.488444+00:00,0,69,dynamic+reassign,sketch,p50,10,1.0,21,478,69,122,29,1812,0,0,62,1,0.9034,2724.337,OPTIMAL,4029.000000,6.7624,22.2786
2026-09-05T00:06:04.138444+00:00,0,69,p50-1.2xalloc,sketch,p50bump,10,1.0,21,552,71,110,30,1752,0,3,16,4,0.9867,3569.276,OPTIMAL,4028.000000,2.2439,1.5644
2026-09-05T00:06:04.627219+00:00,0,69,avg-p50p75-1.2xalloc,sketch,avgp50p75bump,10,1.0,21,598,51,104,21,1701,0,5,11,2,0.9892,402.642,OPTIMAL,3115.000000,7.0293,26.5367
2026-09-05T00:06:05.405176+00:00,0,69,window-avg,sketch,window,10,1.0,21,497,68,117,23,1797,0,0,52,0,0.9196,691.841,OPTIMAL,4028.000000,8.1793,21.7607
2026-09-05T00:06:16.286571+00:00,0,69,p90,sketch,p90,10,1.0,21,583,66,103,31,1723,0,0,42,0,0.9482,10805.914,OPTIMAL,4026.000000,11.7921,17.7338
2026-09-05T00:06:17.757585+00:00,0,69,avg-epoch,sketch,avg,10,1.0,21,475,69,124,29,1813,0,0,72,1,0.9010,1374.959,OPTIMAL,4029.000000,8.1233,22.4603
2026-09-05T00:06:21.737754+00:00,0,70,static,static,request,0,0.0,26,817,21,88,17,1525,0,0,10,0,0.9916,125.998,OPTIMAL,21.000000,41.2705,79.2909
2026-09-05T00:06:22.195600+00:00,0,70,reassign,static,request,10,1.0,26,801,50,87,22,1540,0,0,13,1,0.9919,445.773,OPTIMAL,3119.000000,35.6663,74.6894
2026-09-05T00:06:22.516616+00:00,0,70,dynamic,sketch,p50,0,0.0,26,479,27,121,24,1836,0,0,66,1,0.9009,206.269,OPTIMAL,27.000000,8.0231,22.8588
2026-09-05T00:06:23.379829+00:00,0,70,dynamic+reassign,sketch,p50,10,1.0,26,475,68,123,27,1839,0,0,64,0,0.9037,762.862,OPTIMAL,4028.000000,7.8463,22.0807
2026-09-05T00:06:25.384095+00:00,0,70,p50-1.2xalloc,sketch,p50bump,10,1.0,26,547,68,111,27,1779,0,3,14,2,0.9868,1924.162,OPTIMAL,4025.000000,2.3403,1.3915
2026-09-05T00:06:38.431637+00:00,0,70,avg-p50p75-1.2xalloc,sketch,avgp50p75bump,10,1.0,26,604,66,98,32,1733,0,6,16,5,0.9892,12973.993,OPTIMAL,4020.000000,5.5702,10.8244
2026-09-05T00:06:39.343269+00:00,0,70,window-avg,sketch,window,10,1.0,26,495,67,116,28,1825,0,0,55,1,0.9198,824.006,OPTIMAL,4027.000000,9.6103,21.1120
2026-09-05T00:06:40.155716+00:00,0,70,p90,sketch,p90,10,1.0,26,583,66,108,21,1744,0,1,38,1,0.9484,735.748,OPTIMAL,4025.000000,10.5854,14.1788
2026-09-05T00:06:41.629710+00:00,0,70,avg-epoch,sketch,avg,10,1.0,26,472,68,121,31,1844,0,1,76,3,0.9011,1384.567,OPTIMAL,4027.000000,8.3706,22.8832
2026-09-05T00:06:45.536634+00:00,0,71,static,static,request,0,0.0,33,829,18,89,17,1542,0,0,10,0,0.9916,138.659,OPTIMAL,18.000000,42.0724,87.9553
2026-09-05T00:06:45.927995+00:00,0,71,reassign,static,request,10,1.0,33,815,38,90,13,1553,0,0,17,1,0.9918,381.800,OPTIMAL,2216.000000,39.6477,80.5339
2026-09-05T00:06:46.190045+00:00,0,71,dynamic,sketch,p50,0,0.0,33,485,23,114,30,1866,0,0,76,2,0.9005,154.549,OPTIMAL,23.000000,10.2315,27.9933
2026-09-05T00:06:47.377891+00:00,0,71,dynamic+reassign,sketch,p50,10,1.0,33,480,66,119,30,1869,0,0,79,2,0.9033,1081.183,OPTIMAL,4026.000000,10.6335,27.1929
2026-09-05T00:06:49.313865+00:00,0,71,p50-1.2xalloc,sketch,p50bump,10,1.0,33,552,64,111,26,1805,0,5,27,6,0.9865,1839.460,OPTIMAL,3821.000000,3.5570,15.4895
2026-09-05T00:06:51.494440+00:00,0,71,avg-p50p75-1.2xalloc,sketch,avgp50p75bump,10,1.0,33,611,68,100,26,1759,0,3,10,2,0.9892,2102.826,OPTIMAL,4025.000000,6.9537,22.5065
2026-09-05T00:06:52.272154+00:00,0,71,window-avg,sketch,window,10,1.0,33,501,66,118,24,1849,0,1,70,1,0.9196,688.081,OPTIMAL,4025.000000,9.9513,22.3628
2026-09-05T00:06:54.262199+00:00,0,71,p90,sketch,p90,10,1.0,33,590,69,107,30,1774,0,1,43,2,0.9483,1915.424,OPTIMAL,4028.000000,11.1196,15.3289
2026-09-05T00:06:55.054249+00:00,0,71,avg-epoch,sketch,avg,10,1.0,33,477,66,123,24,1868,0,1,76,1,0.9008,700.097,OPTIMAL,4025.000000,10.8641,28.4539
2026-09-05T00:06:59.054289+00:00,0,72,static,static,request,0,0.0,29,840,18,89,18,1560,0,0,10,0,0.9916,112.991,OPTIMAL,18.000000,39.5981,83.7074
2026-09-05T00:06:59.555246+00:00,0,72,reassign,static,request,10,1.0,29,828,48,84,23,1576,0,0,10,0,0.9917,488.839,OPTIMAL,3117.000000,37.8356,79.3673
2026-09-05T00:07:00.009324+00:00,0,72,dynamic,sketch,p50,0,0.0,29,491,27,108,33,1899,0,0,67,1,0.9005,352.131,OPTIMAL,27.000000,8.3826,27.0938
2026-09-05T00:07:01.926646+00:00,0,72,dynamic+reassign,sketch,p50,10,1.0,29,483,65,112,32,1901,0,1,70,2,0.9032,1817.014,OPTIMAL,4024.000000,7.9688,22.3191
2026-09-05T00:07:03.196070+00:00,0,72,p50-1.2xalloc,sketch,p50bump,10,1.0,29,555,67,113,25,1830,0,6,14,4,0.9865,1173.815,OPTIMAL,4021.000000,2.1528,1.3222
2026-09-05T00:07:04.856048+00:00,0,72,avg-p50p75-1.2xalloc,sketch,avgp50p75bump,10,1.0,29,612,68,107,21,1780,0,4,8,2,0.9893,1571.514,OPTIMAL,4024.000000,6.1190,14.3217
2026-09-05T00:07:06.987727+00:00,0,72,window-avg,sketch,window,10,1.0,29,504,68,116,30,1879,0,0,60,1,0.9197,2045.606,OPTIMAL,4028.000000,8.8331,21.7483
2026-09-05T00:07:07.791581+00:00,0,72,p90,sketch,p90,10,1.0,29,590,70,115,22,1796,0,1,41,1,0.9483,721.384,OPTIMAL,4029.000000,11.8299,15.2863
2026-09-05T00:07:09.139344+00:00,0,72,avg-epoch,sketch,avg,10,1.0,29,480,67,112,38,1906,0,1,72,1,0.9008,1264.355,OPTIMAL,4026.000000,8.4061,23.0150
2026-09-05T00:07:12.987872+00:00,0,73,static,static,request,0,0.0,31,853,17,84,22,1582,0,0,11,0,0.9915,96.021,OPTIMAL,17.000000,41.0517,94.2624
2026-09-05T00:07:13.559286+00:00,0,73,reassign,static,request,10,1.0,31,842,51,77,25,1601,0,0,10,0,0.9917,562.026,OPTIMAL,3318.000000,35.2639,70.5362
2026-09-05T00:07:13.861763+00:00,0,73,dynamic,sketch,p50,0,0.0,31,495,28,109,27,1926,0,0,62,3,0.9004,203.948,OPTIMAL,28.000000,6.4286,23.4257
2026-09-05T00:07:15.820643+00:00,0,73,dynamic+reassign,sketch,p50,10,1.0,31,489,69,114,27,1928,0,0,63,1,0.9032,1876.168,OPTIMAL,4029.000000,7.1881,23.4257
2026-09-05T00:07:18.419199+00:00,0,73,p50-1.2xalloc,sketch,p50bump,10,1.0,31,559,67,110,30,1860,0,5,23,7,0.9865,2517.121,OPTIMAL,4022.000000,3.7370,20.8121
2026-09-05T00:07:19.535342+00:00,0,73,avg-p50p75-1.2xalloc,sketch,avgp50p75bump,10,1.0,31,615,57,104,27,1807,0,8,23,6,0.9892,1037.176,OPTIMAL,3316.000000,7.8573,26.3648
2026-09-05T00:07:21.374548+00:00,0,73,window-avg,sketch,window,10,1.0,31,507,65,113,28,1907,0,1,64,2,0.9196,1753.508,OPTIMAL,4024.000000,9.1747,24.3355
2026-09-05T00:07:22.036472+00:00,0,73,p90,sketch,p90,10,1.0,31,591,64,116,24,1820,0,0,44,2,0.9483,575.635,OPTIMAL,3925.000000,11.6689,14.3532
2026-09-05T00:07:29.335340+00:00,0,73,avg-epoch,sketch,avg,10,1.0,31,484,69,116,25,1931,0,0,63,1,0.9008,7214.400,OPTIMAL,4029.000000,7.7827,22.9618
2026-09-05T00:07:33.344455+00:00,0,74,static,static,request,0,0.0,36,872,20,79,25,1607,0,0,12,0,0.9915,145.919,OPTIMAL,20.000000,40.8782,87.7517
2026-09-05T00:07:34.234057+00:00,0,74,reassign,static,request,10,1.0,36,860,60,78,21,1622,0,0,9,0,0.9917,878.926,OPTIMAL,3822.000000,41.7318,90.4146
2026-09-05T00:07:34.526676+00:00,0,74,dynamic,sketch,p50,0,0.0,36,503,28,114,23,1949,0,0,57,0,0.9006,187.932,OPTIMAL,28.000000,8.6692,27.2599
2026-09-05T00:07:35.833282+00:00,0,74,dynamic+reassign,sketch,p50,10,1.0,36,496,69,118,25,1953,0,0,63,0,0.9033,1204.699,OPTIMAL,4029.000000,9.3747,27.2599
2026-09-05T00:07:36.790812+00:00,0,74,p50-1.2xalloc,sketch,p50bump,10,1.0,36,568,66,111,25,1885,0,3,14,2,0.9865,860.599,OPTIMAL,4023.000000,3.2817,11.8379
2026-09-05T00:07:37.983303+00:00,0,74,avg-p50p75-1.2xalloc,sketch,avgp50p75bump,10,1.0,36,627,64,103,25,1832,0,4,10,4,0.9892,1100.023,OPTIMAL,4020.000000,6.2547,18.4106
2026-09-05T00:07:40.916628+00:00,0,74,window-avg,sketch,window,10,1.0,36,518,67,111,29,1936,0,0,55,0,0.9198,2833.155,OPTIMAL,4027.000000,8.9361,23.4123
2026-09-05T00:07:41.930524+00:00,0,74,p90,sketch,p90,10,1.0,36,602,66,114,28,1848,0,0,46,0,0.9482,930.540,OPTIMAL,4026.000000,11.9671,15.1992
2026-09-05T00:07:42.690859+00:00,0,74,avg-epoch,sketch,avg,10,1.0,36,491,69,120,25,1956,0,0,68,0,0.9008,673.416,OPTIMAL,4029.000000,9.6524,28.0291
2026-09-05T00:07:46.762211+00:00,0,75,static,static,request,0,0.0,30,882,22,81,20,1627,0,0,9,1,0.9914,235.054,OPTIMAL,22.000000,38.1323,86.0077
2026-09-05T00:07:47.756067+00:00,0,75,reassign,static,request,10,1.0,30,868,53,86,15,1637,0,0,9,0,0.9916,983.092,OPTIMAL,3023.000000,38.1334,70.6185
2026-09-05T00:07:48.026850+00:00,0,75,dynamic,sketch,p50,0,0.0,30,505,28,115,27,1976,0,0,62,1,0.9005,163.924,OPTIMAL,28.000000,8.2559,25.9549
2026-09-05T00:07:49.790665+00:00,0,75,dynamic+reassign,sketch,p50,10,1.0,30,497,68,116,30,1983,0,1,66,1,0.9032,1664.140,OPTIMAL,4027.000000,8.0571,25.9549
2026-09-05T00:07:54.672128+00:00,0,75,p50-1.2xalloc,sketch,p50bump,10,1.0,30,572,66,107,30,1915,0,3,25,6,0.9864,4801.870,OPTIMAL,4023.000000,3.1159,10.5742
2026-09-05T00:07:55.515543+00:00,0,75,avg-p50p75-1.2xalloc,sketch,avgp50p75bump,10,1.0,30,633,65,105,23,1855,0,5,9,1,0.9892,763.181,OPTIMAL,4020.000000,6.8828,27.8609
2026-09-05T00:07:56.310853+00:00,0,75,window-avg,sketch,window,10,1.0,30,521,69,112,28,1964,0,2,53,1,0.9197,713.317,OPTIMAL,4027.000000,8.6465,23.2780
2026-09-05T00:07:57.453476+00:00,0,75,p90,sketch,p90,10,1.0,30,606,66,108,32,1880,0,1,47,1,0.9482,1063.642,OPTIMAL,4025.000000,11.2824,14.5552
2026-09-05T00:07:59.246955+00:00,0,75,avg-epoch,sketch,avg,10,1.0,30,492,65,117,28,1984,0,1,68,1,0.9008,1704.177,OPTIMAL,4024.000000,8.7951,25.3674
2026-09-05T00:08:03.208123+00:00,0,76,static,static,request,0,0.0,38,898,21,84,18,1645,0,0,9,1,0.9914,166.987,OPTIMAL,21.000000,38.3605,78.2368
2026-09-05T00:08:04.559900+00:00,0,76,reassign,static,request,10,1.0,38,883,62,91,22,1659,0,0,11,2,0.9917,1340.493,OPTIMAL,3527.000000,43.6339,78.2368
2026-09-05T00:08:04.774010+00:00,0,76,dynamic,sketch,p50,0,0.0,38,515,26,117,24,2000,0,0,62,1,0.9006,114.093,OPTIMAL,26.000000,7.1412,23.9193
2026-09-05T00:08:05.976452+00:00,0,76,dynamic+reassign,sketch,p50,10,1.0,38,507,69,123,22,2005,0,1,60,1,0.9033,1108.565,OPTIMAL,4028.000000,7.4125,22.9530
2026-09-05T00:08:07.910748+00:00,0,76,p50-1.2xalloc,sketch,p50bump,10,1.0,38,584,67,107,27,1942,0,4,14,3,0.9864,1856.050,OPTIMAL,4023.000000,3.0013,2.1612
2026-09-05T00:08:08.780829+00:00,0,76,avg-p50p75-1.2xalloc,sketch,avgp50p75bump,10,1.0,38,646,66,101,30,1885,0,2,11,3,0.9892,792.510,OPTIMAL,4024.000000,6.2141,24.9375
2026-09-05T00:08:09.738238+00:00,0,76,window-avg,sketch,window,10,1.0,38,530,63,113,22,1986,0,1,51,1,0.9199,871.689,OPTIMAL,4022.000000,7.4657,21.3120
2026-09-05T00:08:10.566854+00:00,0,76,p90,sketch,p90,10,1.0,38,618,63,103,28,1908,0,1,37,0,0.9483,751.278,OPTIMAL,4022.000000,12.1095,17.5981
2026-09-05T00:08:12.430430+00:00,0,76,avg-epoch,sketch,avg,10,1.0,38,505,70,120,27,2011,0,1,66,1,0.9008,1774.564,OPTIMAL,4029.000000,8.4746,23.3262
2026-09-05T00:08:16.492875+00:00,0,77,static,static,request,0,0.0,53,930,28,89,23,1668,0,0,11,1,0.9914,237.244,OPTIMAL,28.000000,41.3758,90.1051
2026-09-05T00:08:17.494078+00:00,0,77,reassign,static,request,10,1.0,53,909,55,95,21,1680,0,0,14,1,0.9917,988.837,OPTIMAL,3025.000000,42.0235,88.0521
2026-09-05T00:08:17.716261+00:00,0,77,dynamic,sketch,p50,0,0.0,53,542,28,118,27,2027,0,0,67,0,0.9006,113.123,OPTIMAL,28.000000,8.2788,25.2844
2026-09-05T00:08:18.802615+00:00,0,77,dynamic+reassign,sketch,p50,10,1.0,53,531,68,121,30,2035,0,1,73,1,0.9033,982.033,OPTIMAL,4027.000000,8.6994,25.2844
2026-09-05T00:08:19.928963+00:00,0,77,p50-1.2xalloc,sketch,p50bump,10,1.0,53,610,63,103,27,1969,0,6,29,6,0.9864,1035.095,OPTIMAL,4017.000000,3.3664,18.3115
2026-09-05T00:08:22.704472+00:00,0,77,avg-p50p75-1.2xalloc,sketch,avgp50p75bump,10,1.0,53,673,65,99,27,1912,0,3,14,3,0.9891,2688.278,OPTIMAL,4022.000000,7.0019,22.0190
2026-09-05T00:08:25.031088+00:00,0,77,window-avg,sketch,window,10,1.0,53,560,71,111,33,2019,0,0,59,0,0.9199,2248.294,OPTIMAL,4031.000000,8.5508,21.2322
2026-09-05T00:08:26.008237+00:00,0,77,p90,sketch,p90,10,1.0,53,648,67,103,27,1935,0,0,27,0,0.9484,901.678,OPTIMAL,4027.000000,12.4024,15.4990
2026-09-05T00:08:26.751274+00:00,0,77,avg-epoch,sketch,avg,10,1.0,53,528,68,122,26,2037,0,0,71,1,0.9008,651.914,OPTIMAL,4028.000000,9.3580,24.4636
2026-09-05T00:08:30.922504+00:00,0,78,static,static,request,0,0.0,31,933,24,94,19,1687,0,0,6,1,0.9914,280.540,OPTIMAL,24.000000,40.8088,79.7970
2026-09-05T00:08:31.845730+00:00,0,78,reassign,static,request,10,1.0,31,915,54,91,27,1707,0,0,12,1,0.9917,910.434,OPTIMAL,3123.000000,41.6096,97.6844
2026-09-05T00:08:32.095258+00:00,0,78,dynamic,sketch,p50,0,0.0,31,545,26,119,25,2052,0,0,65,1,0.9007,134.898,OPTIMAL,26.000000,8.1311,24.5190
2026-09-05T00:08:34.258831+00:00,0,78,dynamic+reassign,sketch,p50,10,1.0,31,534,64,122,23,2058,0,2,71,2,0.9034,2053.148,OPTIMAL,4022.000000,8.4504,25.3046
2026-09-05T00:08:35.375970+00:00,0,78,p50-1.2xalloc,sketch,p50bump,10,1.0,31,618,64,100,27,1996,0,3,18,5,0.9864,1036.821,OPTIMAL,4021.000000,2.9896,1.6408
2026-09-05T00:08:36.349088+00:00,0,78,avg-p50p75-1.2xalloc,sketch,avgp50p75bump,10,1.0,31,679,58,101,20,1932,0,4,6,1,0.9893,894.356,OPTIMAL,3618.000000,5.5265,18.2347
2026-09-05T00:08:37.736908+00:00,0,78,window-avg,sketch,window,10,1.0,31,560,70,120,21,2040,0,1,53,2,0.9200,1300.546,OPTIMAL,4029.000000,8.6805,24.6523
2026-09-05T00:08:38.649882+00:00,0,78,p90,sketch,p90,10,1.0,31,652,66,105,24,1959,0,0,31,0,0.9485,836.734,OPTIMAL,4026.000000,11.2852,14.7379
2026-09-05T00:08:39.307639+00:00,0,78,avg-epoch,sketch,avg,10,1.0,31,531,64,121,25,2062,0,1,75,2,0.9008,565.986,OPTIMAL,4023.000000,8.8154,25.5235
2026-09-05T00:08:43.288238+00:00,0,79,static,static,request,0,0.0,27,936,21,90,25,1712,0,0,7,0,0.9914,168.460,OPTIMAL,21.000000,42.8393,85.5355
2026-09-05T00:08:43.878549+00:00,0,79,reassign,static,request,10,1.0,27,919,48,94,17,1724,0,0,4,0,0.9917,577.947,OPTIMAL,2820.000000,41.0700,76.4556
2026-09-05T00:08:44.412763+00:00,0,79,dynamic,sketch,p50,0,0.0,27,546,26,113,32,2084,0,0,69,2,0.9007,428.454,OPTIMAL,26.000000,8.7989,28.1780
2026-09-05T00:08:46.706863+00:00,0,79,dynamic+reassign,sketch,p50,10,1.0,27,537,67,117,32,2090,0,2,72,3,0.9031,2192.526,OPTIMAL,4025.000000,9.2210,28.8131
2026-09-05T00:08:48.669232+00:00,0,79,p50-1.2xalloc,sketch,p50bump,10,1.0,27,621,69,103,26,2022,0,2,16,5,0.9863,1886.997,OPTIMAL,4027.000000,2.1203,1.4130
2026-09-05T00:08:50.473850+00:00,0,79,avg-p50p75-1.2xalloc,sketch,avgp50p75bump,10,1.0,27,684,64,100,25,1957,0,8,9,3,0.9892,1728.343,OPTIMAL,4016.000000,6.2293,21.4295
2026-09-05T00:08:51.201378+00:00,0,79,window-avg,sketch,window,10,1.0,27,557,61,119,22,2062,0,2,60,2,0.9200,634.487,OPTIMAL,4019.000000,9.6181,26.4308
2026-09-05T00:08:51.901434+00:00,0,79,p90,sketch,p90,10,1.0,27,653,63,103,25,1984,0,1,36,2,0.9486,621.508,OPTIMAL,4022.000000,12.2384,15.1171
2026-09-05T00:08:52.996976+00:00,0,79,avg-epoch,sketch,avg,10,1.0,27,534,68,118,31,2093,0,0,75,2,0.9006,1008.986,OPTIMAL,4028.000000,10.1894,29.8587
2026-09-05T00:08:56.991611+00:00,0,80,static,static,request,0,0.0,34,949,21,91,20,1732,0,0,11,0,0.9913,203.663,OPTIMAL,21.000000,41.9022,79.6600
2026-09-05T00:08:57.510910+00:00,0,80,reassign,static,request,10,1.0,34,933,62,93,26,1750,0,0,10,0,0.9917,508.873,OPTIMAL,3725.000000,46.5113,89.4360
2026-09-05T00:08:57.714053+00:00,0,80,dynamic,sketch,p50,0,0.0,34,554,24,119,18,2102,0,0,64,2,0.9007,103.044,OPTIMAL,24.000000,8.5961,30.5831
2026-09-05T00:08:58.475573+00:00,0,80,dynamic+reassign,sketch,p50,10,1.0,34,544,66,120,23,2113,0,1,69,1,0.9029,671.356,OPTIMAL,4025.000000,10.0696,31.5246
2026-09-05T00:09:05.373196+00:00,0,80,p50-1.2xalloc,sketch,p50bump,10,1.0,34,626,69,113,19,2041,0,6,6,3,0.9864,6814.506,OPTIMAL,4023.000000,3.0125,1.8265
2026-09-05T00:09:06.085825+00:00,0,80,avg-p50p75-1.2xalloc,sketch,avgp50p75bump,10,1.0,34,694,69,100,29,1986,0,3,7,4,0.9893,639.055,OPTIMAL,4026.000000,5.9373,21.6917
2026-09-05T00:09:06.800697+00:00,0,80,window-avg,sketch,window,10,1.0,34,570,67,117,29,2091,0,0,58,1,0.9200,627.245,OPTIMAL,4027.000000,9.1579,26.1336
2026-09-05T00:09:07.949214+00:00,0,80,p90,sketch,p90,10,1.0,34,664,67,108,22,2006,0,1,35,1,0.9485,1071.008,OPTIMAL,4026.000000,13.6957,22.5297
2026-09-05T00:09:08.722835+00:00,0,80,avg-epoch,sketch,avg,10,1.0,34,540,66,121,23,2116,0,1,70,1,0.9003,682.970,OPTIMAL,4025.000000,10.9590,31.1375
2026-09-05T00:09:12.761763+00:00,0,81,static,static,request,0,0.0,25,953,19,90,20,1752,0,0,9,1,0.9914,115.011,OPTIMAL,19.000000,35.5625,77.1781
2026-09-05T00:09:15.870346+00:00,0,81,reassign,static,request,10,1.0,25,933,61,95,24,1774,0,0,7,0,0.9917,3095.999,OPTIMAL,3526.000000,40.5736,82.4160
2026-09-05T00:09:16.118122+00:00,0,81,dynamic,sketch,p50,0,0.0,25,555,26,118,27,2129,0,0,69,2,0.9005,151.484,OPTIMAL,26.000000,9.4024,27.1491
2026-09-05T00:09:17.125526+00:00,0,81,dynamic+reassign,sketch,p50,10,1.0,25,543,67,117,30,2143,0,0,67,0,0.9029,919.182,OPTIMAL,4027.000000,9.3432,28.1349
2026-09-05T00:09:18.944817+00:00,0,81,p50-1.2xalloc,sketch,p50bump,10,1.0,25,622,64,111,26,2067,0,6,23,7,0.9863,1733.316,OPTIMAL,4018.000000,3.4306,10.1031
2026-09-05T00:09:19.632889+00:00,0,81,avg-p50p75-1.2xalloc,sketch,avgp50p75bump,10,1.0,25,690,63,101,24,2010,0,3,11,2,0.9893,611.102,OPTIMAL,3822.000000,6.1490,22.5596
2026-09-05T00:09:20.281101+00:00,0,81,window-avg,sketch,window,10,1.0,25,568,65,119,23,2114,0,0,59,1,0.9200,559.017,OPTIMAL,4025.000000,9.7431,24.0704
2026-09-05T00:09:20.876034+00:00,0,81,p90,sketch,p90,10,1.0,25,662,66,109,25,2031,0,1,47,1,0.9483,515.924,OPTIMAL,4025.000000,11.2670,15.2682
2026-09-05T00:09:22.215853+00:00,0,81,avg-epoch,sketch,avg,10,1.0,25,539,68,115,34,2150,0,0,69,1,0.9003,1257.060,OPTIMAL,4028.000000,9.2138,27.8076
2026-09-05T00:09:26.270567+00:00,0,82,static,static,request,0,0.0,31,965,26,92,24,1776,0,0,4,0,0.9914,219.103,OPTIMAL,26.000000,44.6840,82.9884
2026-09-05T00:09:27.074196+00:00,0,82,reassign,static,request,10,1.0,31,938,51,98,21,1795,0,0,4,0,0.9918,790.747,OPTIMAL,2724.000000,46.4496,88.5909
2026-09-05T00:09:27.348658+00:00,0,82,dynamic,sketch,p50,0,0.0,31,560,23,113,28,2157,0,0,62,0,0.9005,164.969,OPTIMAL,23.000000,9.0133,27.0687
2026-09-05T00:09:28.430632+00:00,0,82,dynamic+reassign,sketch,p50,10,1.0,31,547,66,120,23,2166,0,0,63,1,0.9029,977.176,OPTIMAL,4026.000000,8.7024,26.0850
2026-09-05T00:09:29.295602+00:00,0,82,p50-1.2xalloc,sketch,p50bump,10,1.0,31,629,61,112,22,2089,0,3,11,4,0.9864,764.853,OPTIMAL,3820.000000,3.7071,20.9613
2026-09-05T00:09:30.919825+00:00,0,82,avg-p50p75-1.2xalloc,sketch,avgp50p75bump,10,1.0,31,696,67,109,19,2029,0,4,8,2,0.9894,1530.738,OPTIMAL,4023.000000,7.1038,25.1979
2026-09-05T00:09:32.418550+00:00,0,82,window-avg,sketch,window,10,1.0,31,574,69,111,37,2151,0,0,63,0,0.9200,1405.083,OPTIMAL,4029.000000,10.3823,25.0298
2026-09-05T00:09:34.052530+00:00,0,82,p90,sketch,p90,10,1.0,31,667,64,110,23,2054,0,1,40,1,0.9484,1542.918,OPTIMAL,4023.000000,11.8238,14.3791
2026-09-05T00:09:35.669426+00:00,0,82,avg-epoch,sketch,avg,10,1.0,31,542,67,122,20,2170,0,0,59,0,0.9003,1524.353,OPTIMAL,4027.000000,9.1824,25.1838
2026-09-05T00:09:39.682024+00:00,0,83,static,static,request,0,0.0,33,972,23,91,24,1800,0,0,4,0,0.9915,201.747,OPTIMAL,23.000000,43.6220,80.6460
2026-09-05T00:09:40.519909+00:00,0,83,reassign,static,request,10,1.0,33,947,49,98,24,1819,0,0,5,1,0.9919,824.610,OPTIMAL,2524.000000,44.0731,86.8224
2026-09-05T00:09:40.888821+00:00,0,83,dynamic,sketch,p50,0,0.0,33,570,29,114,28,2185,0,0,76,1,0.9001,260.233,OPTIMAL,29.000000,11.1850,28.6757
2026-09-05T00:09:42.557941+00:00,0,83,dynamic+reassign,sketch,p50,10,1.0,33,554,68,120,28,2194,0,1,78,1,0.9025,1566.718,OPTIMAL,4027.000000,11.7468,28.6757
2026-09-05T00:09:43.441956+00:00,0,83,p50-1.2xalloc,sketch,p50bump,10,1.0,33,639,63,111,24,2113,0,4,18,6,0.9862,793.025,OPTIMAL,4019.000000,2.4658,1.5749
2026-09-05T00:09:44.653079+00:00,0,83,avg-p50p75-1.2xalloc,sketch,avgp50p75bump,10,1.0,33,702,64,110,23,2052,0,4,14,3,0.9893,1125.956,OPTIMAL,4020.000000,5.1101,5.3241
2026-09-05T00:09:45.656638+00:00,0,83,window-avg,sketch,window,10,1.0,33,578,64,117,18,2169,0,0,64,0,0.9198,915.970,OPTIMAL,4024.000000,9.6484,23.7717
2026-09-05T00:09:46.485154+00:00,0,83,p90,sketch,p90,10,1.0,33,676,62,107,25,2079,0,3,48,1,0.9481,747.156,OPTIMAL,4019.000000,11.8485,15.4459
2026-09-05T00:09:47.232031+00:00,0,83,avg-epoch,sketch,avg,10,1.0,33,548,66,119,29,2199,0,2,76,0,0.9001,658.319,OPTIMAL,4024.000000,11.2564,28.3605
2026-09-05T00:09:51.323602+00:00,0,84,static,static,request,0,0.0,22,971,23,93,21,1821,0,0,9,1,0.9915,218.038,OPTIMAL,23.000000,49.1184,91.7954
2026-09-05T00:09:51.959568+00:00,0,84,reassign,static,request,10,1.0,22,945,57,99,23,1842,0,0,8,0,0.9919,622.718,OPTIMAL,3324.000000,47.5033,91.7954
2026-09-05T00:09:52.473081+00:00,0,84,dynamic,sketch,p50,0,0.0,22,563,27,116,25,2210,0,0,63,1,0.9001,411.146,OPTIMAL,27.000000,8.5458,24.2170
2026-09-05T00:09:53.698647+00:00,0,84,dynamic+reassign,sketch,p50,10,1.0,22,548,64,120,24,2218,0,0,70,1,0.9024,1118.021,OPTIMAL,4024.000000,9.1280,23.4556
2026-09-05T00:09:54.902759+00:00,0,84,p50-1.2xalloc,sketch,p50bump,10,1.0,22,638,65,102,34,2147,0,5,16,4,0.9863,1114.548,OPTIMAL,4020.000000,4.7676,24.4197
2026-09-05T00:09:56.221659+00:00,0,84,avg-p50p75-1.2xalloc,sketch,avgp50p75bump,10,1.0,22,700,63,105,28,2080,0,6,20,5,0.9893,1224.005,OPTIMAL,4017.000000,5.1186,4.1069
2026-09-05T00:09:58.449332+00:00,0,84,window-avg,sketch,window,10,1.0,22,576,66,113,30,2199,0,1,66,1,0.9197,2129.425,OPTIMAL,4025.000000,10.4310,22.1282
2026-09-05T00:09:59.349408+00:00,0,84,p90,sketch,p90,10,1.0,22,676,64,110,21,2100,0,2,39,0,0.9482,815.053,OPTIMAL,4022.000000,11.7158,16.3383
2026-09-05T00:10:00.003873+00:00,0,84,avg-epoch,sketch,avg,10,1.0,22,544,67,118,28,2227,0,0,72,1,0.9000,566.543,OPTIMAL,4027.000000,9.1416,24.4779
2026-09-05T00:10:03.907474+00:00,0,85,static,static,request,0,0.0,32,980,24,93,24,1845,0,0,6,0,0.9915,100.202,OPTIMAL,24.000000,45.6078,95.4453
2026-09-05T00:10:04.606691+00:00,0,85,reassign,static,request,10,1.0,32,953,58,93,30,1872,0,0,15,1,0.9919,688.199,OPTIMAL,3424.000000,47.5965,101.3618
2026-09-05T00:10:04.974681+00:00,0,85,dynamic,sketch,p50,0,0.0,32,568,27,119,24,2234,0,0,58,0,0.9003,255.638,OPTIMAL,27.000000,7.0877,21.5655
2026-09-05T00:10:07.012693+00:00,0,85,dynamic+reassign,sketch,p50,10,1.0,32,556,67,118,29,2247,0,1,63,1,0.9024,1934.026,OPTIMAL,4026.000000,7.8375,25.3477
2026-09-05T00:10:08.005461+00:00,0,85,p50-1.2xalloc,sketch,p50bump,10,1.0,32,645,64,103,23,2170,0,2,16,2,0.9862,910.468,OPTIMAL,4022.000000,3.0611,13.5650
2026-09-05T00:10:10.422273+00:00,0,85,avg-p50p75-1.2xalloc,sketch,avgp50p75bump,10,1.0,32,709,64,110,19,2099,0,7,12,2,0.9892,2332.345,OPTIMAL,4017.000000,5.3990,13.0022
2026-09-05T00:10:11.182319+00:00,0,85,window-avg,sketch,window,10,1.0,32,582,67,115,25,2224,0,1,58,1,0.9198,673.858,OPTIMAL,4026.000000,8.9627,22.1169
2026-09-05T00:10:11.900647+00:00,0,85,p90,sketch,p90,10,1.0,32,684,65,108,27,2127,0,0,47,1,0.9482,636.906,OPTIMAL,4025.000000,12.3470,19.9239
2026-09-05T00:10:13.679909+00:00,0,85,avg-epoch,sketch,avg,10,1.0,32,549,68,120,26,2253,0,0,57,1,0.9002,1691.364,OPTIMAL,4028.000000,7.5015,23.0549
2026-09-05T00:10:17.587628+00:00,0,86,static,static,request,0,0.0,43,999,24,91,26,1871,0,0,9,0,0.9916,120.107,OPTIMAL,24.000000,39.4118,81.6654
2026-09-05T00:10:18.124497+00:00,0,86,reassign,static,request,10,1.0,43,972,53,93,22,1894,0,0,7,0,0.9919,524.987,OPTIMAL,3122.000000,44.1088,87.6712
2026-09-05T00:10:18.435381+00:00,0,86,dynamic,sketch,p50,0,0.0,43,584,26,119,26,2260,0,0,66,1,0.9003,193.981,OPTIMAL,26.000000,8.3747,25.3699
2026-09-05T00:10:19.973671+00:00,0,86,dynamic+reassign,sketch,p50,10,1.0,43,572,65,115,28,2275,0,0,66,0,0.9024,1436.827,OPTIMAL,4025.000000,8.6592,27.7265
2026-09-05T00:10:22.155585+00:00,0,86,p50-1.2xalloc,sketch,p50bump,10,1.0,43,664,68,105,26,2196,0,5,20,4,0.9862,2100.162,OPTIMAL,4023.000000,2.8209,4.9357
2026-09-05T00:10:24.095215+00:00,0,86,avg-p50p75-1.2xalloc,sketch,avgp50p75bump,10,1.0,43,728,64,105,29,2128,0,6,12,3,0.9893,1858.419,OPTIMAL,4018.000000,6.2063,21.4047
2026-09-05T00:10:24.877409+00:00,0,86,window-avg,sketch,window,10,1.0,43,598,70,117,28,2252,0,2,58,1,0.9197,696.792,OPTIMAL,4028.000000,8.8770,25.1703
2026-09-05T00:10:26.166418+00:00,0,86,p90,sketch,p90,10,1.0,43,702,68,105,31,2158,0,0,37,0,0.9483,1213.593,OPTIMAL,4028.000000,11.3463,17.4670
2026-09-05T00:10:26.999044+00:00,0,86,avg-epoch,sketch,avg,10,1.0,43,564,64,119,25,2278,0,0,68,1,0.9003,740.084,OPTIMAL,4024.000000,9.1672,28.7457
2026-09-05T00:10:31.032012+00:00,0,87,static,static,request,0,0.0,45,1020,23,92,22,1893,0,0,7,0,0.9916,150.690,OPTIMAL,23.000000,49.9905,101.9326
2026-09-05T00:10:31.561145+00:00,0,87,reassign,static,request,10,1.0,45,995,54,92,20,1914,0,0,4,0,0.9920,516.575,OPTIMAL,3519.000000,50.6577,101.9326
2026-09-05T00:10:32.075324+00:00,0,87,dynamic,sketch,p50,0,0.0,45,603,25,116,28,2288,0,0,72,3,0.9001,401.996,OPTIMAL,25.000000,9.3864,26.4471
2026-09-05T00:10:34.337011+00:00,0,87,dynamic+reassign,sketch,p50,10,1.0,45,592,66,109,32,2307,0,1,71,3,0.9022,2167.070,OPTIMAL,4025.000000,9.1259,26.4471
2026-09-05T00:10:36.218958+00:00,0,87,p50-1.2xalloc,sketch,p50bump,10,1.0,45,681,53,105,19,2215,0,5,29,8,0.9859,1794.999,OPTIMAL,3414.000000,2.2271,1.5985
2026-09-05T00:10:37.336099+00:00,0,87,avg-p50p75-1.2xalloc,sketch,avgp50p75bump,10,1.0,45,749,63,97,31,2159,0,5,15,3,0.9892,1040.022,OPTIMAL,4018.000000,6.7725,23.3519
2026-09-05T00:10:38.307706+00:00,0,87,window-avg,sketch,window,10,1.0,45,613,64,117,24,2276,0,0,60,0,0.9195,881.924,OPTIMAL,4024.000000,10.9749,25.3848
2026-09-05T00:10:38.917344+00:00,0,87,p90,sketch,p90,10,1.0,45,719,56,110,13,2171,0,1,47,2,0.9482,523.583,OPTIMAL,3817.000000,10.7799,15.4461
2026-09-05T00:10:39.764261+00:00,0,87,avg-epoch,sketch,avg,10,1.0,45,585,66,110,35,2313,0,0,73,2,0.9001,765.577,OPTIMAL,4026.000000,9.5460,26.7205
2026-09-05T00:10:43.865562+00:00,0,88,static,static,request,0,0.0,34,1031,21,93,20,1913,0,0,6,0,0.9916,234.423,OPTIMAL,21.000000,47.9340,100.3658
2026-09-05T00:10:44.741667+00:00,0,88,reassign,static,request,10,1.0,34,1010,54,89,24,1938,0,0,4,0,0.9920,863.639,OPTIMAL,3321.000000,55.7612,112.2423
2026-09-05T00:10:45.107224+00:00,0,88,dynamic,sketch,p50,0,0.0,34,612,28,113,31,2319,0,0,71,1,0.9001,257.663,OPTIMAL,28.000000,9.5671,29.8654
2026-09-05T00:10:46.142471+00:00,0,88,dynamic+reassign,sketch,p50,10,1.0,34,600,65,115,19,2326,0,1,64,1,0.9022,936.972,OPTIMAL,4024.000000,9.9014,29.8654
2026-09-05T00:10:47.121435+00:00,0,88,p50-1.2xalloc,sketch,p50bump,10,1.0,34,696,63,105,23,2238,0,5,10,3,0.9860,883.695,OPTIMAL,4018.000000,2.5899,1.5580
2026-09-05T00:10:48.185802+00:00,0,88,avg-p50p75-1.2xalloc,sketch,avgp50p75bump,10,1.0,34,760,65,106,16,2175,0,5,11,1,0.9893,971.695,OPTIMAL,4020.000000,5.6438,12.3025
2026-09-05T00:10:50.511847+00:00,0,88,window-avg,sketch,window,10,1.0,34,623,68,110,35,2311,0,1,67,1,0.9192,2230.019,OPTIMAL,4027.000000,10.6884,28.0747
2026-09-05T00:10:51.545918+00:00,0,88,p90,sketch,p90,10,1.0,34,735,69,101,38,2209,0,1,43,1,0.9482,959.076,OPTIMAL,4028.000000,12.5267,19.4029
2026-09-05T00:10:52.311929+00:00,0,88,avg-epoch,sketch,avg,10,1.0,34,593,64,112,22,2335,0,1,65,1,0.9001,682.063,OPTIMAL,4023.000000,10.5530,29.1210
2026-09-05T00:10:56.434729+00:00,0,89,static,static,request,0,0.0,35,1045,20,89,24,1937,0,0,5,0,0.9917,242.250,OPTIMAL,20.000000,48.6049,90.6039
2026-09-05T00:10:57.040631+00:00,0,89,reassign,static,request,10,1.0,35,1024,52,85,24,1962,0,0,7,0,0.9921,593.796,OPTIMAL,3220.000000,46.5431,86.8621
2026-09-05T00:10:57.282505+00:00,0,89,dynamic,sketch,p50,0,0.0,35,619,24,111,26,2345,0,0,61,3,0.9000,131.819,OPTIMAL,24.000000,7.1375,24.8707
2026-09-05T00:10:58.123594+00:00,0,89,dynamic+reassign,sketch,p50,10,1.0,35,610,64,109,30,2356,0,1,59,0,0.9023,746.152,OPTIMAL,4023.000000,8.0950,28.2941
2026-09-05T00:11:05.700545+00:00,0,89,p50-1.2xalloc,sketch,p50bump,10,1.0,35,708,67,103,29,2267,0,0,16,3,0.9860,7490.127,OPTIMAL,4027.000000,2.8473,7.7292
2026-09-05T00:11:07.857264+00:00,0,89,avg-p50p75-1.2xalloc,sketch,avgp50p75bump,10,1.0,35,770,69,103,32,2207,0,1,10,2,0.9892,2082.420,OPTIMAL,4028.000000,4.7910,3.7026
2026-09-05T00:11:08.687658+00:00,0,89,window-avg,sketch,window,10,1.0,35,630,64,114,20,2331,0,2,59,3,0.9192,744.236,OPTIMAL,4022.000000,9.4275,23.8259
2026-09-05T00:11:09.320329+00:00,0,89,p90,sketch,p90,10,1.0,35,741,65,109,17,2226,0,0,30,0,0.9484,552.318,OPTIMAL,4025.000000,11.5482,14.5834
2026-09-05T00:11:09.952381+00:00,0,89,avg-epoch,sketch,avg,10,1.0,35,604,63,112,23,2358,0,2,61,1,0.9001,546.534,OPTIMAL,4021.000000,8.4836,26.5327
2026-09-05T00:11:13.962612+00:00,0,90,static,static,request,0,0.0,42,1067,19,88,20,1957,0,0,9,0,0.9917,150.442,OPTIMAL,19.000000,51.7047,113.9100
2026-09-05T00:11:14.254399+00:00,0,90,reassign,static,request,10,1.0,42,1046,52,84,22,1984,0,0,7,0,0.9920,280.127,OPTIMAL,3121.000000,46.5548,100.8668
2026-09-05T00:11:14.493430+00:00,0,90,dynamic,sketch,p50,0,0.0,42,637,21,102,30,2375,0,0,60,1,0.9000,137.083,OPTIMAL,21.000000,8.4356,26.8883
2026-09-05T00:11:15.277306+00:00,0,90,dynamic+reassign,sketch,p50,10,1.0,42,628,61,104,26,2382,0,2,64,1,0.9021,690.044,OPTIMAL,4019.000000,10.0837,27.4970
2026-09-05T00:11:16.505958+00:00,0,90,p50-1.2xalloc,sketch,p50bump,10,1.0,42,723,66,103,26,2293,0,1,14,2,0.9861,1140.044,OPTIMAL,4025.000000,3.5711,18.8514
2026-09-05T00:11:17.222664+00:00,0,90,avg-p50p75-1.2xalloc,sketch,avgp50p75bump,10,1.0,42,783,57,109,17,2224,0,3,11,1,0.9893,617.661,OPTIMAL,3420.000000,5.8449,16.8072
2026-09-05T00:11:18.196112+00:00,0,90,window-avg,sketch,window,10,1.0,42,648,61,108,27,2358,0,1,62,0,0.9191,874.995,OPTIMAL,4020.000000,10.1549,26.6673
2026-09-05T00:11:19.868856+00:00,0,90,p90,sketch,p90,10,1.0,42,758,67,113,23,2249,0,1,46,1,0.9483,1576.790,OPTIMAL,4026.000000,12.3685,19.2357
2026-09-05T00:11:21.248739+00:00,0,90,avg-epoch,sketch,avg,10,1.0,42,623,65,104,33,2391,0,1,66,1,0.9001,1297.994,OPTIMAL,4024.000000,9.9491,28.7075
2026-09-05T00:11:25.212465+00:00,0,91,static,static,request,0,0.0,30,1078,22,82,28,1985,0,0,4,0,0.9917,151.031,OPTIMAL,22.000000,44.6736,87.7593
2026-09-05T00:11:26.421331+00:00,0,91,reassign,static,request,10,1.0,30,1055,64,85,23,2007,0,0,7,0,0.9921,1197.092,OPTIMAL,4024.000000,42.1800,87.7593
2026-09-05T00:11:26.650975+00:00,0,91,dynamic,sketch,p50,0,0.0,30,646,23,103,22,2397,0,0,60,0,0.8999,139.403,OPTIMAL,23.000000,10.5658,28.8940
2026-09-05T00:11:30.303139+00:00,0,91,dynamic+reassign,sketch,p50,10,1.0,30,637,61,93,32,2414,0,1,63,1,0.9019,3580.900,OPTIMAL,4020.000000,10.1345,25.5836
2026-09-05T00:11:31.661006+00:00,0,91,p50-1.2xalloc,sketch,p50bump,10,1.0,30,727,69,103,29,2322,0,3,11,2,0.9861,1283.636,OPTIMAL,4026.000000,2.0343,1.7123
2026-09-05T00:11:32.932396+00:00,0,91,avg-p50p75-1.2xalloc,sketch,avgp50p75bump,10,1.0,30,790,67,108,28,2252,0,5,12,4,0.9892,1190.423,OPTIMAL,4022.000000,6.3218,19.3144
2026-09-05T00:11:33.776661+00:00,0,91,window-avg,sketch,window,10,1.0,30,657,66,104,30,2388,0,1,71,1,0.9187,767.781,OPTIMAL,4025.000000,12.3159,25.1432
2026-09-05T00:11:35.862342+00:00,0,91,p90,sketch,p90,10,1.0,30,761,66,110,29,2278,0,0,41,0,0.9485,2008.887,OPTIMAL,4026.000000,11.1862,17.9688
2026-09-05T00:11:37.295907+00:00,0,91,avg-epoch,sketch,avg,10,1.0,30,628,65,99,30,2421,0,0,60,0,0.9000,1360.250,OPTIMAL,4025.000000,9.7195,25.1463
2026-09-05T00:11:41.952411+00:00,0,92,static,static,request,0,0.0,22,1078,24,86,20,2005,0,0,5,0,0.9918,804.624,OPTIMAL,24.000000,38.0760,72.6605
2026-09-05T00:11:42.709947+00:00,0,92,reassign,static,request,10,1.0,22,1053,59,90,19,2026,0,0,14,2,0.9920,745.827,OPTIMAL,3524.000000,41.6780,78.0996
2026-09-05T00:11:43.039892+00:00,0,92,dynamic,sketch,p50,0,0.0,22,645,24,98,29,2426,0,0,59,1,0.8999,232.037,OPTIMAL,24.000000,9.4945,26.8001
2026-09-05T00:11:45.343586+00:00,0,92,dynamic+reassign,sketch,p50,10,1.0,22,638,63,93,23,2437,0,0,45,0,0.9020,2222.870,OPTIMAL,4023.000000,8.8519,30.0839
2026-09-05T00:11:46.140772+00:00,0,92,p50-1.2xalloc,sketch,p50bump,10,1.0,22,720,62,108,19,2341,0,5,12,3,0.9861,710.870,OPTIMAL,3819.000000,3.7326,13.2572
2026-09-05T00:11:47.179735+00:00,0,92,avg-p50p75-1.2xalloc,sketch,avgp50p75bump,10,1.0,22,785,62,104,26,2278,0,5,24,6,0.9891,952.663,OPTIMAL,4017.000000,6.1410,18.0488
2026-09-05T00:11:48.033436+00:00,0,92,window-avg,sketch,window,10,1.0,22,653,66,101,29,2417,0,0,54,2,0.9189,779.299,OPTIMAL,4026.000000,9.3023,25.0443
2026-09-05T00:11:49.309129+00:00,0,92,p90,sketch,p90,10,1.0,22,757,65,108,27,2305,0,2,40,1,0.9484,1194.750,OPTIMAL,4023.000000,12.5579,19.2042
2026-09-05T00:11:50.385107+00:00,0,92,avg-epoch,sketch,avg,10,1.0,22,625,63,99,23,2444,0,2,47,1,0.9001,1001.059,OPTIMAL,4021.000000,8.5857,29.5693
2026-09-05T00:11:54.319654+00:00,0,93,static,static,request,0,0.0,39,1093,24,90,20,2025,0,0,6,0,0.9918,151.884,OPTIMAL,24.000000,50.2098,94.0754
2026-09-05T00:11:54.753135+00:00,0,93,reassign,static,request,10,1.0,39,1068,56,94,18,2044,0,0,5,0,0.9921,423.213,OPTIMAL,3422.000000,45.0223,90.3623
2026-09-05T00:11:54.998318+00:00,0,93,dynamic,sketch,p50,0,0.0,39,660,26,102,22,2448,0,0,56,0,0.8999,159.496,OPTIMAL,26.000000,10.0285,26.4034
2026-09-05T00:11:56.651346+00:00,0,93,dynamic+reassign,sketch,p50,10,1.0,39,654,68,100,21,2458,0,0,51,0,0.9020,1581.294,OPTIMAL,4028.000000,9.5430,25.2174
2026-09-05T00:11:57.705206+00:00,0,93,p50-1.2xalloc,sketch,p50bump,10,1.0,39,735,64,106,26,2367,0,3,10,2,0.9862,972.710,OPTIMAL,4021.000000,2.4175,1.5945
2026-09-05T00:11:58.464167+00:00,0,93,avg-p50p75-1.2xalloc,sketch,avgp50p75bump,10,1.0,39,802,67,103,28,2306,0,1,5,1,0.9892,681.726,OPTIMAL,4026.000000,5.5947,12.3296
2026-09-05T00:12:00.030208+00:00,0,93,window-avg,sketch,window,10,1.0,39,666,68,102,27,2444,0,0,46,0,0.9190,1491.778,OPTIMAL,4028.000000,9.0094,22.3321
2026-09-05T00:12:00.696476+00:00,0,93,p90,sketch,p90,10,1.0,39,771,65,109,24,2329,0,1,29,0,0.9487,583.945,OPTIMAL,4024.000000,11.5179,14.7146
2026-09-05T00:12:01.264660+00:00,0,93,avg-epoch,sketch,avg,10,1.0,39,641,68,106,21,2465,0,0,55,0,0.9001,493.033,OPTIMAL,4028.000000,11.1046,29.7879
2026-09-05T00:12:05.266599+00:00,0,94,static,static,request,0,0.0,33,1102,20,92,18,2043,0,0,12,1,0.9918,136.551,OPTIMAL,20.000000,44.2516,81.5263
2026-09-05T00:12:06.045620+00:00,0,94,reassign,static,request,10,1.0,33,1079,59,95,21,2065,0,0,15,2,0.9921,766.108,OPTIMAL,3722.000000,45.5510,96.0023
2026-09-05T00:12:06.287164+00:00,0,94,dynamic,sketch,p50,0,0.0,33,667,26,104,24,2472,0,0,66,2,0.8997,140.262,OPTIMAL,26.000000,11.2809,31.2473
2026-09-05T00:12:08.413166+00:00,0,94,dynamic+reassign,sketch,p50,10,1.0,33,659,66,101,25,2483,0,0,61,1,0.9019,2040.429,OPTIMAL,4026.000000,10.6542,31.7309
2026-09-05T00:12:09.743239+00:00,0,94,p50-1.2xalloc,sketch,p50bump,10,1.0,33,744,66,101,31,2398,0,3,17,4,0.9862,1250.755,OPTIMAL,4023.000000,2.1499,1.4614
2026-09-05T00:12:10.429553+00:00,0,94,avg-p50p75-1.2xalloc,sketch,avgp50p75bump,10,1.0,33,808,55,103,22,2328,0,6,26,5,0.9891,606.000,OPTIMAL,3316.000000,5.6935,11.3090
2026-09-05T00:12:11.533411+00:00,0,94,window-avg,sketch,window,10,1.0,33,671,67,106,23,2467,0,0,56,0,0.9189,1027.686,OPTIMAL,4027.000000,10.9118,27.5712
2026-09-05T00:12:12.224580+00:00,0,94,p90,sketch,p90,10,1.0,33,779,64,103,30,2359,0,1,38,1,0.9487,612.589,OPTIMAL,4023.000000,12.6289,17.8569
2026-09-05T00:12:13.615324+00:00,0,94,avg-epoch,sketch,avg,10,1.0,33,646,69,104,31,2496,0,0,68,1,0.9000,1316.292,OPTIMAL,4029.000000,9.7887,28.9151
2026-09-05T00:12:17.632645+00:00,0,95,static,static,request,0,0.0,43,1125,20,94,18,2061,0,0,6,0,0.9918,138.705,OPTIMAL,20.000000,49.3497,94.2830
2026-09-05T00:12:18.271875+00:00,0,95,reassign,static,request,10,1.0,43,1100,47,92,21,2086,0,0,6,0,0.9921,626.252,OPTIMAL,2918.000000,49.1127,95.4499
2026-09-05T00:12:18.584189+00:00,0,95,dynamic,sketch,p50,0,0.0,43,684,26,101,29,2501,0,0,51,2,0.8998,213.240,OPTIMAL,26.000000,7.6285,26.4548
2026-09-05T00:12:19.947591+00:00,0,95,dynamic+reassign,sketch,p50,10,1.0,43,676,67,105,23,2506,0,0,49,0,0.9020,1274.750,OPTIMAL,4027.000000,8.3738,26.3180
2026-09-05T00:12:23.009970+00:00,0,95,p50-1.2xalloc,sketch,p50bump,10,1.0,43,761,64,97,28,2426,0,4,26,8,0.9861,2977.802,OPTIMAL,4020.000000,2.3621,6.3879
2026-09-05T00:12:25.187825+00:00,0,95,avg-p50p75-1.2xalloc,sketch,avgp50p75bump,10,1.0,43,829,64,101,26,2354,0,5,15,4,0.9891,2099.356,OPTIMAL,4019.000000,6.6124,16.4336
2026-09-05T00:12:25.925953+00:00,0,95,window-avg,sketch,window,10,1.0,43,687,64,105,25,2492,0,0,50,1,0.9190,657.766,OPTIMAL,4024.000000,9.2870,26.2692
2026-09-05T00:12:26.522279+00:00,0,95,p90,sketch,p90,10,1.0,43,798,63,100,26,2385,0,2,43,1,0.9485,522.580,OPTIMAL,4021.000000,12.9712,21.8267
2026-09-05T00:12:27.101465+00:00,0,95,avg-epoch,sketch,avg,10,1.0,43,660,61,105,20,2516,0,2,58,2,0.9000,497.973,OPTIMAL,4019.000000,9.6412,28.4618
2026-09-05T00:12:31.103627+00:00,0,96,static,static,request,0,0.0,34,1139,21,89,26,2087,0,0,8,0,0.9918,187.291,OPTIMAL,21.000000,42.1167,79.9827
2026-09-05T00:12:31.687107+00:00,0,96,reassign,static,request,10,1.0,34,1116,47,94,17,2103,0,0,6,0,0.9921,570.878,OPTIMAL,2819.000000,41.9204,76.0111
2026-09-05T00:12:32.004253+00:00,0,96,dynamic,sketch,p50,0,0.0,34,692,22,98,25,2526,0,0,49,1,0.9000,219.438,OPTIMAL,22.000000,8.1476,24.3426
2026-09-05T00:12:33.208275+00:00,0,96,dynamic+reassign,sketch,p50,10,1.0,34,683,65,99,31,2537,0,0,52,2,0.9021,1116.507,OPTIMAL,4025.000000,8.6574,26.3801
2026-09-05T00:12:34.198245+00:00,0,96,p50-1.2xalloc,sketch,p50bump,10,1.0,34,771,66,98,25,2451,0,2,13,3,0.9862,908.192,OPTIMAL,4024.000000,2.9579,1.7994
2026-09-05T00:12:35.275480+00:00,0,96,avg-p50p75-1.2xalloc,sketch,avgp50p75bump,10,1.0,34,839,61,92,30,2384,0,1,10,2,0.9891,991.621,OPTIMAL,4020.000000,5.9616,3.8562
2026-09-05T00:12:36.151596+00:00,0,96,window-avg,sketch,window,10,1.0,34,697,64,102,27,2519,0,1,50,1,0.9191,786.619,OPTIMAL,4023.000000,9.1410,20.6192
2026-09-05T00:12:37.062197+00:00,0,96,p90,sketch,p90,10,1.0,34,809,63,97,26,2411,0,0,42,0,0.9484,826.343,OPTIMAL,4023.000000,11.3783,15.4262
2026-09-05T00:12:39.157534+00:00,0,96,avg-epoch,sketch,avg,10,1.0,34,673,66,103,28,2544,0,0,51,0,0.9001,2007.974,OPTIMAL,4026.000000,9.4122,26.2842
2026-09-05T00:12:43.241622+00:00,0,97,static,static,request,0,0.0,33,1151,20,94,15,2102,0,0,7,0,0.9918,173.528,OPTIMAL,20.000000,41.4912,80.6309
2026-09-05T00:12:44.301219+00:00,0,97,reassign,static,request,10,1.0,33,1130,62,91,25,2128,0,0,11,1,0.9921,1046.832,OPTIMAL,4022.000000,43.8710,77.7483
2026-09-05T00:12:44.629384+00:00,0,97,dynamic,sketch,p50,0,0.0,33,703,24,103,19,2545,0,0,57,0,0.9000,237.042,OPTIMAL,24.000000,9.5008,29.7804
2026-09-05T00:12:45.870178+00:00,0,97,dynamic+reassign,sketch,p50,10,1.0,33,691,65,108,16,2553,0,1,56,1,0.9020,1161.646,OPTIMAL,4024.000000,8.9399,25.7863
2026-09-05T00:12:46.629294+00:00,0,97,p50-1.2xalloc,sketch,p50bump,10,1.0,33,778,65,98,25,2476,0,2,16,4,0.9862,685.468,OPTIMAL,4023.000000,3.5249,12.4368
2026-09-05T00:12:48.240120+00:00,0,97,avg-p50p75-1.2xalloc,sketch,avgp50p75bump,10,1.0,33,851,62,89,25,2409,0,4,11,2,0.9891,1542.805,OPTIMAL,4018.000000,6.9537,24.0689
2026-09-05T00:12:49.104717+00:00,0,97,window-avg,sketch,window,10,1.0,33,706,66,101,27,2546,0,0,48,0,0.9191,789.822,OPTIMAL,4026.000000,10.4350,27.9242
2026-09-05T00:12:49.929282+00:00,0,97,p90,sketch,p90,10,1.0,33,819,63,94,26,2437,0,0,39,1,0.9484,753.986,OPTIMAL,4023.000000,11.2555,17.8546
2026-09-05T00:12:50.734960+00:00,0,97,avg-epoch,sketch,avg,10,1.0,33,680,67,105,25,2569,0,0,55,0,0.9001,729.867,OPTIMAL,4027.000000,8.5289,26.8838
2026-09-05T00:12:54.713343+00:00,0,98,static,static,request,0,0.0,38,1169,23,91,26,2128,0,0,6,0,0.9919,112.195,OPTIMAL,23.000000,46.6916,93.2901
2026-09-05T00:12:56.358039+00:00,0,98,reassign,static,request,10,1.0,38,1146,65,86,30,2158,0,0,6,0,0.9921,1632.218,OPTIMAL,4025.000000,37.9810,83.3954
2026-09-05T00:12:56.575711+00:00,0,98,dynamic,sketch,p50,0,0.0,38,717,28,100,31,2576,0,0,57,0,0.8999,135.207,OPTIMAL,28.000000,9.7071,30.1683
2026-09-05T00:12:57.420664+00:00,0,98,dynamic+reassign,sketch,p50,10,1.0,38,704,65,102,31,2584,0,0,61,0,0.9019,769.148,OPTIMAL,4025.000000,8.6524,27.6574
2026-09-05T00:12:59.932089+00:00,0,98,p50-1.2xalloc,sketch,p50bump,10,1.0,38,791,61,100,20,2496,0,6,14,3,0.9862,2434.720,OPTIMAL,3916.000000,3.0993,4.9085
2026-09-05T00:13:06.928880+00:00,0,98,avg-p50p75-1.2xalloc,sketch,avgp50p75bump,10,1.0,38,867,65,91,23,2432,0,4,6,1,0.9891,6929.979,OPTIMAL,4021.000000,5.3824,3.6230
2026-09-05T00:13:07.722771+00:00,0,98,window-avg,sketch,window,10,1.0,38,718,67,105,23,2569,0,0,51,0,0.9191,711.388,OPTIMAL,4027.000000,10.6039,27.6778
2026-09-05T00:13:08.749854+00:00,0,98,p90,sketch,p90,10,1.0,38,834,64,97,21,2458,0,0,35,0,0.9484,956.185,OPTIMAL,4024.000000,11.3872,18.0471
2026-09-05T00:13:09.502218+00:00,0,98,avg-epoch,sketch,avg,10,1.0,38,691,66,103,28,2597,0,0,61,0,0.9000,678.316,OPTIMAL,4026.000000,8.8306,29.7092
2026-09-05T00:13:13.426191+00:00,0,99,static,static,request,0,0.0,38,1184,23,87,27,2155,0,0,8,0,0.9919,120.514,OPTIMAL,23.000000,41.2413,78.8730
2026-09-05T00:13:13.748207+00:00,0,99,reassign,static,request,10,1.0,38,1159,41,92,13,2171,0,0,12,2,0.9920,310.224,OPTIMAL,2219.000000,44.0570,91.8225
2026-09-05T00:13:14.025468+00:00,0,99,dynamic,sketch,p50,0,0.0,38,727,26,106,20,2596,0,0,56,1,0.8999,174.683,OPTIMAL,26.000000,8.5672,29.0601
2026-09-05T00:13:15.099109+00:00,0,99,dynamic+reassign,sketch,p50,10,1.0,38,717,65,112,15,2599,0,1,59,1,0.9018,976.614,OPTIMAL,4024.000000,9.4476,29.0601
2026-09-05T00:13:16.063124+00:00,0,99,p50-1.2xalloc,sketch,p50bump,10,1.0,38,807,61,93,28,2524,0,2,13,2,0.9861,879.637,OPTIMAL,4019.000000,2.7313,7.3985
2026-09-05T00:13:17.319365+00:00,0,99,avg-p50p75-1.2xalloc,sketch,avgp50p75bump,10,1.0,38,880,63,92,22,2454,0,3,9,2,0.9891,1174.508,OPTIMAL,4020.000000,6.4375,20.2519
2026-09-05T00:13:18.199390+00:00,0,99,window-avg,sketch,window,10,1.0,38,729,64,106,23,2592,0,1,52,1,0.9190,787.753,OPTIMAL,4023.000000,9.0064,22.7807
2026-09-05T00:13:19.334507+00:00,0,99,p90,sketch,p90,10,1.0,38,848,65,92,30,2488,0,1,36,0,0.9484,1057.147,OPTIMAL,4024.000000,10.5261,14.5154
2026-09-05T00:13:20.696102+00:00,0,99,avg-epoch,sketch,avg,10,1.0,38,703,67,114,16,2613,0,1,59,1,0.8999,1265.133,OPTIMAL,4026.000000,9.1298,26.7049
2026-09-05T00:13:24.826081+00:00,0,100,static,static,request,0,0.0,44,1205,19,92,14,2169,0,0,8,0,0.9919,146.218,OPTIMAL,19.000000,46.5089,89.0231
2026-09-05T00:13:25.285433+00:00,0,100,reassign,static,request,10,1.0,44,1184,52,87,24,2195,0,0,9,1,0.9919,446.446,OPTIMAL,3319.000000,48.3521,89.7177
2026-09-05T00:13:25.550015+00:00,0,100,dynamic,sketch,p50,0,0.0,44,745,25,110,21,2617,0,0,59,1,0.8999,156.272,OPTIMAL,25.000000,8.1856,25.8944
2026-09-05T00:13:26.673951+00:00,0,100,dynamic+reassign,sketch,p50,10,1.0,44,736,68,106,34,2633,0,0,62,0,0.9018,1034.630,OPTIMAL,4028.000000,6.8767,22.2411
2026-09-05T00:13:27.838097+00:00,0,100,p50-1.2xalloc,sketch,p50bump,10,1.0,44,830,63,93,23,2547,0,2,7,2,0.9862,1082.958,OPTIMAL,4021.000000,1.6509,1.3992
2026-09-05T00:13:28.735600+00:00,0,100,avg-p50p75-1.2xalloc,sketch,avgp50p75bump,10,1.0,44,901,63,91,24,2478,0,5,16,4,0.9891,816.434,OPTIMAL,4018.000000,5.5241,13.1598
2026-09-05T00:13:29.538433+00:00,0,100,window-avg,sketch,window,10,1.0,44,749,62,108,20,2612,0,0,55,1,0.9189,706.203,OPTIMAL,4022.000000,11.5705,31.6115
2026-09-05T00:13:30.440319+00:00,0,100,p90,sketch,p90,10,1.0,44,867,61,97,18,2506,0,1,31,1,0.9485,818.422,OPTIMAL,3822.000000,10.4549,14.1231
2026-09-05T00:13:33.061750+00:00,0,100,avg-epoch,sketch,avg,10,1.0,44,720,69,105,38,2651,0,0,61,1,0.8999,2532.998,OPTIMAL,4029.000000,5.8735,17.8541
2026-09-05T00:13:37.118842+00:00,0,101,static,static,request,0,0.0,16,1202,24,90,26,2195,0,0,8,0,0.9919,251.899,OPTIMAL,24.000000,42.2114,90.6192
2026-09-05T00:13:38.624671+00:00,0,101,reassign,static,request,10,1.0,16,1181,56,90,20,2215,0,0,10,1,0.9919,1493.915,OPTIMAL,3323.000000,42.4370,94.4796
2026-09-05T00:13:39.223299+00:00,0,101,dynamic,sketch,p50,0,0.0,16,736,29,106,33,2650,0,0,60,1,0.8998,508.069,OPTIMAL,29.000000,9.3967,28.4219
2026-09-05T00:13:40.590491+00:00,0,101,dynamic+reassign,sketch,p50,10,1.0,16,724,66,106,26,2659,0,0,53,1,0.9019,1287.208,OPTIMAL,4026.000000,8.4981,26.8405
2026-09-05T00:13:42.373482+00:00,0,101,p50-1.2xalloc,sketch,p50bump,10,1.0,16,823,69,96,26,2573,0,5,18,5,0.9861,1714.930,OPTIMAL,4024.000000,3.8330,22.8179
2026-09-05T00:13:45.851644+00:00,0,101,avg-p50p75-1.2xalloc,sketch,avgp50p75bump,10,1.0,16,894,64,90,25,2503,0,8,14,3,0.9891,3409.416,OPTIMAL,4016.000000,6.4680,18.9744
2026-09-05T00:13:49.944826+00:00,0,101,window-avg,sketch,window,10,1.0,16,743,70,102,36,2648,0,0,55,1,0.9189,4019.940,OPTIMAL,4030.000000,9.1657,23.5700
2026-09-05T00:13:51.890926+00:00,0,101,p90,sketch,p90,10,1.0,16,860,65,91,31,2537,0,0,32,1,0.9485,1879.142,OPTIMAL,4025.000000,12.9997,19.4911
2026-09-05T00:13:53.832739+00:00,0,101,avg-epoch,sketch,avg,10,1.0,16,707,69,110,24,2675,0,1,52,2,0.9000,1864.555,OPTIMAL,4028.000000,7.7613,26.6158
2026-09-05T00:13:57.969692+00:00,0,102,static,static,request,0,0.0,36,1214,22,93,19,2214,0,0,8,1,0.9919,237.696,OPTIMAL,22.000000,39.8145,72.5118
2026-09-05T00:13:58.342970+00:00,0,102,reassign,static,request,10,1.0,36,1194,54,95,17,2232,0,0,6,1,0.9919,360.920,OPTIMAL,3222.000000,44.5005,83.0953
2026-09-05T00:13:58.600319+00:00,0,102,dynamic,sketch,p50,0,0.0,36,743,27,107,26,2676,0,0,61,0,0.8997,153.152,OPTIMAL,27.000000,10.1401,28.1683
2026-09-05T00:13:59.526191+00:00,0,102,dynamic+reassign,sketch,p50,10,1.0,36,734,65,108,23,2682,0,0,62,1,0.9017,831.287,OPTIMAL,4025.000000,10.0771,28.1683
2026-09-05T00:14:00.940835+00:00,0,102,p50-1.2xalloc,sketch,p50bump,10,1.0,36,830,59,97,23,2596,0,5,21,5,0.9860,1329.078,OPTIMAL,3519.000000,4.3947,18.7691
2026-09-05T00:14:03.619378+00:00,0,102,avg-p50p75-1.2xalloc,sketch,avgp50p75bump,10,1.0,36,906,61,90,21,2524,0,3,4,0,0.9892,2596.693,OPTIMAL,4018.000000,5.9864,21.3269
2026-09-05T00:14:05.553063+00:00,0,102,window-avg,sketch,window,10,1.0,36,749,67,103,26,2674,0,2,53,2,0.9188,1857.427,OPTIMAL,4025.000000,9.9014,24.9573
2026-09-05T00:14:06.065690+00:00,0,102,p90,sketch,p90,10,1.0,36,871,66,98,19,2556,0,0,30,0,0.9485,441.944,OPTIMAL,4026.000000,13.1484,18.0960
2026-09-05T00:14:07.899429+00:00,0,102,avg-epoch,sketch,avg,10,1.0,36,714,66,111,25,2700,0,1,65,0,0.8999,1751.976,OPTIMAL,4025.000000,10.2948,25.9248
2026-09-05T00:14:11.885045+00:00,0,103,static,static,request,0,0.0,39,1231,17,96,14,2228,0,0,5,0,0.9920,154.782,OPTIMAL,17.000000,47.8526,92.2050
2026-09-05T00:14:12.597977+00:00,0,103,reassign,static,request,10,1.0,39,1211,55,92,25,2257,0,0,5,0,0.9920,699.934,OPTIMAL,3322.000000,46.7374,84.1778
2026-09-05T00:14:12.936465+00:00,0,103,dynamic,sketch,p50,0,0.0,39,755,27,106,28,2704,0,0,52,1,0.9000,235.794,OPTIMAL,27.000000,6.1182,20.4677
2026-09-05T00:14:15.219447+00:00,0,103,dynamic+reassign,sketch,p50,10,1.0,39,748,68,101,35,2717,0,0,58,2,0.9017,2197.709,OPTIMAL,4028.000000,7.1194,24.5999
2026-09-05T00:14:15.742661+00:00,0,103,p50-1.2xalloc,sketch,p50bump,10,1.0,39,845,48,103,12,2608,0,8,16,5,0.9859,437.935,OPTIMAL,3010.000000,3.5961,11.4644
2026-09-05T00:14:16.483305+00:00,0,103,avg-p50p75-1.2xalloc,sketch,avgp50p75bump,10,1.0,39,924,61,90,21,2545,0,3,25,7,0.9891,670.652,OPTIMAL,4018.000000,4.8097,3.7638
2026-09-05T00:14:17.538965+00:00,0,103,window-avg,sketch,window,10,1.0,39,761,66,102,27,2701,0,1,43,2,0.9189,978.947,OPTIMAL,4025.000000,9.1663,25.0534
2026-09-05T00:14:18.423758+00:00,0,103,p90,sketch,p90,10,1.0,39,884,66,100,24,2580,0,2,39,1,0.9484,811.950,OPTIMAL,4024.000000,12.2468,14.8566
2026-09-05T00:14:19.149901+00:00,0,103,avg-epoch,sketch,avg,10,1.0,39,727,64,111,24,2724,0,3,61,2,0.8999,641.795,OPTIMAL,4021.000000,8.3847,25.4170
2026-09-05T00:14:23.351629+00:00,0,104,static,static,request,0,0.0,34,1248,23,87,32,2260,0,0,6,0,0.9920,291.739,OPTIMAL,23.000000,41.0476,86.2465
2026-09-05T00:14:23.829110+00:00,0,104,reassign,static,request,10,1.0,34,1223,48,92,19,2276,0,0,8,0,0.9919,464.870,OPTIMAL,2919.000000,41.7808,85.4618
2026-09-05T00:14:24.047915+00:00,0,104,dynamic,sketch,p50,0,0.0,34,762,24,111,19,2723,0,0,46,1,0.9001,108.196,OPTIMAL,24.000000,8.6695,29.7794
2026-09-05T00:14:24.774740+00:00,0,104,dynamic+reassign,sketch,p50,10,1.0,34,754,66,108,19,2736,0,0,45,0,0.9018,636.073,OPTIMAL,4026.000000,7.8452,22.7255
2026-09-05T00:14:47.126717+00:00,0,104,p50-1.2xalloc,sketch,p50bump,10,1.0,34,861,73,95,41,2649,0,3,8,3,0.9860,22286.295,OPTIMAL,4030.000000,2.3619,1.4036
2026-09-05T00:14:48.777518+00:00,0,104,avg-p50p75-1.2xalloc,sketch,avgp50p75bump,10,1.0,34,937,63,88,25,2570,0,2,10,4,0.9891,1578.124,OPTIMAL,4021.000000,4.7153,3.5244
2026-09-05T00:14:49.695154+00:00,0,104,window-avg,sketch,window,10,1.0,34,769,69,108,23,2724,0,1,44,1,0.9190,839.970,OPTIMAL,4028.000000,9.8089,22.8955
2026-09-05T00:14:50.230646+00:00,0,104,p90,sketch,p90,10,1.0,34,892,62,105,17,2597,0,1,37,0,0.9484,456.694,OPTIMAL,4021.000000,11.3492,18.2135
2026-09-05T00:14:51.100574+00:00,0,104,avg-epoch,sketch,avg,10,1.0,34,737,68,116,23,2747,0,1,56,2,0.8999,783.749,OPTIMAL,4027.000000,8.6240,25.6620
2026-09-05T00:14:55.148025+00:00,0,105,static,static,request,0,0.0,44,1269,22,90,19,2279,0,0,9,0,0.9920,146.590,OPTIMAL,22.000000,42.5616,98.7037
2026-09-05T00:14:55.924006+00:00,0,105,reassign,static,request,10,1.0,44,1248,57,85,28,2304,0,0,15,1,0.9919,763.395,OPTIMAL,3621.000000,40.8845,79.1618
2026-09-05T00:14:56.321425+00:00,0,105,dynamic,sketch,p50,0,0.0,44,782,24,113,22,2745,0,0,70,2,0.8998,286.274,OPTIMAL,24.000000,9.3321,24.4050
2026-09-05T00:14:58.169667+00:00,0,105,dynamic+reassign,sketch,p50,10,1.0,44,772,68,114,22,2758,0,0,59,0,0.9018,1751.272,OPTIMAL,4028.000000,9.2914,27.4303
2026-09-05T00:15:04.261466+00:00,0,105,p50-1.2xalloc,sketch,p50bump,10,1.0,44,872,66,101,20,2669,0,4,19,3,0.9860,6012.954,OPTIMAL,4022.000000,2.7757,7.4692
2026-09-05T00:15:05.510461+00:00,0,105,avg-p50p75-1.2xalloc,sketch,avgp50p75bump,10,1.0,44,958,64,88,24,2594,0,1,3,1,0.9892,1181.042,OPTIMAL,4023.000000,5.2702,3.8278
2026-09-05T00:15:06.209639+00:00,0,105,window-avg,sketch,window,10,1.0,44,784,66,115,19,2743,0,0,60,3,0.9190,612.482,OPTIMAL,4026.000000,9.1528,22.7089
2026-09-05T00:15:07.571128+00:00,0,105,p90,sketch,p90,10,1.0,44,914,66,103,28,2625,0,2,45,1,0.9483,1285.801,OPTIMAL,4024.000000,11.4799,16.4383
2026-09-05T00:15:08.412597+00:00,0,105,avg-epoch,sketch,avg,10,1.0,44,753,67,114,29,2776,0,0,61,1,0.8998,758.038,OPTIMAL,4027.000000,8.4618,24.7744
2026-09-05T00:15:12.381147+00:00,0,106,static,static,request,0,0.0,38,1285,22,86,26,2305,0,0,11,1,0.9920,127.384,OPTIMAL,22.000000,46.7765,88.2032
2026-09-05T00:15:12.636239+00:00,0,106,reassign,static,request,10,1.0,38,1265,52,88,18,2322,0,0,10,1,0.9919,243.367,OPTIMAL,3121.000000,39.9356,69.2916
2026-09-05T00:15:13.009519+00:00,0,106,dynamic,sketch,p50,0,0.0,38,796,28,112,29,2774,0,0,73,0,0.8997,266.646,OPTIMAL,28.000000,10.4773,26.1105
2026-09-05T00:15:13.631614+00:00,0,106,dynamic+reassign,sketch,p50,10,1.0,38,782,63,113,24,2782,0,1,72,0,0.9015,520.480,OPTIMAL,4022.000000,10.9091,28.6559
2026-09-05T00:15:14.932998+00:00,0,106,p50-1.2xalloc,sketch,p50bump,10,1.0,38,884,66,103,24,2693,0,3,15,3,0.9860,1211.395,OPTIMAL,4023.000000,3.0088,1.7432
2026-09-05T00:15:15.699441+00:00,0,106,avg-p50p75-1.2xalloc,sketch,avgp50p75bump,10,1.0,38,972,62,91,19,2613,0,4,17,4,0.9892,685.465,OPTIMAL,4018.000000,8.5535,30.0207
2026-09-05T00:15:16.440799+00:00,0,106,window-avg,sketch,window,10,1.0,38,796,68,114,29,2772,0,0,66,1,0.9190,644.096,OPTIMAL,4028.000000,10.3092,21.8179
2026-09-05T00:15:17.413780+00:00,0,106,p90,sketch,p90,10,1.0,38,926,66,100,29,2654,0,0,34,0,0.9484,888.961,OPTIMAL,4026.000000,11.5658,14.4198
2026-09-05T00:15:18.404556+00:00,0,106,avg-epoch,sketch,avg,10,1.0,38,764,63,114,23,2799,0,0,67,0,0.8997,889.884,OPTIMAL,4023.000000,10.4370,30.5350
2026-09-05T00:15:22.434670+00:00,0,107,static,static,request,0,0.0,28,1291,20,92,14,2319,0,0,8,1,0.9920,109.080,OPTIMAL,20.000000,47.4899,91.0314
2026-09-05T00:15:22.862812+00:00,0,107,reassign,static,request,10,1.0,28,1272,62,87,23,2345,0,0,6,0,0.9919,416.028,OPTIMAL,4022.000000,41.7573,89.7273
2026-09-05T00:15:23.198729+00:00,0,107,dynamic,sketch,p50,0,0.0,28,796,25,113,24,2798,0,0,64,1,0.8995,223.175,OPTIMAL,25.000000,10.2506,27.1017
2026-09-05T00:15:24.289277+00:00,0,107,dynamic+reassign,sketch,p50,10,1.0,28,787,66,110,29,2811,0,1,65,1,0.9013,993.249,OPTIMAL,4025.000000,10.8448,27.1728
2026-09-05T00:15:25.380796+00:00,0,107,p50-1.2xalloc,sketch,p50bump,10,1.0,28,886,66,99,30,2723,0,3,9,3,0.9861,1006.799,OPTIMAL,4023.000000,3.1060,1.6900
2026-09-05T00:15:27.313063+00:00,0,107,avg-p50p75-1.2xalloc,sketch,avgp50p75bump,10,1.0,28,978,68,94,25,2638,0,2,8,1,0.9892,1854.102,OPTIMAL,4026.000000,3.7950,3.6311
2026-09-05T00:15:28.152513+00:00,0,107,window-avg,sketch,window,10,1.0,28,796,66,113,27,2799,0,1,61,1,0.9188,750.305,OPTIMAL,4025.000000,10.6142,25.0384
2026-09-05T00:15:28.978714+00:00,0,107,p90,sketch,p90,10,1.0,28,928,65,101,24,2678,0,1,33,1,0.9484,752.096,OPTIMAL,4024.000000,11.2570,14.2420
2026-09-05T00:15:29.911593+00:00,0,107,avg-epoch,sketch,avg,10,1.0,28,769,68,110,32,2831,0,1,69,1,0.8994,851.846,OPTIMAL,4027.000000,11.3173,27.1867
2026-09-05T00:15:33.920131+00:00,0,108,static,static,request,0,0.0,28,1299,21,91,22,2341,0,0,4,0,0.9921,161.547,OPTIMAL,21.000000,37.9047,71.7108
2026-09-05T00:15:34.385607+00:00,0,108,reassign,static,request,10,1.0,28,1278,53,88,20,2365,0,0,6,0,0.9919,453.475,OPTIMAL,3221.000000,39.8289,75.5294
2026-09-05T00:15:34.608666+00:00,0,108,dynamic,sketch,p50,0,0.0,28,799,26,110,29,2827,0,0,67,0,0.8994,115.716,OPTIMAL,26.000000,9.1489,25.8972
2026-09-05T00:15:50.187918+00:00,0,108,dynamic+reassign,sketch,p50,10,1.0,28,789,68,113,25,2836,0,1,66,1,0.9011,15483.730,OPTIMAL,4027.000000,9.8664,26.4716
2026-09-05T00:15:51.176118+00:00,0,108,p50-1.2xalloc,sketch,p50bump,10,1.0,28,888,64,107,16,2739,0,2,10,2,0.9861,902.405,OPTIMAL,4022.000000,1.8815,1.4707
2026-09-05T00:15:59.910889+00:00,0,108,avg-p50p75-1.2xalloc,sketch,avgp50p75bump,10,1.0,28,978,65,96,23,2661,0,6,16,3,0.9892,8661.429,OPTIMAL,4019.000000,6.5779,21.8559
2026-09-05T00:16:01.784888+00:00,0,108,window-avg,sketch,window,10,1.0,28,798,66,114,25,2824,0,2,66,2,0.9186,1787.757,OPTIMAL,4024.000000,10.7336,24.5255
2026-09-05T00:16:03.705195+00:00,0,108,p90,sketch,p90,10,1.0,28,931,67,96,32,2710,0,0,42,0,0.9484,1851.452,OPTIMAL,4027.000000,10.9972,15.8244
2026-09-05T00:16:04.260191+00:00,0,108,avg-epoch,sketch,avg,10,1.0,28,769,67,119,18,2849,0,0,66,1,0.8993,469.405,OPTIMAL,4027.000000,10.5316,28.7766
2026-09-05T00:16:08.320600+00:00,0,109,static,static,request,0,0.0,31,1309,17,86,22,2363,0,0,11,1,0.9920,139.698,OPTIMAL,17.000000,39.6728,78.2919
2026-09-05T00:16:09.054053+00:00,0,109,reassign,static,request,10,1.0,31,1288,57,81,29,2394,0,0,7,0,0.9919,721.339,OPTIMAL,3522.000000,41.9573,84.9528
2026-09-05T00:16:10.324675+00:00,0,109,dynamic,sketch,p50,0,0.0,31,804,27,115,22,2849,0,0,66,2,0.8993,1156.638,OPTIMAL,27.000000,10.6717,31.5334
2026-09-05T00:16:11.649996+00:00,0,109,dynamic+reassign,sketch,p50,10,1.0,31,792,67,121,19,2855,0,0,67,1,0.9010,1220.027,OPTIMAL,4027.000000,10.2779,26.6524
2026-09-05T00:16:12.501015+00:00,0,109,p50-1.2xalloc,sketch,p50bump,10,1.0,31,895,66,106,27,2766,0,3,16,3,0.9862,758.921,OPTIMAL,4023.000000,3.6478,17.2462
2026-09-05T00:16:14.616639+00:00,0,109,avg-p50p75-1.2xalloc,sketch,avgp50p75bump,10,1.0,31,984,66,95,27,2688,0,3,5,1,0.9892,2033.303,OPTIMAL,4023.000000,5.7235,19.4025
2026-09-05T00:16:16.400225+00:00,0,109,window-avg,sketch,window,10,1.0,31,803,66,119,21,2845,0,1,62,1,0.9186,1688.614,OPTIMAL,4025.000000,10.0977,26.8089
2026-09-05T00:16:16.940106+00:00,0,109,p90,sketch,p90,10,1.0,31,935,65,103,18,2728,0,1,27,0,0.9485,465.343,OPTIMAL,4024.000000,11.4338,14.9166
2026-09-05T00:16:18.622617+00:00,0,109,avg-epoch,sketch,avg,10,1.0,31,773,68,117,30,2879,0,0,76,1,0.8992,1596.563,OPTIMAL,4028.000000,10.5110,27.2561
2026-09-05T00:16:22.724563+00:00,0,110,static,static,request,0,0.0,39,1331,23,80,29,2392,0,0,13,1,0.9919,205.619,OPTIMAL,23.000000,39.5013,76.5511
2026-09-05T00:16:23.096833+00:00,0,110,reassign,static,request,10,1.0,39,1305,41,79,18,2412,0,0,11,1,0.9919,361.051,OPTIMAL,2516.000000,46.3239,94.9985
2026-09-05T00:16:23.436441+00:00,0,110,dynamic,sketch,p50,0,0.0,39,816,28,116,27,2876,0,0,69,2,0.8992,228.293,OPTIMAL,28.000000,8.5700,25.3247
2026-09-05T00:16:24.391704+00:00,0,110,dynamic+reassign,sketch,p50,10,1.0,39,804,68,120,29,2884,0,0,71,1,0.9009,849.115,OPTIMAL,4028.000000,8.9800,23.6629
2026-09-05T00:16:25.600086+00:00,0,110,p50-1.2xalloc,sketch,p50bump,10,1.0,39,908,60,103,23,2789,0,7,17,3,0.9862,1117.943,OPTIMAL,4013.000000,3.9542,14.9463
2026-09-05T00:16:27.560561+00:00,0,110,avg-p50p75-1.2xalloc,sketch,avgp50p75bump,10,1.0,39,997,62,93,24,2712,0,3,13,4,0.9893,1877.247,OPTIMAL,4019.000000,5.8773,24.0358
2026-09-05T00:16:28.047114+00:00,0,110,window-avg,sketch,window,10,1.0,39,816,64,114,29,2874,0,2,60,0,0.9186,395.539,OPTIMAL,4022.000000,9.1533,23.9160
2026-09-05T00:16:28.815614+00:00,0,110,p90,sketch,p90,10,1.0,39,949,64,108,19,2747,0,2,39,1,0.9485,688.359,OPTIMAL,4022.000000,11.9897,20.1322
2026-09-05T00:16:30.076914+00:00,0,110,avg-epoch,sketch,avg,10,1.0,39,784,68,115,30,2909,0,2,64,2,0.8991,1176.728,OPTIMAL,4026.000000,8.6387,23.5775
2026-09-05T00:16:34.092859+00:00,0,111,static,static,request,0,0.0,30,1338,19,78,21,2413,0,0,9,1,0.9919,116.799,OPTIMAL,19.000000,43.9777,82.1861
2026-09-05T00:16:35.736546+00:00,0,111,reassign,static,request,10,1.0,30,1319,62,80,21,2433,0,0,7,1,0.9919,1632.680,OPTIMAL,4022.000000,43.9222,82.1861
2026-09-05T00:16:35.954643+00:00,0,111,dynamic,sketch,p50,0,0.0,30,818,29,116,29,2905,0,0,63,2,0.8991,114.926,OPTIMAL,29.000000,8.6615,28.5918
2026-09-05T00:16:36.855747+00:00,0,111,dynamic+reassign,sketch,p50,10,1.0,30,806,61,112,29,2913,0,1,66,2,0.9008,806.264,OPTIMAL,4020.000000,7.9194,26.1004
2026-09-05T00:16:37.964109+00:00,0,111,p50-1.2xalloc,sketch,p50bump,10,1.0,30,918,61,99,25,2814,0,2,12,2,0.9861,1018.989,OPTIMAL,4019.000000,2.2618,1.3441
2026-09-05T00:16:38.764919+00:00,0,111,avg-p50p75-1.2xalloc,sketch,avgp50p75bump,10,1.0,30,1005,64,100,17,2729,0,6,4,2,0.9893,710.884,OPTIMAL,4018.000000,4.7767,3.4671
2026-09-05T00:16:39.623399+00:00,0,111,window-avg,sketch,window,10,1.0,30,822,65,107,32,2906,0,1,61,1,0.9185,764.780,OPTIMAL,4024.000000,9.4270,22.0811
2026-09-05T00:16:40.540008+00:00,0,111,p90,sketch,p90,10,1.0,30,955,65,105,28,2775,0,1,47,1,0.9484,825.810,OPTIMAL,4024.000000,11.4306,19.0172
2026-09-05T00:16:41.499336+00:00,0,111,avg-epoch,sketch,avg,10,1.0,30,786,63,115,23,2932,0,2,63,2,0.8991,856.035,OPTIMAL,4021.000000,8.5593,26.2690
2026-09-05T00:16:45.889471+00:00,0,112,static,static,request,0,0.0,29,1348,23,81,20,2433,0,0,11,0,0.9919,384.015,OPTIMAL,23.000000,47.7860,100.0489
2026-09-05T00:16:46.630801+00:00,0,112,reassign,static,request,10,1.0,29,1326,50,81,19,2452,0,0,12,0,0.9919,730.179,OPTIMAL,3020.000000,40.2149,94.9713
2026-09-05T00:16:46.955707+00:00,0,112,dynamic,sketch,p50,0,0.0,29,818,25,115,26,2931,0,0,62,1,0.8990,208.296,OPTIMAL,25.000000,9.5741,28.9012
2026-09-05T00:16:48.085102+00:00,0,112,dynamic+reassign,sketch,p50,10,1.0,29,814,65,111,26,2939,0,0,63,1,0.9007,1030.471,OPTIMAL,4025.000000,10.7062,30.5350
2026-09-05T00:16:50.031519+00:00,0,112,p50-1.2xalloc,sketch,p50bump,10,1.0,29,926,66,97,28,2842,0,4,5,1,0.9862,1873.104,OPTIMAL,4022.000000,2.6381,5.5590
2026-09-05T00:16:51.816918+00:00,0,112,avg-p50p75-1.2xalloc,sketch,avgp50p75bump,10,1.0,29,1010,64,103,21,2750,0,4,13,3,0.9893,1705.795,OPTIMAL,4020.000000,5.3389,7.5623
2026-09-05T00:16:54.289492+00:00,0,112,window-avg,sketch,window,10,1.0,29,826,65,108,24,2930,0,3,57,1,0.9184,2390.637,OPTIMAL,4022.000000,10.5302,25.7831
2026-09-05T00:16:54.929657+00:00,0,112,p90,sketch,p90,10,1.0,29,959,61,104,22,2797,0,0,38,1,0.9484,558.853,OPTIMAL,4021.000000,11.3141,15.2517
2026-09-05T00:16:58.400553+00:00,0,112,avg-epoch,sketch,avg,10,1.0,29,792,68,108,35,2967,0,1,66,1,0.8990,3391.876,OPTIMAL,4027.000000,9.7993,27.4593
2026-09-05T00:17:02.417178+00:00,0,113,static,static,request,0,0.0,35,1360,18,81,18,2451,0,0,5,0,0.9919,205.673,OPTIMAL,18.000000,41.7389,78.7284
2026-09-05T00:17:02.792846+00:00,0,113,reassign,static,request,10,1.0,35,1341,55,79,22,2474,0,0,5,0,0.9919,364.348,OPTIMAL,3520.000000,40.8255,77.6583
2026-09-05T00:17:03.165439+00:00,0,113,dynamic,sketch,p50,0,0.0,35,828,27,109,33,2964,0,0,68,2,0.8991,264.207,OPTIMAL,27.000000,7.5855,20.0515
2026-09-05T00:17:05.085704+00:00,0,113,dynamic+reassign,sketch,p50,10,1.0,35,824,66,101,36,2975,0,0,68,2,0.9007,1831.997,OPTIMAL,4026.000000,7.7084,21.8793
2026-09-05T00:17:06.289658+00:00,0,113,p50-1.2xalloc,sketch,p50bump,10,1.0,35,935,68,103,22,2864,0,3,9,2,0.9862,1126.351,OPTIMAL,4025.000000,2.1806,1.4589
2026-09-05T00:17:08.108651+00:00,0,113,avg-p50p75-1.2xalloc,sketch,avgp50p75bump,10,1.0,35,1021,64,99,28,2778,0,4,7,1,0.9894,1742.049,OPTIMAL,4020.000000,4.9008,3.5767
2026-09-05T00:17:08.841956+00:00,0,113,window-avg,sketch,window,10,1.0,35,836,68,105,31,2961,0,1,57,3,0.9185,656.826,OPTIMAL,4027.000000,8.5646,19.3580
2026-09-05T00:17:10.118658+00:00,0,113,p90,sketch,p90,10,1.0,35,973,67,103,28,2825,0,0,41,1,0.9484,1202.378,OPTIMAL,4027.000000,11.4063,14.6732
2026-09-05T00:17:10.867872+00:00,0,113,avg-epoch,sketch,avg,10,1.0,35,799,71,107,32,2999,0,0,70,1,0.8991,674.475,OPTIMAL,4031.000000,8.7236,24.8782
2026-09-05T00:17:14.764783+00:00,0,114,static,static,request,0,0.0,41,1383,21,79,23,2474,0,0,12,1,0.9919,126.844,OPTIMAL,21.000000,44.1499,90.5685
2026-09-05T00:17:16.160866+00:00,0,114,reassign,static,request,10,1.0,41,1362,58,80,21,2495,0,0,10,0,0.9919,1386.863,OPTIMAL,3622.000000,39.6508,71.9663
2026-09-05T00:17:16.348867+00:00,0,114,dynamic,sketch,p50,0,0.0,41,842,28,110,27,2991,0,0,65,0,0.8991,95.542,OPTIMAL,28.000000,8.4323,21.7212
2026-09-05T00:17:17.155039+00:00,0,114,dynamic+reassign,sketch,p50,10,1.0,41,839,69,99,31,3006,0,0,60,1,0.9007,735.303,OPTIMAL,4029.000000,7.5560,21.5717
2026-09-05T00:17:19.124359+00:00,0,114,p50-1.2xalloc,sketch,p50bump,10,1.0,41,948,70,106,27,2891,0,4,8,2,0.9863,1893.038,OPTIMAL,4026.000000,2.8456,1.6518
2026-09-05T00:17:20.247527+00:00,0,114,avg-p50p75-1.2xalloc,sketch,avgp50p75bump,10,1.0,41,1038,61,100,20,2798,0,5,12,1,0.9894,1043.028,OPTIMAL,4016.000000,5.2673,15.9391
2026-09-05T00:17:20.947947+00:00,0,114,window-avg,sketch,window,10,1.0,41,849,68,105,28,2989,0,0,57,0,0.9185,620.333,OPTIMAL,4028.000000,8.8311,22.3027
2026-09-05T00:17:22.799862+00:00,0,114,p90,sketch,p90,10,1.0,41,987,67,110,20,2845,0,0,30,0,0.9485,1772.467,OPTIMAL,4027.000000,12.5112,16.2622
2026-09-05T00:17:32.056069+00:00,0,114,avg-epoch,sketch,avg,10,1.0,41,809,69,115,21,3020,0,1,59,0,0.8991,9174.259,OPTIMAL,4028.000000,8.0767,22.8176
2026-09-05T00:17:36.329730+00:00,0,115,static,static,request,0,0.0,39,1401,25,83,21,2495,0,0,7,0,0.9919,417.144,OPTIMAL,25.000000,44.9206,94.0392
2026-09-05T00:17:36.697451+00:00,0,115,reassign,static,request,10,1.0,39,1379,44,83,16,2511,0,0,8,0,0.9919,356.540,OPTIMAL,2519.000000,44.2639,83.5020
2026-09-05T00:17:36.983342+00:00,0,115,dynamic,sketch,p50,0,0.0,39,853,28,109,29,3020,0,0,52,1,0.8992,180.864,OPTIMAL,28.000000,6.2923,21.6170
2026-09-05T00:17:40.044884+00:00,0,115,dynamic+reassign,sketch,p50,10,1.0,39,849,74,108,25,3031,0,1,47,1,0.9008,2974.944,OPTIMAL,4033.000000,6.4164,21.3959
2026-09-05T00:17:44.167188+00:00,0,115,p50-1.2xalloc,sketch,p50bump,10,1.0,39,957,68,109,25,2916,0,6,6,2,0.9862,4041.756,OPTIMAL,4022.000000,1.9017,1.2642
2026-09-05T00:17:46.805343+00:00,0,115,avg-p50p75-1.2xalloc,sketch,avgp50p75bump,10,1.0,39,1056,64,97,27,2825,0,2,11,1,0.9895,2562.438,OPTIMAL,4022.000000,6.6971,18.2967
2026-09-05T00:17:48.507742+00:00,0,115,window-avg,sketch,window,10,1.0,39,860,69,104,30,3019,0,1,46,2,0.9186,1627.156,OPTIMAL,4028.000000,9.3411,23.0949
2026-09-05T00:17:49.370094+00:00,0,115,p90,sketch,p90,10,1.0,39,999,67,112,25,2870,0,0,43,0,0.9485,779.932,OPTIMAL,4027.000000,10.8881,15.1151
2026-09-05T00:17:50.460721+00:00,0,115,avg-epoch,sketch,avg,10,1.0,39,819,67,121,21,3041,0,0,60,1,0.8993,1001.905,OPTIMAL,4027.000000,7.3485,22.4504
2026-09-05T00:17:54.743107+00:00,0,116,static,static,request,0,0.0,34,1410,21,86,18,2513,0,0,7,0,0.9920,385.973,OPTIMAL,21.000000,42.0088,81.8602
2026-09-05T00:17:56.293503+00:00,0,116,reassign,static,request,10,1.0,34,1394,62,78,27,2538,0,0,16,2,0.9918,1538.870,OPTIMAL,4022.000000,40.9869,85.4460
2026-09-05T00:17:56.839798+00:00,0,116,dynamic,sketch,p50,0,0.0,34,859,29,116,22,3042,0,0,66,2,0.8990,444.349,OPTIMAL,29.000000,9.7685,28.2607
2026-09-05T00:17:57.809554+00:00,0,116,dynamic+reassign,sketch,p50,10,1.0,34,849,63,118,13,3044,0,2,62,1,0.9008,878.130,OPTIMAL,4021.000000,9.0707,27.5697
2026-09-05T00:17:58.519568+00:00,0,116,p50-1.2xalloc,sketch,p50bump,10,1.0,34,963,55,108,19,2935,0,5,22,7,0.9862,624.653,OPTIMAL,3713.000000,4.1758,19.7357
2026-09-05T00:17:59.647251+00:00,0,116,avg-p50p75-1.2xalloc,sketch,avgp50p75bump,10,1.0,34,1066,65,99,23,2848,0,5,19,4,0.9894,1052.477,OPTIMAL,4020.000000,5.8160,15.7421
2026-09-05T00:18:01.413320+00:00,0,116,window-avg,sketch,window,10,1.0,34,865,68,116,16,3035,0,1,55,2,0.9185,1681.963,OPTIMAL,4027.000000,9.9123,23.3925
2026-09-05T00:18:02.397794+00:00,0,116,p90,sketch,p90,10,1.0,34,1006,66,104,34,2904,0,0,45,1,0.9484,907.981,OPTIMAL,4026.000000,12.3778,20.3586
2026-09-05T00:18:03.227586+00:00,0,116,avg-epoch,sketch,avg,10,1.0,34,826,67,113,35,3076,0,1,73,2,0.8992,747.179,OPTIMAL,4026.000000,10.7254,30.3721
2026-09-05T00:18:07.324659+00:00,0,117,static,static,request,0,0.0,35,1424,17,79,24,2537,0,0,12,1,0.9919,196.480,OPTIMAL,17.000000,38.7820,86.4924
2026-09-05T00:18:08.071272+00:00,0,117,reassign,static,request,10,1.0,35,1407,56,80,19,2557,0,0,11,1,0.9918,735.753,OPTIMAL,3521.000000,42.9377,90.5085
2026-09-05T00:18:08.340577+00:00,0,117,dynamic,sketch,p50,0,0.0,35,865,25,112,29,3071,0,0,65,1,0.8992,157.395,OPTIMAL,25.000000,7.3953,23.3024
2026-09-05T00:18:09.195463+00:00,0,117,dynamic+reassign,sketch,p50,10,1.0,35,861,61,111,28,3072,0,1,72,1,0.9009,753.898,OPTIMAL,4020.000000,7.7615,23.3024
2026-09-05T00:18:14.040626+00:00,0,117,p50-1.2xalloc,sketch,p50bump,10,1.0,35,980,69,96,41,2976,0,2,26,6,0.9862,4763.806,OPTIMAL,4027.000000,3.4210,10.5807
2026-09-05T00:18:14.766274+00:00,0,117,avg-p50p75-1.2xalloc,sketch,avgp50p75bump,10,1.0,35,1076,63,102,20,2868,0,1,13,3,0.9895,647.542,OPTIMAL,4022.000000,5.6003,18.6257
2026-09-05T00:18:15.588675+00:00,0,117,window-avg,sketch,window,10,1.0,35,872,65,114,27,3062,0,0,58,2,0.9186,736.192,OPTIMAL,4025.000000,9.6612,23.0542
2026-09-05T00:18:16.573976+00:00,0,117,p90,sketch,p90,10,1.0,35,1015,62,106,20,2924,0,0,39,0,0.9484,905.645,OPTIMAL,4022.000000,12.0541,15.6834
2026-09-05T00:18:17.266682+00:00,0,117,avg-epoch,sketch,avg,10,1.0,35,834,68,115,26,3102,0,0,70,1,0.8992,608.671,OPTIMAL,4028.000000,9.3336,23.4865
2026-09-05T00:18:21.318628+00:00,0,118,static,static,request,0,0.0,43,1450,18,79,18,2555,0,0,8,1,0.9919,133.167,OPTIMAL,18.000000,45.0919,86.5279
2026-09-05T00:18:22.289027+00:00,0,118,reassign,static,request,10,1.0,43,1429,61,82,22,2579,0,0,10,1,0.9918,959.212,OPTIMAL,3724.000000,37.2246,66.3350
2026-09-05T00:18:22.733301+00:00,0,118,dynamic,sketch,p50,0,0.0,43,883,29,112,29,3100,0,0,61,0,0.8993,334.758,OPTIMAL,29.000000,6.4354,20.0214
2026-09-05T00:18:24.585303+00:00,0,118,dynamic+reassign,sketch,p50,10,1.0,43,883,66,107,30,3102,0,0,62,1,0.9009,1758.163,OPTIMAL,4026.000000,7.2047,22.3073
2026-09-05T00:18:25.721121+00:00,0,118,p50-1.2xalloc,sketch,p50bump,10,1.0,43,994,70,99,27,3003,0,2,13,2,0.9862,1063.002,OPTIMAL,4028.000000,4.3074,16.8271
2026-09-05T00:18:27.845746+00:00,0,118,avg-p50p75-1.2xalloc,sketch,avgp50p75bump,10,1.0,43,1096,68,97,33,2901,0,3,4,0,0.9895,2052.695,OPTIMAL,4025.000000,4.8142,3.7926
2026-09-05T00:18:28.732608+00:00,0,118,window-avg,sketch,window,10,1.0,43,890,67,112,29,3091,0,0,62,0,0.9186,802.650,OPTIMAL,4027.000000,9.6691,25.0559
2026-09-05T00:18:29.446642+00:00,0,118,p90,sketch,p90,10,1.0,43,1036,60,103,23,2947,0,0,44,1,0.9483,633.888,OPTIMAL,4020.000000,12.6555,17.2851
2026-09-05T00:18:30.219070+00:00,0,118,avg-epoch,sketch,avg,10,1.0,43,849,69,119,25,3127,0,1,57,1,0.8994,685.435,OPTIMAL,4028.000000,6.5859,22.0527
2026-09-05T00:18:34.231219+00:00,0,119,static,static,request,0,0.0,30,1462,20,77,22,2577,0,0,13,1,0.9919,134.978,OPTIMAL,20.000000,40.4878,87.1095
2026-09-05T00:18:34.480901+00:00,0,119,reassign,static,request,10,1.0,30,1435,47,82,17,2596,0,0,9,0,0.9918,238.448,OPTIMAL,3017.000000,39.5368,87.1095
2026-09-05T00:18:34.880948+00:00,0,119,dynamic,sketch,p50,0,0.0,30,884,27,114,25,3125,0,0,56,1,0.8994,286.979,OPTIMAL,27.000000,7.4928,24.0376
2026-09-05T00:18:36.411692+00:00,0,119,dynamic+reassign,sketch,p50,10,1.0,30,887,70,112,25,3127,0,0,56,0,0.9010,1437.854,OPTIMAL,4030.000000,8.4954,24.0376
2026-09-05T00:18:37.652154+00:00,0,119,p50-1.2xalloc,sketch,p50bump,10,1.0,30,994,65,103,21,3024,0,4,14,3,0.9862,1150.444,OPTIMAL,4021.000000,3.6785,20.2999
2026-09-05T00:18:39.161985+00:00,0,119,avg-p50p75-1.2xalloc,sketch,avgp50p75bump,10,1.0,30,1098,64,102,19,2920,0,4,3,0,0.9896,1419.583,OPTIMAL,4020.000000,5.3442,4.1104
2026-09-05T00:18:40.341880+00:00,0,119,window-avg,sketch,window,10,1.0,30,893,70,112,30,3121,0,0,51,0,0.9187,1099.565,OPTIMAL,4030.000000,8.2985,23.8551
2026-09-05T00:18:41.195457+00:00,0,119,p90,sketch,p90,10,1.0,30,1046,65,90,38,2985,0,0,39,1,0.9483,786.981,OPTIMAL,4025.000000,11.1118,14.8478
2026-09-05T00:18:41.903912+00:00,0,119,avg-epoch,sketch,avg,10,1.0,30,850,63,116,26,3153,0,1,62,1,0.8995,619.392,OPTIMAL,4022.000000,8.1285,23.2263
2026-09-05T00:18:45.961540+00:00,0,120,static,static,request,0,0.0,37,1479,22,77,22,2599,0,0,9,0,0.9919,172.520,OPTIMAL,22.000000,40.5275,76.1227
2026-09-05T00:18:46.608741+00:00,0,120,reassign,static,request,10,1.0,37,1455,47,86,13,2609,0,0,4,0,0.9918,635.943,OPTIMAL,3017.000000,41.0980,79.2051
2026-09-05T00:18:46.829587+00:00,0,120,dynamic,sketch,p50,0,0.0,37,894,23,114,23,3148,0,0,63,1,0.8994,105.776,OPTIMAL,23.000000,9.8822,25.2632
2026-09-05T00:18:49.061416+00:00,0,120,dynamic+reassign,sketch,p50,10,1.0,37,894,67,111,28,3155,0,0,65,0,0.9009,2136.172,OPTIMAL,4027.000000,9.1582,24.2926
2026-09-05T00:19:03.656104+00:00,0,120,p50-1.2xalloc,sketch,p50bump,10,1.0,37,1006,66,112,17,3041,0,5,11,2,0.9863,14510.265,OPTIMAL,4021.000000,3.5149,11.9603
2026-09-05T00:19:05.622901+00:00,0,120,avg-p50p75-1.2xalloc,sketch,avgp50p75bump,10,1.0,37,1111,62,102,22,2942,0,5,11,2,0.9895,1882.117,OPTIMAL,4017.000000,5.6578,16.1536
2026-09-05T00:19:07.264149+00:00,0,120,window-avg,sketch,window,10,1.0,37,900,65,111,26,3147,0,1,63,1,0.9186,1557.056,OPTIMAL,4024.000000,9.6566,24.2757
2026-09-05T00:19:09.093196+00:00,0,120,p90,sketch,p90,10,1.0,37,1058,69,92,27,3012,0,1,41,1,0.9481,1765.529,OPTIMAL,4028.000000,13.5384,18.8789
2026-09-05T00:19:10.313774+00:00,0,120,avg-epoch,sketch,avg,10,1.0,37,864,68,113,31,3184,0,1,70,1,0.8994,1137.648,OPTIMAL,4027.000000,9.3352,23.6956
2026-09-05T00:19:14.341159+00:00,0,121,static,static,request,0,0.0,31,1488,17,84,10,2609,0,0,8,0,0.9918,151.574,OPTIMAL,17.000000,45.6760,88.5770
2026-09-05T00:19:15.413781+00:00,0,121,reassign,static,request,10,1.0,31,1469,61,76,31,2640,0,0,14,1,0.9918,1060.774,OPTIMAL,4021.000000,42.4120,83.0844
2026-09-05T00:19:15.647715+00:00,0,121,dynamic,sketch,p50,0,0.0,31,902,23,110,27,3175,0,0,76,2,0.8992,118.805,OPTIMAL,23.000000,10.0268,25.0256
2026-09-05T00:19:16.457736+00:00,0,121,dynamic+reassign,sketch,p50,10,1.0,31,898,67,115,23,3178,0,0,69,1,0.9008,711.205,OPTIMAL,4027.000000,10.6534,27.6336
2026-09-05T00:19:19.208046+00:00,0,121,p50-1.2xalloc,sketch,p50bump,10,1.0,31,1011,66,104,34,3075,0,3,23,4,0.9862,2672.520,OPTIMAL,4023.000000,3.9568,18.1527
2026-09-05T00:19:20.854504+00:00,0,121,avg-p50p75-1.2xalloc,sketch,avgp50p75bump,10,1.0,31,1120,66,91,37,2979,0,3,14,4,0.9895,1577.724,OPTIMAL,4023.000000,6.4798,18.8929
2026-09-05T00:19:21.631974+00:00,0,121,window-avg,sketch,window,10,1.0,31,906,63,111,23,3170,0,0,63,1,0.9185,692.336,OPTIMAL,4023.000000,10.3512,24.6949
2026-09-05T00:19:23.901780+00:00,0,121,p90,sketch,p90,10,1.0,31,1060,70,106,16,3028,0,1,36,0,0.9482,2196.751,OPTIMAL,4029.000000,10.2902,14.6842
2026-09-05T00:19:24.903164+00:00,0,121,avg-epoch,sketch,avg,10,1.0,31,867,64,111,26,3210,0,1,66,0,0.8993,918.485,OPTIMAL,4023.000000,10.6346,29.9584
2026-09-05T00:19:28.912091+00:00,0,122,static,static,request,0,0.0,44,1515,21,77,28,2637,0,0,8,0,0.9919,138.253,OPTIMAL,21.000000,42.6814,81.3330
2026-09-05T00:19:29.693903+00:00,0,122,reassign,static,request,10,1.0,44,1492,65,85,17,2657,0,0,5,0,0.9918,771.093,OPTIMAL,3926.000000,51.0961,99.1224
2026-09-05T00:19:30.068541+00:00,0,122,dynamic,sketch,p50,0,0.0,44,923,26,108,28,3203,0,0,63,0,0.8993,266.054,OPTIMAL,26.000000,9.0930,25.0690
2026-09-05T00:19:30.886470+00:00,0,122,dynamic+reassign,sketch,p50,10,1.0,44,915,64,117,22,3200,0,0,63,0,0.9008,714.688,OPTIMAL,4024.000000,8.6347,25.0690
2026-09-05T00:19:31.743246+00:00,0,122,p50-1.2xalloc,sketch,p50bump,10,1.0,44,1029,65,107,22,3097,0,4,17,4,0.9862,763.989,OPTIMAL,4021.000000,4.6843,20.1092
2026-09-05T00:19:33.858424+00:00,0,122,avg-p50p75-1.2xalloc,sketch,avgp50p75bump,10,1.0,44,1138,69,96,24,3003,0,3,8,2,0.9895,2035.094,OPTIMAL,4026.000000,5.9602,19.1410
2026-09-05T00:19:35.124905+00:00,0,122,window-avg,sketch,window,10,1.0,44,927,65,112,24,3194,0,0,56,0,0.9185,1178.296,OPTIMAL,4025.000000,9.5075,22.0304
2026-09-05T00:19:36.548117+00:00,0,122,p90,sketch,p90,10,1.0,44,1074,66,112,20,3048,0,2,31,1,0.9484,1341.367,OPTIMAL,4024.000000,12.0480,14.2241
2026-09-05T00:19:37.620825+00:00,0,122,avg-epoch,sketch,avg,10,1.0,44,887,67,109,29,3239,0,0,66,0,0.8993,993.607,OPTIMAL,4027.000000,8.9059,26.9010
2026-09-05T00:19:41.642443+00:00,0,123,static,static,request,0,0.0,36,1530,23,83,17,2654,0,0,9,0,0.9919,129.480,OPTIMAL,23.000000,49.5461,101.7915
2026-09-05T00:19:42.418441+00:00,0,123,reassign,static,request,10,1.0,36,1502,47,82,21,2678,0,0,8,0,0.9918,764.266,OPTIMAL,2918.000000,49.8365,99.6279
2026-09-05T00:19:42.747661+00:00,0,123,dynamic,sketch,p50,0,0.0,36,933,26,104,30,3233,0,0,53,1,0.8994,222.993,OPTIMAL,26.000000,8.1358,28.0496
2026-09-05T00:19:45.288787+00:00,0,123,dynamic+reassign,sketch,p50,10,1.0,36,927,67,106,38,3238,0,1,62,1,0.9008,2449.449,OPTIMAL,4026.000000,8.5242,26.6990
2026-09-05T00:19:47.328459+00:00,0,123,p50-1.2xalloc,sketch,p50bump,10,1.0,36,1040,70,105,32,3129,0,7,23,6,0.9861,1961.026,OPTIMAL,4023.000000,2.9258,10.0870
2026-09-05T00:19:49.239144+00:00,0,123,avg-p50p75-1.2xalloc,sketch,avgp50p75bump,10,1.0,36,1145,65,100,21,3024,0,3,10,3,0.9895,1834.313,OPTIMAL,4022.000000,5.9044,15.8101
2026-09-05T00:19:49.914163+00:00,0,123,window-avg,sketch,window,10,1.0,36,938,65,103,34,3228,0,0,47,0,0.9186,595.056,OPTIMAL,4025.000000,8.8783,24.5234
2026-09-05T00:19:50.575864+00:00,0,123,p90,sketch,p90,10,1.0,36,1084,62,105,29,3077,0,2,42,1,0.9483,580.963,OPTIMAL,4020.000000,11.2809,14.6486
2026-09-05T00:19:52.156559+00:00,0,123,avg-epoch,sketch,avg,10,1.0,36,896,69,113,25,3264,0,1,57,1,0.8992,1498.329,OPTIMAL,4028.000000,9.8510,26.7672
2026-09-05T00:19:56.322546+00:00,0,124,static,static,request,0,0.0,46,1553,20,81,22,2676,0,0,7,0,0.9919,250.814,OPTIMAL,20.000000,43.6127,91.4272
2026-09-05T00:19:57.147612+00:00,0,124,reassign,static,request,10,1.0,46,1530,65,78,29,2707,0,0,5,0,0.9919,813.644,OPTIMAL,4025.000000,45.4693,85.9039
2026-09-05T00:19:57.341227+00:00,0,124,dynamic,sketch,p50,0,0.0,46,953,24,107,21,3254,0,0,61,1,0.8993,92.806,OPTIMAL,24.000000,9.3042,27.2332
2026-09-05T00:19:58.195037+00:00,0,124,dynamic+reassign,sketch,p50,10,1.0,46,946,65,112,19,3257,0,1,56,1,0.9008,764.908,OPTIMAL,4024.000000,9.1249,27.2332
2026-09-05T00:19:59.635367+00:00,0,124,p50-1.2xalloc,sketch,p50bump,10,1.0,46,1056,62,102,25,3154,0,5,27,5,0.9861,1348.167,OPTIMAL,4017.000000,4.3856,22.6944
2026-09-05T00:20:00.609320+00:00,0,124,avg-p50p75-1.2xalloc,sketch,avgp50p75bump,10,1.0,46,1166,68,108,20,3044,0,1,8,3,0.9895,882.263,OPTIMAL,4027.000000,5.3051,3.6087
2026-09-05T00:20:01.387841+00:00,0,124,window-avg,sketch,window,10,1.0,46,959,62,103,22,3250,0,0,48,0,0.9187,687.470,OPTIMAL,4022.000000,9.1314,22.1878
2026-09-05T00:20:03.879225+00:00,0,124,p90,sketch,p90,10,1.0,46,1108,68,103,30,3107,0,0,41,2,0.9483,2405.186,OPTIMAL,4028.000000,11.7153,16.2942
2026-09-05T00:20:05.418467+00:00,0,124,avg-epoch,sketch,avg,10,1.0,46,913,68,115,26,3290,0,1,58,1,0.8993,1454.423,OPTIMAL,4027.000000,8.1915,22.5533
2026-09-05T00:20:09.415372+00:00,0,125,static,static,request,0,0.0,35,1568,21,76,26,2702,0,0,5,0,0.9919,146.731,OPTIMAL,21.000000,46.7992,82.0798
2026-09-05T00:20:10.016510+00:00,0,125,reassign,static,request,10,1.0,35,1540,47,82,15,2722,0,0,3,0,0.9919,590.184,OPTIMAL,2819.000000,50.2051,84.3001
2026-09-05T00:20:10.391737+00:00,0,125,dynamic,sketch,p50,0,0.0,35,964,27,106,28,3282,0,0,58,0,0.8993,265.160,OPTIMAL,27.000000,8.6633,27.4720
2026-09-05T00:20:11.191917+00:00,0,125,dynamic+reassign,sketch,p50,10,1.0,35,956,65,111,26,3283,0,0,62,0,0.9008,703.076,OPTIMAL,4025.000000,8.5961,26.8412
2026-09-05T00:20:12.858351+00:00,0,125,p50-1.2xalloc,sketch,p50bump,10,1.0,35,1069,66,103,25,3179,0,4,14,5,0.9860,1577.671,OPTIMAL,4022.000000,2.2705,1.5834
2026-09-05T00:20:13.570489+00:00,0,125,avg-p50p75-1.2xalloc,sketch,avgp50p75bump,10,1.0,35,1173,62,100,30,3074,0,5,36,8,0.9893,620.361,OPTIMAL,4017.000000,8.0156,28.6057
2026-09-05T00:20:14.361115+00:00,0,125,window-avg,sketch,window,10,1.0,35,972,66,105,24,3274,0,0,51,1,0.9187,708.589,OPTIMAL,4026.000000,10.3886,26.7062
2026-09-05T00:20:15.532282+00:00,0,125,p90,sketch,p90,10,1.0,35,1115,67,106,24,3131,0,0,37,0,0.9484,1094.095,OPTIMAL,4027.000000,11.0463,16.8009
2026-09-05T00:20:16.937643+00:00,0,125,avg-epoch,sketch,avg,10,1.0,35,920,61,116,20,3310,0,1,68,1,0.8992,1314.488,OPTIMAL,4020.000000,10.3006,29.3187
2026-09-05T00:20:21.042878+00:00,0,126,static,static,request,0,0.0,32,1579,20,79,17,2719,0,0,9,1,0.9919,216.595,OPTIMAL,20.000000,41.7896,80.0482
2026-09-05T00:20:21.224102+00:00,0,126,reassign,static,request,10,1.0,32,1553,43,86,13,2735,0,0,10,1,0.9919,169.815,OPTIMAL,2617.000000,44.0652,89.8663
2026-09-05T00:20:21.501364+00:00,0,126,dynamic,sketch,p50,0,0.0,32,969,27,112,21,3303,0,0,60,1,0.8993,162.782,OPTIMAL,27.000000,8.8935,26.8990
2026-09-05T00:20:23.407161+00:00,0,126,dynamic+reassign,sketch,p50,10,1.0,32,963,65,113,23,3306,0,0,57,0,0.9008,1806.014,OPTIMAL,4025.000000,8.9418,30.1951
2026-09-05T00:20:24.467687+00:00,0,126,p50-1.2xalloc,sketch,p50bump,10,1.0,32,1075,65,105,23,3202,0,3,29,6,0.9860,968.425,OPTIMAL,4022.000000,2.7256,4.7893
2026-09-05T00:20:25.695581+00:00,0,126,avg-p50p75-1.2xalloc,sketch,avgp50p75bump,10,1.0,32,1183,64,101,23,3097,0,3,22,5,0.9893,1136.441,OPTIMAL,4021.000000,6.8797,23.8175
2026-09-05T00:20:26.596286+00:00,0,126,window-avg,sketch,window,10,1.0,32,978,67,107,25,3299,0,0,51,0,0.9187,809.568,OPTIMAL,4027.000000,8.6005,22.6806
2026-09-05T00:20:27.488130+00:00,0,126,p90,sketch,p90,10,1.0,32,1120,62,105,23,3154,0,0,37,1,0.9485,798.494,OPTIMAL,4022.000000,10.8757,13.9717
2026-09-05T00:20:28.474377+00:00,0,126,avg-epoch,sketch,avg,10,1.0,32,931,61,108,29,3339,0,1,73,1,0.8991,888.916,OPTIMAL,4020.000000,10.3063,26.4353
2026-09-05T00:20:32.583628+00:00,0,127,static,static,request,0,0.0,30,1589,17,85,11,2730,0,0,6,0,0.9919,99.065,OPTIMAL,17.000000,49.5521,104.6199
2026-09-05T00:20:33.096786+00:00,0,127,reassign,static,request,10,1.0,30,1566,52,85,22,2757,0,0,10,1,0.9919,501.326,OPTIMAL,3121.000000,48.9103,104.6199
2026-09-05T00:20:33.447088+00:00,0,127,dynamic,sketch,p50,0,0.0,30,972,22,109,25,3328,0,0,60,2,0.8994,234.655,OPTIMAL,22.000000,7.4020,29.7485
2026-09-05T00:20:34.820948+00:00,0,127,dynamic+reassign,sketch,p50,10,1.0,30,968,66,107,32,3338,0,0,58,0,0.9008,1278.650,OPTIMAL,4026.000000,7.6425,29.7485
2026-09-05T00:20:36.677267+00:00,0,127,p50-1.2xalloc,sketch,p50bump,10,1.0,30,1080,62,101,26,3228,0,3,17,5,0.9860,1764.436,OPTIMAL,4019.000000,3.2580,12.5027
2026-09-05T00:20:39.032753+00:00,0,127,avg-p50p75-1.2xalloc,sketch,avgp50p75bump,10,1.0,30,1189,70,100,31,3128,0,3,4,1,0.9894,2282.776,OPTIMAL,4027.000000,7.2729,25.5694
2026-09-05T00:20:40.547370+00:00,0,127,window-avg,sketch,window,10,1.0,30,981,65,106,26,3325,0,0,46,0,0.9188,1434.431,OPTIMAL,4025.000000,9.4362,24.6434
2026-09-05T00:20:41.376530+00:00,0,127,p90,sketch,p90,10,1.0,30,1128,61,105,21,3175,0,2,45,3,0.9485,748.242,OPTIMAL,4019.000000,11.0936,14.9597
2026-09-05T00:20:42.063623+00:00,0,127,avg-epoch,sketch,avg,10,1.0,30,940,60,100,28,3367,0,1,61,0,0.8992,608.668,OPTIMAL,4019.000000,8.3435,22.3763
2026-09-05T00:20:46.097834+00:00,0,128,static,static,request,0,0.0,31,1603,20,82,23,2753,0,0,3,0,0.9920,136.879,OPTIMAL,20.000000,47.3247,88.3310
2026-09-05T00:20:46.712083+00:00,0,128,reassign,static,request,10,1.0,31,1576,60,86,22,2779,0,0,5,0,0.9920,602.413,OPTIMAL,3723.000000,48.7823,88.7925
2026-09-05T00:20:47.053007+00:00,0,128,dynamic,sketch,p50,0,0.0,31,981,23,111,21,3349,0,0,63,2,0.8993,227.457,OPTIMAL,23.000000,10.2911,28.3618
2026-09-05T00:20:48.024825+00:00,0,128,dynamic+reassign,sketch,p50,10,1.0,31,973,61,105,23,3361,0,0,57,1,0.9008,877.362,OPTIMAL,4021.000000,8.8191,26.0717
2026-09-05T00:20:50.980905+00:00,0,128,p50-1.2xalloc,sketch,p50bump,10,1.0,31,1089,68,100,29,3257,0,5,3,1,0.9861,2870.012,OPTIMAL,4023.000000,2.5067,1.5789
2026-09-05T00:20:51.969568+00:00,0,128,avg-p50p75-1.2xalloc,sketch,avgp50p75bump,10,1.0,31,1190,64,104,22,3150,0,7,8,4,0.9894,909.354,OPTIMAL,3819.000000,7.1529,25.2092
2026-09-05T00:20:52.888566+00:00,0,128,window-avg,sketch,window,10,1.0,31,987,65,108,23,3348,0,1,54,1,0.9187,837.955,OPTIMAL,4024.000000,10.2684,26.0787
2026-09-05T00:20:53.873996+00:00,0,128,p90,sketch,p90,10,1.0,31,1138,67,104,28,3203,0,1,34,0,0.9485,910.575,OPTIMAL,4026.000000,10.9465,14.5779
2026-09-05T00:20:54.481024+00:00,0,128,avg-epoch,sketch,avg,10,1.0,31,951,63,102,21,3388,0,1,62,1,0.8991,531.308,OPTIMAL,4022.000000,9.8295,31.7783
2026-09-05T00:20:58.496740+00:00,0,129,static,static,request,0,0.0,32,1615,21,82,21,2774,0,0,6,0,0.9920,101.251,OPTIMAL,21.000000,54.2829,96.4957
2026-09-05T00:20:58.728091+00:00,0,129,reassign,static,request,10,1.0,32,1585,42,89,15,2794,0,0,5,0,0.9920,219.495,OPTIMAL,2418.000000,52.8911,97.3490
2026-09-05T00:20:58.997160+00:00,0,129,dynamic,sketch,p50,0,0.0,32,990,19,102,28,3377,0,0,74,2,0.8992,156.933,OPTIMAL,19.000000,9.5176,24.2957
2026-09-05T00:21:00.973837+00:00,0,129,dynamic+reassign,sketch,p50,10,1.0,32,984,65,104,26,3387,0,1,67,1,0.9008,1885.874,OPTIMAL,4024.000000,9.0432,25.4332
2026-09-05T00:21:01.623850+00:00,0,129,p50-1.2xalloc,sketch,p50bump,10,1.0,32,1093,65,104,21,3278,0,3,16,4,0.9861,559.280,OPTIMAL,4022.000000,2.6159,1.8974
2026-09-05T00:21:02.431053+00:00,0,129,avg-p50p75-1.2xalloc,sketch,avgp50p75bump,10,1.0,32,1196,53,100,22,3172,0,10,13,4,0.9894,712.168,OPTIMAL,3508.000000,8.9342,30.5732
2026-09-05T00:21:03.273193+00:00,0,129,window-avg,sketch,window,10,1.0,32,994,62,101,29,3377,0,1,58,1,0.9186,751.100,OPTIMAL,4021.000000,8.8125,21.8702
2026-09-05T00:21:04.138385+00:00,0,129,p90,sketch,p90,10,1.0,32,1143,64,97,31,3234,0,0,46,1,0.9484,780.682,OPTIMAL,4024.000000,12.4329,18.6032
2026-09-05T00:21:04.873232+00:00,0,129,avg-epoch,sketch,avg,10,1.0,32,960,64,96,30,3418,0,0,65,2,0.8991,648.745,OPTIMAL,4024.000000,9.7758,26.0981
2026-09-05T00:21:08.980820+00:00,0,130,static,static,request,0,0.0,27,1621,21,86,17,2791,0,0,10,0,0.9920,148.653,OPTIMAL,21.000000,54.5683,95.8185
2026-09-05T00:21:09.850635+00:00,0,130,reassign,static,request,10,1.0,27,1594,57,86,25,2819,0,0,11,1,0.9920,857.547,OPTIMAL,3522.000000,45.3970,88.5930
2026-09-05T00:21:10.111657+00:00,0,130,dynamic,sketch,p50,0,0.0,27,998,18,94,26,3403,0,0,69,2,0.8991,155.577,OPTIMAL,18.000000,10.6444,25.2180
2026-09-05T00:21:11.082428+00:00,0,130,dynamic+reassign,sketch,p50,10,1.0,27,986,61,103,22,3409,0,1,60,0,0.9007,877.581,OPTIMAL,4020.000000,10.0989,26.3381
2026-09-05T00:21:12.595151+00:00,0,130,p50-1.2xalloc,sketch,p50bump,10,1.0,27,1095,66,105,25,3303,0,2,17,2,0.9862,1420.804,OPTIMAL,4024.000000,1.8686,1.3210
2026-09-05T00:21:13.511172+00:00,0,130,avg-p50p75-1.2xalloc,sketch,avgp50p75bump,10,1.0,27,1205,65,103,22,3194,0,4,13,3,0.9895,836.107,OPTIMAL,4021.000000,4.8496,3.9234
2026-09-05T00:21:14.219072+00:00,0,130,window-avg,sketch,window,10,1.0,27,999,59,103,17,3394,0,2,62,0,0.9185,627.078,OPTIMAL,4017.000000,11.4579,24.5157
2026-09-05T00:21:14.837133+00:00,0,130,p90,sketch,p90,10,1.0,27,1146,63,99,21,3255,0,0,31,0,0.9485,544.136,OPTIMAL,4023.000000,11.7961,15.4078
2026-09-05T00:21:17.793130+00:00,0,130,avg-epoch,sketch,avg,10,1.0,27,963,67,93,30,3448,0,0,52,0,0.8990,2889.605,OPTIMAL,4027.000000,10.6129,28.4976
2026-09-05T00:21:21.824770+00:00,0,131,static,static,request,0,0.0,33,1633,20,84,22,2813,0,0,9,0,0.9920,143.237,OPTIMAL,20.000000,45.5062,79.7076
2026-09-05T00:21:22.638528+00:00,0,131,reassign,static,request,10,1.0,33,1605,54,86,23,2842,0,0,11,1,0.9920,801.819,OPTIMAL,3123.000000,46.4246,83.4157
2026-09-05T00:21:23.654643+00:00,0,131,dynamic,sketch,p50,0,0.0,33,1013,26,89,31,3434,0,0,52,0,0.8991,922.925,OPTIMAL,26.000000,11.1024,29.9205
2026-09-05T00:21:25.404414+00:00,0,131,dynamic+reassign,sketch,p50,10,1.0,33,998,69,98,34,3443,0,0,58,0,0.9007,1667.938,OPTIMAL,4029.000000,9.5003,24.8732
2026-09-05T00:21:26.435589+00:00,0,131,p50-1.2xalloc,sketch,p50bump,10,1.0,33,1102,62,104,25,3328,0,4,19,4,0.9861,939.645,OPTIMAL,3820.000000,3.9896,19.0162
2026-09-05T00:21:28.202883+00:00,0,131,avg-p50p75-1.2xalloc,sketch,avgp50p75bump,10,1.0,33,1213,65,100,28,3222,0,6,9,2,0.9894,1678.918,OPTIMAL,4019.000000,4.2091,3.5464
2026-09-05T00:21:29.039767+00:00,0,131,window-avg,sketch,window,10,1.0,33,1013,64,95,32,3426,0,0,53,0,0.9185,760.794,OPTIMAL,4024.000000,13.0085,30.4469
2026-09-05T00:21:31.379027+00:00,0,131,p90,sketch,p90,10,1.0,33,1156,67,100,26,3281,0,1,44,1,0.9484,2267.204,OPTIMAL,4026.000000,10.6646,16.1044
2026-09-05T00:21:33.567690+00:00,0,131,avg-epoch,sketch,avg,10,1.0,33,969,67,101,19,3467,0,0,48,0,0.8991,2115.572,OPTIMAL,4027.000000,7.0331,20.9810
2026-09-05T00:21:37.448660+00:00,0,132,static,static,request,0,0.0,34,1647,17,83,18,2831,0,0,13,1,0.9920,76.031,OPTIMAL,17.000000,44.9407,98.1958
2026-09-05T00:21:37.802564+00:00,0,132,reassign,static,request,10,1.0,34,1616,54,89,18,2860,0,0,10,0,0.9920,344.171,OPTIMAL,3321.000000,51.3013,107.0852
2026-09-05T00:21:38.018472+00:00,0,132,dynamic,sketch,p50,0,0.0,34,1021,27,89,27,3461,0,0,40,0,0.8991,126.228,OPTIMAL,27.000000,7.1943,22.0971
2026-09-05T00:21:40.624004+00:00,0,132,dynamic+reassign,sketch,p50,10,1.0,34,1003,66,100,24,3467,0,1,42,2,0.9008,2518.419,OPTIMAL,4025.000000,6.8983,21.8526
2026-09-05T00:21:41.518239+00:00,0,132,p50-1.2xalloc,sketch,p50bump,10,1.0,34,1112,62,101,25,3353,0,6,22,6,0.9861,814.381,OPTIMAL,4016.000000,3.8829,13.0833
2026-09-05T00:21:43.469605+00:00,0,132,avg-p50p75-1.2xalloc,sketch,avgp50p75bump,10,1.0,34,1222,67,95,32,3254,0,1,11,2,0.9895,1879.014,OPTIMAL,4026.000000,4.4987,3.5039
2026-09-05T00:21:44.219920+00:00,0,132,window-avg,sketch,window,10,1.0,34,1023,67,93,29,3455,0,0,48,1,0.9184,681.026,OPTIMAL,4027.000000,9.0851,23.5298
2026-09-05T00:21:45.032122+00:00,0,132,p90,sketch,p90,10,1.0,34,1163,58,105,19,3300,0,0,36,1,0.9485,733.930,OPTIMAL,3424.000000,10.8013,14.3916
2026-09-05T00:21:51.364810+00:00,0,132,avg-epoch,sketch,avg,10,1.0,34,976,69,109,21,3488,0,0,47,0,0.8992,6253.932,OPTIMAL,4029.000000,7.8574,23.4583
2026-09-05T00:21:55.469781+00:00,0,133,static,static,request,0,0.0,43,1673,20,81,22,2853,0,0,8,0,0.9920,216.656,OPTIMAL,20.000000,46.7140,95.0738
2026-09-05T00:21:56.255330+00:00,0,133,reassign,static,request,10,1.0,43,1638,61,90,23,2883,0,0,6,0,0.9920,773.176,OPTIMAL,3724.000000,41.4408,83.1870
2026-09-05T00:21:56.471139+00:00,0,133,dynamic,sketch,p50,0,0.0,43,1037,27,100,16,3477,0,0,44,0,0.8991,113.040,OPTIMAL,27.000000,6.8964,20.0344
2026-09-05T00:21:58.630483+00:00,0,133,dynamic+reassign,sketch,p50,10,1.0,43,1020,68,110,18,3485,0,0,52,0,0.9009,2066.516,OPTIMAL,4028.000000,6.9488,17.9970
2026-09-05T00:21:59.917400+00:00,0,133,p50-1.2xalloc,sketch,p50bump,10,1.0,43,1133,58,95,24,3377,0,5,18,3,0.9861,1208.072,OPTIMAL,4013.000000,3.2551,13.6169
2026-09-05T00:22:00.581564+00:00,0,133,avg-p50p75-1.2xalloc,sketch,avgp50p75bump,10,1.0,43,1238,60,101,18,3272,0,3,9,2,0.9895,587.644,OPTIMAL,3621.000000,5.8208,19.0151
2026-09-05T00:22:01.647696+00:00,0,133,window-avg,sketch,window,10,1.0,43,1039,69,98,24,3479,0,0,46,1,0.9183,997.812,OPTIMAL,4029.000000,8.2198,21.3238
2026-09-05T00:22:02.814579+00:00,0,133,p90,sketch,p90,10,1.0,43,1182,64,101,28,3328,0,1,50,1,0.9484,1090.858,OPTIMAL,4023.000000,11.8597,17.1003
2026-09-05T00:22:03.780599+00:00,0,133,avg-epoch,sketch,avg,10,1.0,43,990,67,119,17,3505,0,0,58,1,0.8994,878.599,OPTIMAL,4027.000000,7.8684,19.8706
2026-09-05T00:22:07.807026+00:00,0,134,static,static,request,0,0.0,37,1690,21,82,20,2873,0,0,6,0,0.9920,125.868,OPTIMAL,21.000000,48.2469,102.9501
2026-09-05T00:22:08.164265+00:00,0,134,reassign,static,request,10,1.0,37,1651,55,91,22,2905,0,0,8,0,0.9920,344.832,OPTIMAL,3223.000000,44.5083,81.6453
2026-09-05T00:22:08.464865+00:00,0,134,dynamic,sketch,p50,0,0.0,37,1047,29,114,15,3492,0,0,47,0,0.8993,187.407,OPTIMAL,29.000000,7.5118,22.7949
2026-09-05T00:22:09.198130+00:00,0,134,dynamic+reassign,sketch,p50,10,1.0,37,1029,68,117,21,3506,0,0,55,0,0.9010,630.843,OPTIMAL,4028.000000,6.7915,22.7949
2026-09-05T00:22:10.169611+00:00,0,134,p50-1.2xalloc,sketch,p50bump,10,1.0,37,1152,59,91,23,3400,0,5,10,2,0.9861,886.598,OPTIMAL,4014.000000,3.3624,12.9969
2026-09-05T00:22:11.285617+00:00,0,134,avg-p50p75-1.2xalloc,sketch,avgp50p75bump,10,1.0,37,1251,64,100,25,3297,0,7,14,3,0.9895,1025.718,OPTIMAL,4017.000000,5.6803,14.2715
2026-09-05T00:22:13.143285+00:00,0,134,window-avg,sketch,window,10,1.0,37,1047,69,114,13,3492,0,1,44,0,0.9184,1760.615,OPTIMAL,4028.000000,8.9448,21.7254
2026-09-05T00:22:14.461993+00:00,0,134,p90,sketch,p90,10,1.0,37,1195,58,101,22,3350,0,0,36,0,0.9485,1236.781,OPTIMAL,3622.000000,12.1328,15.5095
2026-09-05T00:22:15.243600+00:00,0,134,avg-epoch,sketch,avg,10,1.0,37,1000,69,119,29,3534,0,0,66,0,0.8995,693.477,OPTIMAL,4029.000000,8.4555,24.7104
2026-09-05T00:22:19.401181+00:00,0,135,static,static,request,0,0.0,38,1707,27,84,25,2898,0,0,6,0,0.9920,244.615,OPTIMAL,27.000000,43.5220,87.1657
2026-09-05T00:22:20.671425+00:00,0,135,reassign,static,request,10,1.0,38,1666,44,94,15,2920,0,0,9,0,0.9920,1257.741,OPTIMAL,2618.000000,43.3899,79.6763
2026-09-05T00:22:20.962377+00:00,0,135,dynamic,sketch,p50,0,0.0,38,1056,29,116,27,3519,0,0,60,1,0.8994,178.026,OPTIMAL,29.000000,7.2759,19.2163
2026-09-05T00:22:21.742353+00:00,0,135,dynamic+reassign,sketch,p50,10,1.0,38,1039,69,115,31,3537,0,1,61,2,0.9011,682.229,OPTIMAL,4028.000000,6.4578,21.6472
2026-09-05T00:22:22.803434+00:00,0,135,p50-1.2xalloc,sketch,p50bump,10,1.0,38,1171,64,83,32,3432,0,1,2,1,0.9862,999.882,OPTIMAL,4023.000000,2.5179,1.6892
2026-09-05T00:22:23.664368+00:00,0,135,avg-p50p75-1.2xalloc,sketch,avgp50p75bump,10,1.0,38,1265,63,104,19,3316,0,8,14,4,0.9894,781.380,OPTIMAL,4015.000000,5.2426,9.3095
2026-09-05T00:22:24.376062+00:00,0,135,window-avg,sketch,window,10,1.0,38,1056,68,119,23,3515,0,1,53,0,0.9185,623.727,OPTIMAL,4027.000000,9.7254,22.7208
2026-09-05T00:22:24.972607+00:00,0,135,p90,sketch,p90,10,1.0,38,1211,59,95,25,3375,0,0,38,0,0.9486,520.937,OPTIMAL,4019.000000,10.5717,13.8597
2026-09-05T00:22:26.983729+00:00,0,135,avg-epoch,sketch,avg,10,1.0,38,1009,66,121,24,3558,0,1,69,1,0.8995,1920.394,OPTIMAL,4025.000000,8.2694,19.0464
2026-09-05T00:22:31.010723+00:00,0,136,static,static,request,0,0.0,29,1709,22,92,14,2912,0,0,5,0,0.9921,150.376,OPTIMAL,22.000000,43.8835,85.9908
2026-09-05T00:22:31.942818+00:00,0,136,reassign,static,request,10,1.0,29,1677,62,87,29,2949,0,0,6,0,0.9920,919.152,OPTIMAL,4022.000000,43.7399,85.9908
2026-09-05T00:22:38.724573+00:00,0,136,dynamic,sketch,p50,0,0.0,29,1056,32,120,28,3547,0,0,51,1,0.8996,6662.373,OPTIMAL,32.000000,6.1245,17.9094
2026-09-05T00:22:39.801535+00:00,0,136,dynamic+reassign,sketch,p50,10,1.0,29,1039,68,125,18,3555,0,1,52,1,0.9012,983.062,OPTIMAL,4027.000000,7.5044,22.3624
2026-09-05T00:22:41.030682+00:00,0,136,p50-1.2xalloc,sketch,p50bump,10,1.0,29,1176,71,88,26,3458,0,4,11,3,0.9861,1169.865,OPTIMAL,4027.000000,2.9764,4.6356
2026-09-05T00:22:46.027532+00:00,0,136,avg-p50p75-1.2xalloc,sketch,avgp50p75bump,10,1.0,29,1271,65,99,30,3346,0,7,14,6,0.9894,4919.622,OPTIMAL,4018.000000,7.1100,24.8139
2026-09-05T00:22:47.373582+00:00,0,136,window-avg,sketch,window,10,1.0,29,1057,69,121,27,3542,0,1,53,2,0.9186,1255.098,OPTIMAL,4028.000000,8.8495,19.5081
2026-09-05T00:22:47.927246+00:00,0,136,p90,sketch,p90,10,1.0,29,1221,61,95,21,3396,0,1,35,1,0.9486,480.918,OPTIMAL,4020.000000,11.0408,14.2709
2026-09-05T00:22:48.777635+00:00,0,136,avg-epoch,sketch,avg,10,1.0,29,1012,65,117,29,3587,0,0,68,0,0.8996,761.504,OPTIMAL,4025.000000,8.7846,26.7557
2026-09-05T00:22:52.925155+00:00,0,137,static,static,request,0,0.0,30,1717,19,88,23,2935,0,0,6,0,0.9921,215.847,OPTIMAL,19.000000,44.8165,92.3317
2026-09-05T00:22:53.638594+00:00,0,137,reassign,static,request,10,1.0,30,1685,62,81,29,2978,0,0,6,0,0.9920,701.356,OPTIMAL,3923.000000,44.2431,93.5051
2026-09-05T00:22:54.031398+00:00,0,137,dynamic,sketch,p50,0,0.0,30,1054,29,126,23,3570,0,0,69,3,0.8997,265.828,OPTIMAL,29.000000,8.6545,25.5507
2026-09-05T00:22:55.472249+00:00,0,137,dynamic+reassign,sketch,p50,10,1.0,30,1041,65,118,32,3587,0,0,76,2,0.9012,1332.552,OPTIMAL,4025.000000,10.3963,28.6470
2026-09-05T00:22:58.620013+00:00,0,137,p50-1.2xalloc,sketch,p50bump,10,1.0,30,1175,68,101,15,3473,0,5,19,5,0.9861,3061.783,OPTIMAL,4023.000000,2.2752,1.4618
2026-09-05T00:23:00.281833+00:00,0,137,avg-p50p75-1.2xalloc,sketch,avgp50p75bump,10,1.0,30,1276,62,96,25,3371,0,4,15,2,0.9894,1585.402,OPTIMAL,4018.000000,4.8091,3.9042
2026-09-05T00:23:04.750268+00:00,0,137,window-avg,sketch,window,10,1.0,30,1058,69,122,28,3570,0,2,71,2,0.9187,4374.559,OPTIMAL,4027.000000,9.2027,21.9456
2026-09-05T00:23:05.795263+00:00,0,137,p90,sketch,p90,10,1.0,30,1230,64,88,31,3427,0,0,40,1,0.9486,980.258,OPTIMAL,4024.000000,11.6226,15.0563
2026-09-05T00:23:06.920063+00:00,0,137,avg-epoch,sketch,avg,10,1.0,30,1017,67,112,32,3619,0,0,70,2,0.8995,1041.672,OPTIMAL,4027.000000,9.2338,25.7037
2026-09-05T00:23:11.005819+00:00,0,138,static,static,request,0,0.0,29,1727,21,85,24,2959,0,0,7,0,0.9921,212.267,OPTIMAL,21.000000,46.3622,89.8468
2026-09-05T00:23:11.653290+00:00,0,138,reassign,static,request,10,1.0,29,1691,57,82,21,2999,0,0,10,0,0.9920,636.179,OPTIMAL,3522.000000,41.7176,78.6547
2026-09-05T00:23:13.051824+00:00,0,138,dynamic,sketch,p50,0,0.0,29,1054,27,126,27,3597,0,0,66,0,0.8997,1273.828,OPTIMAL,27.000000,8.9376,27.7749
2026-09-05T00:23:14.380104+00:00,0,138,dynamic+reassign,sketch,p50,10,1.0,29,1045,64,113,29,3616,0,0,66,0,0.9012,1227.362,OPTIMAL,4024.000000,8.4760,27.7722
2026-09-05T00:23:16.395432+00:00,0,138,p50-1.2xalloc,sketch,p50bump,10,1.0,29,1176,54,108,18,3491,0,6,13,3,0.9861,1922.715,OPTIMAL,2919.000000,3.7513,15.2894
2026-09-05T00:23:17.010018+00:00,0,138,avg-p50p75-1.2xalloc,sketch,avgp50p75bump,10,1.0,29,1283,54,96,19,3390,0,6,12,3,0.9894,537.381,OPTIMAL,3513.000000,6.4097,21.4552
2026-09-05T00:23:17.898551+00:00,0,138,window-avg,sketch,window,10,1.0,29,1058,65,120,27,3597,0,1,57,1,0.9188,796.294,OPTIMAL,4024.000000,9.6282,26.6011
2026-09-05T00:23:18.640152+00:00,0,138,p90,sketch,p90,10,1.0,29,1235,66,90,24,3451,0,0,29,0,0.9486,678.090,OPTIMAL,4026.000000,11.2866,14.7109
2026-09-05T00:23:19.179672+00:00,0,138,avg-epoch,sketch,avg,10,1.0,29,1019,61,117,16,3635,0,1,64,0,0.8996,449.867,OPTIMAL,4020.000000,9.3831,26.0352
2026-09-05T00:23:23.267471+00:00,0,139,static,static,request,0,0.0,32,1738,23,81,27,2986,0,0,9,0,0.9921,169.432,OPTIMAL,23.000000,45.4719,100.2601
2026-09-05T00:23:24.865641+00:00,0,139,reassign,static,request,10,1.0,32,1701,58,83,24,3023,0,0,11,1,0.9920,1586.717,OPTIMAL,3325.000000,45.0347,95.9944
2026-09-05T00:23:25.351622+00:00,0,139,dynamic,sketch,p50,0,0.0,32,1059,28,125,29,3626,0,0,68,1,0.8997,378.517,OPTIMAL,28.000000,8.4459,27.2247
2026-09-05T00:23:26.150762+00:00,0,139,dynamic+reassign,sketch,p50,10,1.0,32,1053,65,115,23,3639,0,1,59,1,0.9012,711.333,OPTIMAL,4024.000000,8.1265,25.2146
2026-09-05T00:23:27.098138+00:00,0,139,p50-1.2xalloc,sketch,p50bump,10,1.0,32,1183,67,111,24,3515,0,5,24,5,0.9861,864.493,OPTIMAL,4022.000000,3.4715,14.7266
2026-09-05T00:23:27.984143+00:00,0,139,avg-p50p75-1.2xalloc,sketch,avgp50p75bump,10,1.0,32,1296,59,85,30,3420,0,7,20,6,0.9894,816.949,OPTIMAL,4012.000000,7.3766,24.1286
2026-09-05T00:23:30.022518+00:00,0,139,window-avg,sketch,window,10,1.0,32,1065,67,117,30,3627,0,0,55,1,0.9189,1950.666,OPTIMAL,4027.000000,8.7896,25.4338
2026-09-05T00:23:31.665213+00:00,0,139,p90,sketch,p90,10,1.0,32,1241,66,96,20,3471,0,0,35,0,0.9486,1572.793,OPTIMAL,4026.000000,10.9469,15.5840
2026-09-05T00:23:33.145071+00:00,0,139,avg-epoch,sketch,avg,10,1.0,32,1030,62,106,33,3668,0,1,62,1,0.8997,1397.054,OPTIMAL,4021.000000,7.5642,21.1473
2026-09-05T00:23:37.167501+00:00,0,140,static,static,request,0,0.0,30,1745,24,83,22,3008,0,0,12,1,0.9921,167.681,OPTIMAL,24.000000,46.4350,95.1640
2026-09-05T00:23:38.727826+00:00,0,140,reassign,static,request,10,1.0,30,1706,49,95,11,3034,0,0,11,1,0.9920,1548.883,OPTIMAL,2623.000000,41.5493,83.6708
2026-09-05T00:23:39.093892+00:00,0,140,dynamic,sketch,p50,0,0.0,30,1061,24,119,30,3656,0,0,67,1,0.8997,254.388,OPTIMAL,24.000000,9.2050,26.9759
2026-09-05T00:23:40.830144+00:00,0,140,dynamic+reassign,sketch,p50,10,1.0,30,1058,67,113,29,3668,0,2,64,1,0.9012,1651.767,OPTIMAL,4025.000000,8.6571,26.9759
2026-09-05T00:23:41.960758+00:00,0,140,p50-1.2xalloc,sketch,p50bump,10,1.0,30,1186,68,112,27,3542,0,4,21,5,0.9861,1048.486,OPTIMAL,4024.000000,4.3138,19.2817
2026-09-05T00:23:43.385959+00:00,0,140,avg-p50p75-1.2xalloc,sketch,avgp50p75bump,10,1.0,30,1307,64,80,29,3449,0,5,19,4,0.9894,1364.636,OPTIMAL,4019.000000,8.0791,26.2054
2026-09-05T00:23:43.976989+00:00,0,140,window-avg,sketch,window,10,1.0,30,1068,65,116,26,3653,0,1,56,1,0.9189,500.948,OPTIMAL,4024.000000,10.1533,27.0345
2026-09-05T00:23:45.624191+00:00,0,140,p90,sketch,p90,10,1.0,30,1245,67,104,19,3490,0,1,33,0,0.9486,1571.820,OPTIMAL,4026.000000,11.5770,16.1789
2026-09-05T00:23:46.599172+00:00,0,140,avg-epoch,sketch,avg,10,1.0,30,1038,60,101,25,3693,0,0,59,0,0.8997,896.344,OPTIMAL,4020.000000,7.9943,25.9822
2026-09-05T00:23:50.779341+00:00,0,141,static,static,request,0,0.0,28,1749,23,88,18,3026,0,0,13,0,0.9921,278.530,OPTIMAL,23.000000,43.3774,83.2599
2026-09-05T00:23:51.157744+00:00,0,141,reassign,static,request,10,1.0,28,1711,46,91,21,3055,0,0,15,1,0.9919,365.404,OPTIMAL,2917.000000,43.4811,86.9136
2026-09-05T00:23:51.375615+00:00,0,141,dynamic,sketch,p50,0,0.0,28,1065,22,118,23,3679,0,0,76,2,0.8996,91.764,OPTIMAL,22.000000,11.2083,34.2749
2026-09-05T00:23:52.156480+00:00,0,141,dynamic+reassign,sketch,p50,10,1.0,28,1059,65,114,24,3692,0,0,66,1,0.9011,680.661,OPTIMAL,4025.000000,10.0213,27.9514
2026-09-05T00:23:53.203997+00:00,0,141,p50-1.2xalloc,sketch,p50bump,10,1.0,28,1186,67,113,26,3568,0,7,15,2,0.9862,948.744,OPTIMAL,4020.000000,4.0503,16.2007
2026-09-05T00:23:55.646634+00:00,0,141,avg-p50p75-1.2xalloc,sketch,avgp50p75bump,10,1.0,28,1311,67,88,19,3468,0,2,3,0,0.9894,2369.800,OPTIMAL,4025.000000,5.6234,13.0889
2026-09-05T00:23:56.277061+00:00,0,141,window-avg,sketch,window,10,1.0,28,1071,63,114,25,3678,0,0,68,1,0.9188,543.311,OPTIMAL,4023.000000,11.1803,27.7004
2026-09-05T00:23:56.833054+00:00,0,141,p90,sketch,p90,10,1.0,28,1246,66,109,21,3511,0,0,37,0,0.9487,474.422,OPTIMAL,4026.000000,11.0364,14.6354
2026-09-05T00:23:57.614868+00:00,0,141,avg-epoch,sketch,avg,10,1.0,28,1046,61,95,27,3720,0,0,57,0,0.8997,708.652,OPTIMAL,4021.000000,8.9047,26.1629
2026-09-05T00:24:01.920889+00:00,0,142,static,static,request,0,0.0,27,1753,22,97,13,3039,0,0,8,0,0.9921,428.783,OPTIMAL,22.000000,43.9580,74.0286
2026-09-05T00:24:03.020917+00:00,0,142,reassign,static,request,10,1.0,27,1721,62,87,26,3081,0,0,14,2,0.9918,1087.458,OPTIMAL,4022.000000,40.4075,79.0733
2026-09-05T00:24:03.310413+00:00,0,142,dynamic,sketch,p50,0,0.0,27,1070,23,106,35,3714,0,0,78,2,0.8994,185.847,OPTIMAL,23.000000,9.6627,23.1485
2026-09-05T00:24:04.174707+00:00,0,142,dynamic+reassign,sketch,p50,10,1.0,27,1061,63,109,28,3720,0,1,71,1,0.9010,773.709,OPTIMAL,4022.000000,10.1581,23.1485
2026-09-05T00:24:05.681754+00:00,0,142,p50-1.2xalloc,sketch,p50bump,10,1.0,27,1186,65,111,27,3595,0,3,1,1,0.9863,1417.244,OPTIMAL,4022.000000,2.2209,1.3754
2026-09-05T00:24:06.977428+00:00,0,142,avg-p50p75-1.2xalloc,sketch,avgp50p75bump,10,1.0,27,1311,68,99,17,3485,0,2,3,0,0.9895,1223.609,OPTIMAL,4026.000000,5.0071,3.6185
2026-09-05T00:24:08.316195+00:00,0,142,window-avg,sketch,window,10,1.0,27,1075,64,109,29,3707,0,1,72,2,0.9186,1255.883,OPTIMAL,4023.000000,10.8993,22.9687
2026-09-05T00:24:08.880811+00:00,0,142,p90,sketch,p90,10,1.0,27,1247,68,113,24,3535,0,2,43,1,0.9487,482.236,OPTIMAL,4026.000000,11.2304,14.8196
2026-09-05T00:24:09.807083+00:00,0,142,avg-epoch,sketch,avg,10,1.0,27,1052,63,94,24,3744,0,0,56,0,0.8996,855.497,OPTIMAL,4023.000000,9.2277,24.2100
2026-09-05T00:24:13.968069+00:00,0,143,static,static,request,0,0.0,37,1768,23,90,30,3069,0,0,9,0,0.9920,313.195,OPTIMAL,23.000000,44.5432,89.7354
2026-09-05T00:24:15.682303+00:00,0,143,reassign,static,request,10,1.0,37,1736,63,84,26,3107,0,0,8,0,0.9918,1702.201,OPTIMAL,4023.000000,40.7541,89.3611
2026-09-05T00:24:15.897209+00:00,0,143,dynamic,sketch,p50,0,0.0,37,1084,22,104,24,3738,0,0,67,3,0.8993,115.854,OPTIMAL,22.000000,8.7111,25.5651
2026-09-05T00:24:17.791229+00:00,0,143,dynamic+reassign,sketch,p50,10,1.0,37,1075,64,107,26,3746,0,1,65,1,0.9010,1806.715,OPTIMAL,4023.000000,8.8344,24.2621
2026-09-05T00:24:20.663443+00:00,0,143,p50-1.2xalloc,sketch,p50bump,10,1.0,37,1198,66,111,26,3621,0,5,21,4,0.9862,2784.962,OPTIMAL,4021.000000,3.1458,4.9339
2026-09-05T00:24:21.674414+00:00,0,143,avg-p50p75-1.2xalloc,sketch,avgp50p75bump,10,1.0,37,1320,59,102,19,3504,0,6,13,3,0.9895,930.746,OPTIMAL,3716.000000,6.1940,12.8117
2026-09-05T00:24:22.239392+00:00,0,143,window-avg,sketch,window,10,1.0,37,1088,62,104,27,3734,0,2,61,2,0.9186,483.863,OPTIMAL,4020.000000,9.7329,19.5668
2026-09-05T00:24:22.850809+00:00,0,143,p90,sketch,p90,10,1.0,37,1256,65,118,20,3555,0,1,45,1,0.9487,522.794,OPTIMAL,4024.000000,11.9520,17.9062
2026-09-05T00:24:23.528953+00:00,0,143,avg-epoch,sketch,avg,10,1.0,37,1066,66,102,18,3762,0,0,47,0,0.8997,604.562,OPTIMAL,4026.000000,7.9106,24.7014
2026-09-05T00:24:28.482179+00:00,0,144,static,static,request,0,0.0,32,1777,23,90,23,3092,0,0,10,0,0.9920,1094.808,OPTIMAL,23.000000,39.7230,79.4033
2026-09-05T00:24:28.984098+00:00,0,144,reassign,static,request,10,1.0,32,1745,53,88,18,3125,0,0,14,0,0.9918,490.245,OPTIMAL,3122.000000,36.6620,79.4033
2026-09-05T00:24:29.292501+00:00,0,144,dynamic,sketch,p50,0,0.0,32,1094,26,105,25,3763,0,0,56,1,0.8993,208.043,OPTIMAL,26.000000,7.8159,21.8132
2026-09-05T00:24:31.365527+00:00,0,144,dynamic+reassign,sketch,p50,10,1.0,32,1083,66,113,20,3766,0,0,58,0,0.9011,1973.857,OPTIMAL,4026.000000,7.9251,24.3276
2026-09-05T00:24:33.694586+00:00,0,144,p50-1.2xalloc,sketch,p50bump,10,1.0,32,1204,65,110,26,3647,0,3,6,1,0.9863,2241.745,OPTIMAL,4022.000000,2.8306,1.5877
2026-09-05T00:24:35.177984+00:00,0,144,avg-p50p75-1.2xalloc,sketch,avgp50p75bump,10,1.0,32,1330,68,109,21,3525,0,5,10,3,0.9895,1403.646,OPTIMAL,4023.000000,6.6292,22.2881
2026-09-05T00:24:35.786324+00:00,0,144,window-avg,sketch,window,10,1.0,32,1098,64,103,25,3759,0,0,48,0,0.9187,530.251,OPTIMAL,4024.000000,8.7562,21.6354
2026-09-05T00:24:36.943556+00:00,0,144,p90,sketch,p90,10,1.0,32,1263,67,110,35,3590,0,1,49,1,0.9487,1076.632,OPTIMAL,4026.000000,12.0904,19.7217
2026-09-05T00:24:37.735003+00:00,0,144,avg-epoch,sketch,avg,10,1.0,32,1072,65,106,21,3783,0,1,50,1,0.8998,713.474,OPTIMAL,4024.000000,7.2043,24.5602
2026-09-05T00:24:41.743542+00:00,0,145,static,static,request,0,0.0,34,1788,23,87,26,3118,0,0,10,0,0.9920,110.027,OPTIMAL,23.000000,39.6737,88.3946
2026-09-05T00:24:42.476069+00:00,0,145,reassign,static,request,10,1.0,34,1757,58,88,24,3149,0,0,12,1,0.9917,720.198,OPTIMAL,3424.000000,41.5479,86.7254
2026-09-05T00:24:42.839460+00:00,0,145,dynamic,sketch,p50,0,0.0,34,1102,26,110,21,3784,0,0,55,1,0.8994,252.063,OPTIMAL,26.000000,7.6882,22.0267
2026-09-05T00:24:44.999990+00:00,0,145,dynamic+reassign,sketch,p50,10,1.0,34,1091,65,112,26,3792,0,0,63,1,0.9011,2063.157,OPTIMAL,4025.000000,7.4577,22.1884
2026-09-05T00:24:46.395026+00:00,0,145,p50-1.2xalloc,sketch,p50bump,10,1.0,34,1213,64,107,27,3674,0,4,16,4,0.9863,1310.930,OPTIMAL,4020.000000,3.3764,7.1587
2026-09-05T00:24:47.639168+00:00,0,145,avg-p50p75-1.2xalloc,sketch,avgp50p75bump,10,1.0,34,1336,69,112,26,3551,0,5,22,7,0.9894,1161.873,OPTIMAL,4024.000000,5.3148,6.1883
2026-09-05T00:24:48.258570+00:00,0,145,window-avg,sketch,window,10,1.0,34,1108,65,107,21,3780,0,0,49,0,0.9187,540.697,OPTIMAL,4025.000000,9.9141,22.2667
2026-09-05T00:24:49.253508+00:00,0,145,p90,sketch,p90,10,1.0,34,1270,65,107,28,3618,0,0,51,2,0.9485,914.567,OPTIMAL,4025.000000,13.7176,20.6545
2026-09-05T00:24:51.621741+00:00,0,145,avg-epoch,sketch,avg,10,1.0,34,1081,68,105,29,3812,0,0,54,1,0.8999,2291.923,OPTIMAL,4028.000000,7.3639,22.7240
2026-09-05T00:24:55.677315+00:00,0,146,static,static,request,0,0.0,35,1800,22,91,18,3136,0,0,5,0,0.9921,176.423,OPTIMAL,22.000000,42.7229,86.2128
2026-09-05T00:24:56.402068+00:00,0,146,reassign,static,request,10,1.0,35,1768,55,85,24,3173,0,0,3,0,0.9918,712.532,OPTIMAL,3421.000000,49.4434,89.6805
2026-09-05T00:24:56.735891+00:00,0,146,dynamic,sketch,p50,0,0.0,35,1111,26,110,26,3810,0,0,65,0,0.8994,218.131,OPTIMAL,26.000000,8.3302,24.2542
2026-09-05T00:24:57.799998+00:00,0,146,dynamic+reassign,sketch,p50,10,1.0,35,1101,66,112,26,3818,0,0,64,1,0.9010,966.995,OPTIMAL,4026.000000,9.1405,25.1613
2026-09-05T00:24:58.627985+00:00,0,146,p50-1.2xalloc,sketch,p50bump,10,1.0,35,1224,60,103,24,3698,0,6,26,5,0.9864,732.952,OPTIMAL,4014.000000,3.8979,18.2010
2026-09-05T00:25:00.334174+00:00,0,146,avg-p50p75-1.2xalloc,sketch,avgp50p75bump,10,1.0,35,1342,65,109,28,3579,0,7,22,5,0.9894,1608.622,OPTIMAL,4018.000000,6.1821,19.1602
2026-09-05T00:25:01.550151+00:00,0,146,window-avg,sketch,window,10,1.0,35,1118,66,105,28,3808,0,0,59,0,0.9187,1124.071,OPTIMAL,4026.000000,7.8194,20.7956
2026-09-05T00:25:02.778806+00:00,0,146,p90,sketch,p90,10,1.0,35,1280,63,110,20,3638,0,2,45,0,0.9484,1132.629,OPTIMAL,4021.000000,13.4529,22.4784
2026-09-05T00:25:05.015521+00:00,0,146,avg-epoch,sketch,avg,10,1.0,35,1088,67,117,15,3827,0,1,55,1,0.9000,2136.973,OPTIMAL,4026.000000,9.2561,26.1563
2026-09-05T00:25:09.112160+00:00,0,147,static,static,request,0,0.0,35,1813,22,89,24,3160,0,0,8,0,0.9921,234.127,OPTIMAL,22.000000,47.1978,94.3080
2026-09-05T00:25:09.685924+00:00,0,147,reassign,static,request,10,1.0,35,1782,47,90,15,3188,0,0,5,1,0.9918,561.863,OPTIMAL,2720.000000,51.1931,97.3330
2026-09-05T00:25:09.956164+00:00,0,147,dynamic,sketch,p50,0,0.0,35,1120,27,113,24,3834,0,0,67,1,0.8992,155.140,OPTIMAL,27.000000,10.6594,27.6051
2026-09-05T00:25:11.077848+00:00,0,147,dynamic+reassign,sketch,p50,10,1.0,35,1110,68,112,28,3846,0,1,69,1,0.9009,1025.877,OPTIMAL,4027.000000,11.0271,29.4762
2026-09-05T00:25:11.927416+00:00,0,147,p50-1.2xalloc,sketch,p50bump,10,1.0,35,1239,62,92,33,3731,0,2,18,4,0.9863,777.961,OPTIMAL,4020.000000,3.5605,17.5765
2026-09-05T00:25:12.926852+00:00,0,147,avg-p50p75-1.2xalloc,sketch,avgp50p75bump,10,1.0,35,1352,64,108,25,3604,0,2,4,2,0.9894,916.819,OPTIMAL,4022.000000,5.8285,4.0764
2026-09-05T00:25:13.583824+00:00,0,147,window-avg,sketch,window,10,1.0,35,1127,68,109,24,3832,0,1,56,1,0.9186,577.494,OPTIMAL,4027.000000,9.9102,26.1645
2026-09-05T00:25:15.361523+00:00,0,147,p90,sketch,p90,10,1.0,35,1292,64,105,29,3667,0,2,50,1,0.9483,1700.508,OPTIMAL,4022.000000,10.4450,15.2528
2026-09-05T00:25:16.751181+00:00,0,147,avg-epoch,sketch,avg,10,1.0,35,1096,69,110,36,3863,0,1,66,1,0.8999,1310.109,OPTIMAL,4028.000000,8.6500,27.4294
2026-09-05T00:25:20.746890+00:00,0,148,static,static,request,0,0.0,31,1822,18,88,19,3179,0,0,8,0,0.9921,101.649,OPTIMAL,18.000000,50.9889,106.8934
2026-09-05T00:25:21.311435+00:00,0,148,reassign,static,request,10,1.0,31,1793,54,89,21,3209,0,0,11,1,0.9917,552.150,OPTIMAL,3420.000000,55.7246,111.1741
2026-09-05T00:25:21.682225+00:00,0,148,dynamic,sketch,p50,0,0.0,31,1124,27,109,31,3865,0,0,57,0,0.8992,258.636,OPTIMAL,27.000000,7.4432,23.4459
2026-09-05T00:25:32.011525+00:00,0,148,dynamic+reassign,sketch,p50,10,1.0,31,1113,68,112,28,3874,0,1,56,0,0.9009,10233.786,OPTIMAL,4027.000000,7.6854,25.7583
2026-09-05T00:25:33.635989+00:00,0,148,p50-1.2xalloc,sketch,p50bump,10,1.0,31,1248,63,94,21,3752,0,2,21,4,0.9863,1548.501,OPTIMAL,4021.000000,3.7118,20.7699
2026-09-05T00:25:35.081913+00:00,0,148,avg-p50p75-1.2xalloc,sketch,avgp50p75bump,10,1.0,31,1359,63,103,28,3632,0,3,21,6,0.9894,1365.123,OPTIMAL,4020.000000,7.2688,27.8832
2026-09-05T00:25:36.051739+00:00,0,148,window-avg,sketch,window,10,1.0,31,1130,65,106,28,3860,0,0,51,1,0.9187,890.254,OPTIMAL,4025.000000,7.7792,19.2880
2026-09-05T00:25:36.541242+00:00,0,148,p90,sketch,p90,10,1.0,31,1299,56,101,22,3689,0,0,46,2,0.9483,408.574,OPTIMAL,3818.000000,10.2450,14.3076
2026-09-05T00:25:41.031097+00:00,0,148,avg-epoch,sketch,avg,10,1.0,31,1098,70,113,27,3890,0,1,52,1,0.9000,4408.892,OPTIMAL,4029.000000,6.2834,19.4968
2026-09-05T00:25:45.052171+00:00,0,149,static,static,request,0,0.0,29,1833,21,88,21,3200,0,0,4,0,0.9921,131.207,OPTIMAL,21.000000,50.5139,102.7681
2026-09-05T00:25:45.865984+00:00,0,149,reassign,static,request,10,1.0,29,1802,62,85,26,3235,0,0,8,1,0.9917,801.532,OPTIMAL,4022.000000,46.8635,101.0385
2026-09-05T00:25:46.213773+00:00,0,149,dynamic,sketch,p50,0,0.0,29,1126,28,114,23,3888,0,0,63,0,0.8992,232.393,OPTIMAL,28.000000,9.7103,26.1715
2026-09-05T00:25:48.693071+00:00,0,149,dynamic+reassign,sketch,p50,10,1.0,29,1114,69,114,27,3901,0,0,65,1,0.9008,2383.203,OPTIMAL,4029.000000,9.6452,28.8817
2026-09-05T00:25:49.709439+00:00,0,149,p50-1.2xalloc,sketch,p50bump,10,1.0,29,1254,62,96,20,3772,0,5,9,2,0.9863,941.618,OPTIMAL,4017.000000,5.1581,21.9926
2026-09-05T00:25:50.631386+00:00,0,149,avg-p50p75-1.2xalloc,sketch,avgp50p75bump,10,1.0,29,1365,63,101,25,3657,0,3,5,1,0.9894,844.251,OPTIMAL,4020.000000,5.9888,20.6611
2026-09-05T00:25:51.911267+00:00,0,149,window-avg,sketch,window,10,1.0,29,1134,67,109,24,3884,0,1,54,1,0.9187,1200.208,OPTIMAL,4026.000000,10.8526,26.4481
2026-09-05T00:25:53.713347+00:00,0,149,p90,sketch,p90,10,1.0,29,1310,63,94,30,3719,0,2,38,1,0.9484,1730.966,OPTIMAL,4021.000000,11.2936,15.0825
2026-09-05T00:25:54.982373+00:00,0,149,avg-epoch,sketch,avg,10,1.0,29,1097,70,121,22,3912,0,1,58,1,0.9001,1184.039,OPTIMAL,4029.000000,7.5856,21.5718
