timestamp_utc,run,epoch,scenario,estimator,rule,gamma,lam,arrivals,pending_before,assigned,running,completed_this_epoch,completed_total,evicted_total,moves_this_epoch,constrained_tasks,overcommitted_nodes,mean_grant_ratio,solver_ms,solver_status,objective,est_cpu_err_mean,est_cpu_err_p90
2026-09-04T08:06:04.024546+00:00,0,0,static,static,request,0,0.0,38,38,38,38,0,0,0,0,0,0,1.0000,69.959,OPTIMAL,38.000000,,
2026-09-04T08:06:04.081787+00:00,0,0,reassign,static,request,10,1.0,38,38,38,38,0,0,0,0,0,0,1.0000,56.687,OPTIMAL,38.000000,,
2026-09-04T08:06:04.139523+00:00,0,0,dynamic,sketch,p50,0,0.0,38,38,38,38,0,0,0,0,0,0,1.0000,57.218,OPTIMAL,38.000000,,
2026-09-04T08:06:04.196316+00:00,0,0,dynamic+reassign,sketch,p50,10,1.0,38,38,38,38,0,0,0,0,0,0,1.0000,56.289,OPTIMAL,38.000000,,
2026-09-04T08:06:04.256203+00:00,0,0,p50-1.2xalloc,sketch,p50bump,10,1.0,38,38,38,38,0,0,0,0,0,0,1.0000,59.384,OPTIMAL,38.000000,,
2026-09-04T08:06:04.318616+00:00,0,0,avg-p50p75-1.2xalloc,sketch,avgp50p75bump,10,1.0,38,38,38,38,0,0,0,0,0,0,1.0000,61.871,OPTIMAL,38.000000,,
2026-09-04T08:06:04.381044+00:00,0,0,window-avg,sketch,window,10,1.0,38,38,38,38,0,0,0,0,0,0,1.0000,61.861,OPTIMAL,38.000000,,
2026-09-04T08:06:04.444092+00:00,0,0,p90,sketch,p90,10,1.0,38,38,38,38,0,0,0,0,0,0,1.0000,62.507,OPTIMAL,38.000000,,
2026-09-04T08:06:04.508107+00:00,0,0,avg-epoch,sketch,avg,10,1.0,38,38,38,38,0,0,0,0,0,0,1.0000,63.455,OPTIMAL,38.000000,,
2026-09-04T08:06:08.017667+00:00,0,1,static,static,request,0,0.0,23,23,23,61,0,0,0,0,0,0,1.0000,36.247,OPTIMAL,23.000000,49.4735,92.2246
2026-09-04T08:06:08.142050+00:00,0,1,reassign,static,request,10,1.0,23,23,61,61,0,0,0,0,0,0,1.0000,119.591,OPTIMAL,3823.000000,49.4735,92.2246
2026-09-04T08:06:08.216040+00:00,0,1,dynamic,sketch,p50,0,0.0,23,23,23,61,0,0,0,0,0,0,1.0000,36.827,OPTIMAL,23.000000,0.6072,1.0459
2026-09-04T08:06:08.391391+00:00,0,1,dynamic+reassign,sketch,p50,10,1.0,23,23,61,61,0,0,0,0,0,0,1.0000,134.310,OPTIMAL,3823.000000,0.6072,1.0459
2026-09-04T08:06:08.555085+00:00,0,1,p50-1.2xalloc,sketch,p50bump,10,1.0,23,23,61,61,0,0,0,0,0,0,1.0000,125.790,OPTIMAL,3823.000000,3.1130,1.3019
2026-09-04T08:06:08.727390+00:00,0,1,avg-p50p75-1.2xalloc,sketch,avgp50p75bump,10,1.0,23,23,61,61,0,0,0,0,0,0,1.0000,137.619,OPTIMAL,3823.000000,6.0799,3.7352
2026-09-04T08:06:08.896485+00:00,0,1,window-avg,sketch,window,10,1.0,23,23,61,61,0,0,0,0,0,0,1.0000,131.125,OPTIMAL,3823.000000,0.1153,0.3325
2026-09-04T08:06:09.062072+00:00,0,1,p90,sketch,p90,10,1.0,23,23,61,61,0,0,0,0,0,0,1.0000,131.723,OPTIMAL,3823.000000,12.7199,14.5421
2026-09-04T08:06:09.229479+00:00,0,1,avg-epoch,sketch,avg,10,1.0,23,23,61,61,0,0,0,0,0,0,1.0000,130.828,OPTIMAL,3823.000000,0.1153,0.3325
2026-09-04T08:06:13.002917+00:00,0,2,static,static,request,0,0.0,36,36,32,85,8,8,0,0,7,0,0.9955,125.848,OPTIMAL,32.000000,47.7135,102.4385
2026-09-04T08:06:14.139943+00:00,0,2,reassign,static,request,10,1.0,36,36,76,89,8,8,0,0,7,0,0.9955,1129.669,OPTIMAL,4036.000000,47.7135,102.4385
2026-09-04T08:06:14.246423+00:00,0,2,dynamic,sketch,p50,0,0.0,36,36,36,89,8,8,0,0,27,0,0.9647,55.325,OPTIMAL,36.000000,6.2844,19.9216
2026-09-04T08:06:14.613430+00:00,0,2,dynamic+reassign,sketch,p50,10,1.0,36,36,76,89,8,8,0,0,27,0,0.9647,310.504,OPTIMAL,4036.000000,6.2844,19.9216
2026-09-04T08:06:14.982341+00:00,0,2,p50-1.2xalloc,sketch,p50bump,10,1.0,36,36,76,89,8,8,0,2,13,2,0.9929,315.969,OPTIMAL,4034.000000,4.3047,13.1264
2026-09-04T08:06:16.192062+00:00,0,2,avg-p50p75-1.2xalloc,sketch,avgp50p75bump,10,1.0,36,36,76,89,8,8,0,2,11,1,0.9942,1156.981,OPTIMAL,4034.000000,7.3566,18.6782
2026-09-04T08:06:16.522753+00:00,0,2,window-avg,sketch,window,10,1.0,36,36,76,89,8,8,0,0,27,0,0.9658,278.176,OPTIMAL,4036.000000,7.7827,20.7182
2026-09-04T08:06:17.039361+00:00,0,2,p90,sketch,p90,10,1.0,36,36,76,89,8,8,0,0,15,0,0.9841,468.652,OPTIMAL,4036.000000,10.7589,14.4204
2026-09-04T08:06:17.821509+00:00,0,2,avg-epoch,sketch,avg,10,1.0,36,36,76,89,8,8,0,0,27,0,0.9658,727.592,OPTIMAL,4036.000000,6.6251,19.9818
2026-09-04T08:06:21.834333+00:00,0,3,static,static,request,0,0.0,34,38,28,103,10,18,0,0,9,1,0.9947,145.517,OPTIMAL,28.000000,46.1387,89.6613
2026-09-04T08:06:22.300251+00:00,0,3,reassign,static,request,10,1.0,34,34,51,104,10,18,0,0,6,0,0.9951,454.960,OPTIMAL,2625.000000,45.9900,89.6613
2026-09-04T08:06:22.481758+00:00,0,3,dynamic,sketch,p50,0,0.0,34,34,30,110,9,17,0,0,39,0,0.9507,98.721,OPTIMAL,30.000000,6.6655,19.6775
2026-09-04T08:06:23.012833+00:00,0,3,dynamic+reassign,sketch,p50,10,1.0,34,34,71,111,9,17,0,1,40,1,0.9453,456.181,OPTIMAL,4030.000000,6.6655,19.6775
2026-09-04T08:06:23.657117+00:00,0,3,p50-1.2xalloc,sketch,p50bump,10,1.0,34,34,69,108,10,18,0,4,4,1,0.9902,561.707,OPTIMAL,4025.000000,2.6105,1.5603
2026-09-04T08:06:24.307040+00:00,0,3,avg-p50p75-1.2xalloc,sketch,avgp50p75bump,10,1.0,34,34,71,110,10,18,0,2,9,1,0.9966,564.947,OPTIMAL,4029.000000,6.0213,20.1608
2026-09-04T08:06:24.793927+00:00,0,3,window-avg,sketch,window,10,1.0,34,34,69,109,9,17,0,1,37,1,0.9482,411.882,OPTIMAL,4028.000000,7.6496,20.8074
2026-09-04T08:06:25.503888+00:00,0,3,p90,sketch,p90,10,1.0,34,34,70,109,10,18,0,3,28,1,0.9720,633.832,OPTIMAL,4027.000000,11.1161,14.2247
2026-09-04T08:06:25.955623+00:00,0,3,avg-epoch,sketch,avg,10,1.0,34,34,72,112,9,17,0,1,38,0,0.9509,377.828,OPTIMAL,4031.000000,6.8724,21.0850
2026-09-04T08:06:30.060639+00:00,0,4,static,static,request,0,0.0,36,46,22,108,17,35,0,0,9,0,0.9937,205.342,OPTIMAL,22.000000,47.2866,94.0504
2026-09-04T08:06:30.590501+00:00,0,4,reassign,static,request,10,1.0,36,45,47,106,18,36,0,0,14,1,0.9932,517.416,OPTIMAL,2720.000000,46.3434,94.0504
2026-09-04T08:06:31.338888+00:00,0,4,dynamic,sketch,p50,0,0.0,36,40,32,123,19,36,0,0,54,1,0.9388,659.719,OPTIMAL,32.000000,7.1599,20.6120
2026-09-04T08:06:34.056781+00:00,0,4,dynamic+reassign,sketch,p50,10,1.0,36,39,70,122,19,36,0,1,60,3,0.9353,2631.582,OPTIMAL,4029.000000,7.3083,20.6120
2026-09-04T08:06:35.421107+00:00,0,4,p50-1.2xalloc,sketch,p50bump,10,1.0,36,41,71,121,18,36,0,3,24,4,0.9839,1285.467,OPTIMAL,4028.000000,1.9154,1.5689
2026-09-04T08:06:37.286198+00:00,0,4,avg-p50p75-1.2xalloc,sketch,avgp50p75bump,10,1.0,36,39,66,118,18,36,0,3,22,3,0.9873,1783.692,OPTIMAL,4023.000000,5.6194,11.2402
2026-09-04T08:06:38.516685+00:00,0,4,window-avg,sketch,window,10,1.0,36,41,72,122,19,36,0,1,51,2,0.9417,1144.799,OPTIMAL,4031.000000,8.9228,22.3488
2026-09-04T08:06:39.300018+00:00,0,4,p90,sketch,p90,10,1.0,36,40,66,117,18,36,0,2,37,2,0.9676,705.607,OPTIMAL,4024.000000,11.6308,17.3231
2026-09-04T08:06:40.317943+00:00,0,4,avg-epoch,sketch,avg,10,1.0,36,38,70,123,19,36,0,1,57,2,0.9378,929.587,OPTIMAL,4029.000000,7.9408,20.5573
2026-09-04T08:06:46.122870+00:00,0,5,static,static,request,0,0.0,34,58,32,114,26,61,0,0,12,1,0.9923,1912.552,OPTIMAL,32.000000,42.6823,89.9188
2026-09-04T08:06:52.344416+00:00,0,5,reassign,static,request,10,1.0,34,59,68,113,26,62,0,0,9,0,0.9931,6209.828,OPTIMAL,3533.000000,41.5240,90.7376
2026-09-04T08:06:52.618026+00:00,0,5,dynamic,sketch,p50,0,0.0,34,42,24,133,14,50,0,0,58,0,0.9314,169.455,OPTIMAL,24.000000,8.3714,27.8475
2026-09-04T08:06:55.115851+00:00,0,5,dynamic+reassign,sketch,p50,10,1.0,34,43,65,132,15,51,0,0,62,1,0.9280,2394.776,OPTIMAL,4025.000000,8.6654,27.8475
2026-09-04T08:07:14.239556+00:00,0,5,p50-1.2xalloc,sketch,p50bump,10,1.0,34,44,69,123,27,63,0,7,39,7,0.9827,19035.860,OPTIMAL,4022.000000,2.7473,10.2013
2026-09-04T08:07:16.399624+00:00,0,5,avg-p50p75-1.2xalloc,sketch,avgp50p75bump,10,1.0,34,47,69,120,27,63,0,3,28,7,0.9870,2057.745,OPTIMAL,4026.000000,5.7618,19.1008
2026-09-04T08:07:18.335551+00:00,0,5,window-avg,sketch,window,10,1.0,34,43,63,133,15,51,0,0,59,1,0.9349,1832.374,OPTIMAL,3726.000000,9.8235,25.7838
2026-09-04T08:07:32.349153+00:00,0,5,p90,sketch,p90,10,1.0,34,48,70,126,21,57,0,2,42,1,0.9626,13920.444,OPTIMAL,4028.000000,12.1064,18.2343
2026-09-04T08:07:33.853121+00:00,0,5,avg-epoch,sketch,avg,10,1.0,34,42,65,134,14,50,0,0,65,1,0.9289,1388.644,OPTIMAL,4025.000000,9.0873,27.4676
2026-09-04T08:07:38.082108+00:00,0,6,static,static,request,0,0.0,29,55,30,113,31,92,0,0,10,1,0.9929,512.946,OPTIMAL,30.000000,45.1599,93.2950
2026-09-04T08:07:44.808566+00:00,0,6,reassign,static,request,10,1.0,29,55,72,113,32,94,0,0,11,1,0.9934,6712.855,OPTIMAL,4032.000000,45.4336,95.3107
2026-09-04T08:07:45.406009+00:00,0,6,dynamic,sketch,p50,0,0.0,29,47,35,127,41,91,0,0,75,1,0.9231,510.649,OPTIMAL,35.000000,7.7587,22.9489
2026-09-04T08:07:46.931637+00:00,0,6,dynamic+reassign,sketch,p50,10,1.0,29,47,74,126,40,91,0,0,75,2,0.9203,1441.904,OPTIMAL,4034.000000,7.4756,22.2706
2026-09-04T08:07:48.539751+00:00,0,6,p50-1.2xalloc,sketch,p50bump,10,1.0,29,44,70,121,32,95,0,1,13,4,0.9842,1521.983,OPTIMAL,4029.000000,2.4494,1.6475
2026-09-04T08:07:50.130371+00:00,0,6,avg-p50p75-1.2xalloc,sketch,avgp50p75bump,10,1.0,29,47,73,119,34,97,0,1,21,4,0.9876,1508.334,OPTIMAL,4032.000000,4.6209,3.8728
2026-09-04T08:07:51.108670+00:00,0,6,window-avg,sketch,window,10,1.0,29,46,72,127,38,89,0,0,69,1,0.9319,889.941,OPTIMAL,4032.000000,8.5811,18.7432
2026-09-04T08:07:59.787024+00:00,0,6,p90,sketch,p90,10,1.0,29,47,71,121,36,93,0,0,47,1,0.9596,8596.049,OPTIMAL,4031.000000,11.2897,15.3501
2026-09-04T08:08:10.818464+00:00,0,6,avg-epoch,sketch,avg,10,1.0,29,46,73,126,41,91,0,0,80,1,0.9207,10944.002,OPTIMAL,4033.000000,8.3621,22.0560
2026-09-04T08:08:15.003907+00:00,0,7,static,static,request,0,0.0,28,53,23,114,22,114,0,0,10,0,0.9930,263.826,OPTIMAL,23.000000,47.2673,88.6162
2026-09-04T08:08:15.586242+00:00,0,7,reassign,static,request,10,1.0,28,51,47,113,20,114,0,0,9,0,0.9937,568.719,OPTIMAL,2720.000000,47.7395,84.0840
2026-09-04T08:08:15.951363+00:00,0,7,dynamic,sketch,p50,0,0.0,28,40,27,127,27,118,0,0,69,2,0.9198,261.013,OPTIMAL,27.000000,7.9792,23.7833
2026-09-04T08:08:16.938649+00:00,0,7,dynamic+reassign,sketch,p50,10,1.0,28,41,67,126,27,118,0,1,66,1,0.9180,884.760,OPTIMAL,4026.000000,8.1546,24.4639
2026-09-04T08:08:18.693956+00:00,0,7,p50-1.2xalloc,sketch,p50bump,10,1.0,28,42,67,121,27,122,0,4,23,5,0.9834,1655.811,OPTIMAL,4023.000000,3.1253,12.2690
2026-09-04T08:08:19.390829+00:00,0,7,avg-p50p75-1.2xalloc,sketch,avgp50p75bump,10,1.0,28,42,59,120,22,119,0,7,14,2,0.9883,603.194,OPTIMAL,3616.000000,6.4881,20.1946
2026-09-04T08:08:20.128794+00:00,0,7,window-avg,sketch,window,10,1.0,28,42,68,127,28,117,0,1,64,2,0.9308,647.451,OPTIMAL,4027.000000,9.6207,24.3990
2026-09-04T08:08:20.924260+00:00,0,7,p90,sketch,p90,10,1.0,28,44,66,122,25,118,0,1,49,1,0.9592,706.239,OPTIMAL,4025.000000,10.7414,15.0361
2026-09-04T08:08:21.472998+00:00,0,7,avg-epoch,sketch,avg,10,1.0,28,41,67,128,25,116,0,1,71,2,0.9182,454.216,OPTIMAL,4026.000000,8.4964,23.8652
2026-09-04T08:08:25.522128+00:00,0,8,static,static,request,0,0.0,27,57,23,110,27,141,0,0,11,0,0.9932,97.573,OPTIMAL,23.000000,39.5075,82.3569
2026-09-04T08:08:27.366429+00:00,0,8,reassign,static,request,10,1.0,27,58,63,112,28,142,0,0,11,0,0.9938,1830.578,OPTIMAL,3627.000000,38.8701,82.7475
2026-09-04T08:08:27.527379+00:00,0,8,dynamic,sketch,p50,0,0.0,27,40,28,125,30,148,0,0,79,1,0.9142,65.958,OPTIMAL,28.000000,10.0969,27.4234
2026-09-04T08:08:28.278249+00:00,0,8,dynamic+reassign,sketch,p50,10,1.0,27,41,69,124,31,149,0,2,77,1,0.9144,658.508,OPTIMAL,4027.000000,10.0151,27.4234
2026-09-04T08:08:29.066568+00:00,0,8,p50-1.2xalloc,sketch,p50bump,10,1.0,27,42,64,118,27,149,0,4,18,5,0.9838,696.100,OPTIMAL,4020.000000,3.6567,17.2392
2026-09-04T08:08:29.842773+00:00,0,8,avg-p50p75-1.2xalloc,sketch,avgp50p75bump,10,1.0,27,46,67,117,30,149,0,3,11,2,0.9890,686.134,OPTIMAL,4024.000000,5.5017,17.2392
2026-09-04T08:08:30.538781+00:00,0,8,window-avg,sketch,window,10,1.0,27,41,68,124,31,148,0,1,72,0,0.9294,603.528,OPTIMAL,4027.000000,9.1670,23.1102
2026-09-04T08:08:31.351277+00:00,0,8,p90,sketch,p90,10,1.0,27,45,67,120,29,147,0,1,52,0,0.9575,729.009,OPTIMAL,4026.000000,10.9942,18.7211
2026-09-04T08:08:31.856051+00:00,0,8,avg-epoch,sketch,avg,10,1.0,27,41,68,124,32,148,0,1,80,0,0.9145,415.487,OPTIMAL,4027.000000,10.4270,26.1649
2026-09-04T08:08:35.991332+00:00,0,9,static,static,request,0,0.0,33,67,30,112,28,169,0,0,4,0,0.9940,299.542,OPTIMAL,30.000000,49.5796,91.9780
2026-09-04T08:08:36.860108+00:00,0,9,reassign,static,request,10,1.0,33,64,64,114,27,169,0,0,4,0,0.9944,855.289,OPTIMAL,3529.000000,49.8154,92.8540
2026-09-04T08:08:37.144791+00:00,0,9,dynamic,sketch,p50,0,0.0,33,45,29,130,24,172,0,0,72,3,0.9109,178.517,OPTIMAL,29.000000,8.1206,23.1446
2026-09-04T08:08:38.285949+00:00,0,9,dynamic+reassign,sketch,p50,10,1.0,33,45,71,131,24,173,0,2,72,2,0.9131,1036.560,OPTIMAL,4029.000000,8.0347,23.1446
2026-09-04T08:08:41.566084+00:00,0,9,p50-1.2xalloc,sketch,p50bump,10,1.0,33,51,73,122,29,178,0,0,10,3,0.9856,3196.063,OPTIMAL,4033.000000,1.0332,1.3268
2026-09-04T08:08:44.421753+00:00,0,9,avg-p50p75-1.2xalloc,sketch,avgp50p75bump,10,1.0,33,52,73,121,29,178,0,4,3,1,0.9902,2771.100,OPTIMAL,4029.000000,5.6875,3.8186
2026-09-04T08:08:45.610687+00:00,0,9,window-avg,sketch,window,10,1.0,33,46,69,130,23,171,0,1,65,1,0.9292,1095.535,OPTIMAL,4028.000000,9.4753,23.2730
2026-09-04T08:08:46.588542+00:00,0,9,p90,sketch,p90,10,1.0,33,51,70,125,25,172,0,0,42,1,0.9573,891.134,OPTIMAL,4030.000000,10.7935,14.1445
2026-09-04T08:08:47.307222+00:00,0,9,avg-epoch,sketch,avg,10,1.0,33,46,71,130,25,173,0,0,74,1,0.9134,628.730,OPTIMAL,4031.000000,8.4194,23.3620
2026-09-04T08:08:51.227542+00:00,0,10,static,static,request,0,0.0,29,66,20,106,26,195,0,0,10,0,0.9937,105.515,OPTIMAL,20.000000,46.4280,81.9640
2026-09-04T08:08:51.623369+00:00,0,10,reassign,static,request,10,1.0,29,64,54,108,28,197,0,0,14,1,0.9940,382.204,OPTIMAL,3222.000000,46.3169,81.0555
2026-09-04T08:08:51.876445+00:00,0,10,dynamic,sketch,p50,0,0.0,29,45,24,124,30,202,0,0,74,1,0.9094,146.945,OPTIMAL,24.000000,9.4568,27.1436
2026-09-04T08:08:53.800556+00:00,0,10,dynamic+reassign,sketch,p50,10,1.0,29,43,62,125,28,201,0,1,72,0,0.9119,1816.303,OPTIMAL,4021.000000,9.1807,25.2829
2026-09-04T08:08:54.351373+00:00,0,10,p50-1.2xalloc,sketch,p50bump,10,1.0,29,47,61,116,27,205,0,5,27,4,0.9851,457.282,OPTIMAL,4016.000000,3.0476,8.2298
2026-09-04T08:08:54.801892+00:00,0,10,avg-p50p75-1.2xalloc,sketch,avgp50p75bump,10,1.0,29,48,60,114,27,205,0,2,10,2,0.9903,360.546,OPTIMAL,4018.000000,5.3534,4.7594
2026-09-04T08:08:55.339127+00:00,0,10,window-avg,sketch,window,10,1.0,29,46,63,124,29,200,0,0,65,0,0.9284,443.587,OPTIMAL,4023.000000,10.2231,24.1041
2026-09-04T08:08:55.987549+00:00,0,10,p90,sketch,p90,10,1.0,29,50,63,116,32,204,0,0,50,0,0.9564,562.497,OPTIMAL,4023.000000,11.8744,15.3884
2026-09-04T08:08:56.775575+00:00,0,10,avg-epoch,sketch,avg,10,1.0,29,44,64,125,29,202,0,0,76,0,0.9120,694.504,OPTIMAL,4024.000000,9.5045,26.0285
2026-09-04T08:09:01.227473+00:00,0,11,static,static,request,0,0.0,36,82,30,109,27,222,0,0,3,0,0.9942,661.921,OPTIMAL,30.000000,44.7104,85.5554
2026-09-04T08:09:04.047328+00:00,0,11,reassign,static,request,10,1.0,36,78,67,110,29,226,0,0,4,0,0.9945,2806.817,OPTIMAL,3631.000000,43.9559,81.0543
2026-09-04T08:09:04.484047+00:00,0,11,dynamic,sketch,p50,0,0.0,36,57,32,127,29,231,0,0,67,1,0.9086,341.055,OPTIMAL,32.000000,7.5273,24.1430
2026-09-04T08:09:05.857058+00:00,0,11,dynamic+reassign,sketch,p50,10,1.0,36,57,72,128,29,230,0,1,69,1,0.9107,1278.766,OPTIMAL,4031.000000,8.0595,24.1430
2026-09-04T08:09:09.703482+00:00,0,11,p50-1.2xalloc,sketch,p50bump,10,1.0,36,62,74,118,32,237,0,3,5,2,0.9857,3761.678,OPTIMAL,4031.000000,2.0149,1.5815
2026-09-04T08:09:13.217152+00:00,0,11,avg-p50p75-1.2xalloc,sketch,avgp50p75bump,10,1.0,36,64,75,121,28,233,0,3,7,3,0.9903,3425.029,OPTIMAL,4032.000000,4.1703,3.4111
2026-09-04T08:09:14.975734+00:00,0,11,window-avg,sketch,window,10,1.0,36,59,73,124,33,233,0,1,62,1,0.9272,1670.001,OPTIMAL,4032.000000,8.2151,22.3547
2026-09-04T08:09:17.550516+00:00,0,11,p90,sketch,p90,10,1.0,36,63,73,120,29,233,0,0,40,0,0.9564,2491.289,OPTIMAL,4033.000000,10.8178,14.9432
2026-09-04T08:09:18.345280+00:00,0,11,avg-epoch,sketch,avg,10,1.0,36,56,73,127,31,233,0,1,70,1,0.9107,699.668,OPTIMAL,4032.000000,8.4607,24.8884
2026-09-04T08:09:23.204745+00:00,0,12,static,static,request,0,0.0,38,90,27,106,30,252,0,0,9,0,0.9937,861.887,OPTIMAL,27.000000,39.9802,76.8651
2026-09-04T08:09:25.135037+00:00,0,12,reassign,static,request,10,1.0,38,85,64,109,29,255,0,0,12,1,0.9939,1916.938,OPTIMAL,3628.000000,40.3036,77.2745
2026-09-04T08:09:28.001161+00:00,0,12,dynamic,sketch,p50,0,0.0,38,63,31,126,32,263,0,0,75,1,0.9068,2771.990,OPTIMAL,31.000000,9.2192,24.7987
2026-09-04T08:09:30.342638+00:00,0,12,dynamic+reassign,sketch,p50,10,1.0,38,63,73,127,34,264,0,1,77,2,0.9084,2260.942,OPTIMAL,4032.000000,9.1672,24.7987
2026-09-04T08:09:33.371718+00:00,0,12,p50-1.2xalloc,sketch,p50bump,10,1.0,38,66,74,120,32,269,0,5,20,3,0.9861,2947.020,OPTIMAL,4029.000000,3.6509,12.4108
2026-09-04T08:09:38.615518+00:00,0,12,avg-p50p75-1.2xalloc,sketch,avgp50p75bump,10,1.0,38,67,72,118,35,268,0,3,36,6,0.9889,5158.982,OPTIMAL,4029.000000,6.7247,25.1863
2026-09-04T08:09:51.328337+00:00,0,12,window-avg,sketch,window,10,1.0,38,64,71,124,31,264,0,0,72,2,0.9259,12620.913,OPTIMAL,4031.000000,9.0650,24.5426
2026-09-04T08:09:58.455266+00:00,0,12,p90,sketch,p90,10,1.0,38,68,72,118,34,267,0,0,47,0,0.9560,7039.461,OPTIMAL,4032.000000,11.9145,16.5159
2026-09-04T08:10:12.028328+00:00,0,12,avg-epoch,sketch,avg,10,1.0,38,61,72,126,33,266,0,0,78,1,0.9085,13485.522,OPTIMAL,4032.000000,9.5356,24.5682
2026-09-04T08:10:16.316006+00:00,0,13,static,static,request,0,0.0,40,103,32,107,31,283,0,0,12,1,0.9934,399.059,OPTIMAL,32.000000,43.4539,87.9516
2026-09-04T08:10:19.112689+00:00,0,13,reassign,static,request,10,1.0,40,97,65,109,29,284,0,0,16,1,0.9936,2783.487,OPTIMAL,3629.000000,43.8958,92.7949
2026-09-04T08:10:20.852485+00:00,0,13,dynamic,sketch,p50,0,0.0,40,72,43,132,37,300,0,0,71,1,0.9071,1653.800,OPTIMAL,43.000000,6.9056,22.1282
2026-09-04T08:10:51.026807+00:00,0,13,dynamic+reassign,sketch,p50,10,1.0,40,70,80,131,36,300,0,1,71,2,0.9091,30088.818,FEASIBLE,4039.000000,6.3577,22.1282
2026-09-04T08:11:21.210863+00:00,0,13,p50-1.2xalloc,sketch,p50bump,10,1.0,40,72,76,124,32,301,0,6,29,5,0.9859,30094.442,FEASIBLE,4030.000000,3.0989,11.6459
2026-09-04T08:11:22.528690+00:00,0,13,avg-p50p75-1.2xalloc,sketch,avgp50p75bump,10,1.0,40,75,75,124,29,297,0,4,13,1,0.9888,1226.930,OPTIMAL,4031.000000,6.2954,17.2093
2026-09-04T08:11:24.623764+00:00,0,13,window-avg,sketch,window,10,1.0,40,73,81,130,35,299,0,0,61,1,0.9256,2011.533,OPTIMAL,4041.000000,8.5205,21.9038
2026-09-04T08:11:35.327292+00:00,0,13,p90,sketch,p90,10,1.0,40,76,77,125,30,297,0,1,41,1,0.9562,10620.503,OPTIMAL,4036.000000,11.3621,14.5216
2026-09-04T08:11:39.753351+00:00,0,13,avg-epoch,sketch,avg,10,1.0,40,69,79,131,34,300,0,1,69,1,0.9088,4339.493,OPTIMAL,4038.000000,7.4399,22.2278
2026-09-04T08:11:43.959776+00:00,0,14,static,static,request,0,0.0,30,101,25,104,28,311,0,0,17,1,0.9929,279.670,OPTIMAL,25.000000,39.0580,77.0758
2026-09-04T08:11:44.718069+00:00,0,14,reassign,static,request,10,1.0,30,98,51,103,29,313,0,0,15,0,0.9933,745.029,OPTIMAL,2823.000000,41.4763,81.8856
2026-09-04T08:11:44.962655+00:00,0,14,dynamic,sketch,p50,0,0.0,30,59,24,124,32,332,0,0,71,2,0.9076,134.722,OPTIMAL,24.000000,6.6569,20.1369
2026-09-04T08:11:45.438228+00:00,0,14,dynamic+reassign,sketch,p50,10,1.0,30,60,63,123,31,331,0,0,67,0,0.9098,367.816,OPTIMAL,4023.000000,6.8238,20.1369
2026-09-04T08:11:46.853778+00:00,0,14,p50-1.2xalloc,sketch,p50bump,10,1.0,30,66,65,118,31,332,0,5,20,5,0.9857,1316.010,OPTIMAL,4020.000000,2.6641,2.7605
2026-09-04T08:11:48.803894+00:00,0,14,avg-p50p75-1.2xalloc,sketch,avgp50p75bump,10,1.0,30,70,62,116,30,327,0,6,32,4,0.9879,1846.283,OPTIMAL,4016.000000,6.4096,18.6623
2026-09-04T08:11:49.432337+00:00,0,14,window-avg,sketch,window,10,1.0,30,62,62,120,32,331,0,0,71,3,0.9252,534.461,OPTIMAL,4022.000000,8.5093,20.8728
2026-09-04T08:11:50.084100+00:00,0,14,p90,sketch,p90,10,1.0,30,69,63,119,29,326,0,1,45,1,0.9561,562.742,OPTIMAL,4022.000000,11.0148,14.4621
2026-09-04T08:11:50.740576+00:00,0,14,avg-epoch,sketch,avg,10,1.0,30,60,64,123,32,332,0,0,76,1,0.9089,564.808,OPTIMAL,4024.000000,7.5498,21.5849
2026-09-04T08:11:54.930072+00:00,0,15,static,static,request,0,0.0,39,115,25,103,26,337,0,0,12,1,0.9929,264.303,OPTIMAL,25.000000,45.2247,85.2714
2026-09-04T08:11:55.846158+00:00,0,15,reassign,static,request,10,1.0,39,114,58,99,28,341,0,0,10,0,0.9934,903.514,OPTIMAL,3424.000000,45.1672,85.2714
2026-09-04T08:11:56.491224+00:00,0,15,dynamic,sketch,p50,0,0.0,39,74,33,128,29,361,0,0,66,3,0.9084,550.910,OPTIMAL,33.000000,7.6475,24.4294
2026-09-04T08:11:59.007741+00:00,0,15,dynamic+reassign,sketch,p50,10,1.0,39,76,75,127,31,362,0,0,66,1,0.9102,2431.183,OPTIMAL,4035.000000,7.5852,23.6298
2026-09-04T08:12:00.719739+00:00,0,15,p50-1.2xalloc,sketch,p50bump,10,1.0,39,80,73,118,33,365,0,2,22,4,0.9859,1637.917,OPTIMAL,4031.000000,1.9003,1.4654
2026-09-04T08:12:03.993370+00:00,0,15,avg-p50p75-1.2xalloc,sketch,avgp50p75bump,10,1.0,39,87,74,112,38,365,0,6,6,2,0.9884,3195.907,OPTIMAL,4028.000000,5.7930,9.1682
2026-09-04T08:12:05.187086+00:00,0,15,window-avg,sketch,window,10,1.0,39,79,73,124,29,360,0,0,56,1,0.9257,1110.678,OPTIMAL,4033.000000,10.5424,24.3216
2026-09-04T08:12:06.187057+00:00,0,15,p90,sketch,p90,10,1.0,39,85,70,118,31,357,0,0,38,1,0.9564,919.748,OPTIMAL,4030.000000,11.2940,15.3715
2026-09-04T08:12:08.176151+00:00,0,15,avg-epoch,sketch,avg,10,1.0,39,75,73,126,30,362,0,0,67,1,0.9093,1911.856,OPTIMAL,4033.000000,8.2685,23.9556
2026-09-04T08:12:12.138435+00:00,0,16,static,static,request,0,0.0,21,111,21,90,34,371,0,0,7,0,0.9931,211.300,OPTIMAL,21.000000,49.5396,94.3432
2026-09-04T08:12:13.660002+00:00,0,16,reassign,static,request,10,1.0,21,111,60,89,30,371,0,1,7,0,0.9935,1508.658,OPTIMAL,4019.000000,49.4207,94.3432
2026-09-04T08:12:13.911649+00:00,0,16,dynamic,sketch,p50,0,0.0,21,62,25,118,35,396,0,0,66,1,0.9082,150.580,OPTIMAL,25.000000,7.4465,21.6374
2026-09-04T08:12:14.628833+00:00,0,16,dynamic+reassign,sketch,p50,10,1.0,21,62,65,117,35,397,0,1,63,1,0.9104,631.035,OPTIMAL,4024.000000,7.2293,21.6374
2026-09-04T08:12:15.393751+00:00,0,16,p50-1.2xalloc,sketch,p50bump,10,1.0,21,68,66,111,33,398,0,2,17,4,0.9859,683.938,OPTIMAL,4024.000000,3.7663,16.5854
2026-09-04T08:12:18.701769+00:00,0,16,avg-p50p75-1.2xalloc,sketch,avgp50p75bump,10,1.0,21,74,67,111,28,393,0,4,6,1,0.9889,3228.304,OPTIMAL,4023.000000,5.6808,16.2162
2026-09-04T08:12:20.371502+00:00,0,16,window-avg,sketch,window,10,1.0,21,67,66,116,34,394,0,1,55,1,0.9257,1583.909,OPTIMAL,4025.000000,9.0480,21.4866
2026-09-04T08:12:22.434687+00:00,0,16,p90,sketch,p90,10,1.0,21,76,69,112,35,392,0,1,41,1,0.9563,1983.360,OPTIMAL,4028.000000,11.2766,14.9288
2026-09-04T08:12:23.888722+00:00,0,16,avg-epoch,sketch,avg,10,1.0,21,63,67,117,36,398,0,2,64,1,0.9091,1376.543,OPTIMAL,4025.000000,7.2495,21.0863
2026-09-04T08:12:27.884464+00:00,0,17,static,static,request,0,0.0,38,128,18,91,17,388,0,0,14,1,0.9927,183.390,OPTIMAL,18.000000,39.4816,79.5922
2026-09-04T08:12:28.774594+00:00,0,17,reassign,static,request,10,1.0,38,129,57,88,18,389,0,0,13,1,0.9933,878.372,OPTIMAL,4017.000000,37.5901,79.8952
2026-09-04T08:12:29.412383+00:00,0,17,dynamic,sketch,p50,0,0.0,38,75,34,127,25,421,0,0,73,2,0.9073,534.273,OPTIMAL,34.000000,9.9406,31.9266
2026-09-04T08:12:32.557401+00:00,0,17,dynamic+reassign,sketch,p50,10,1.0,38,75,71,124,24,421,0,1,72,2,0.9095,3046.901,OPTIMAL,4030.000000,9.7273,30.9332
2026-09-04T08:12:33.444807+00:00,0,17,p50-1.2xalloc,sketch,p50bump,10,1.0,38,80,67,119,19,417,0,3,14,3,0.9861,799.564,OPTIMAL,4024.000000,2.9828,1.7526
2026-09-04T08:12:39.317403+00:00,0,17,avg-p50p75-1.2xalloc,sketch,avgp50p75bump,10,1.0,38,85,60,117,19,412,0,5,19,4,0.9888,5785.635,OPTIMAL,3520.000000,6.5432,21.3807
2026-09-04T08:12:41.726425+00:00,0,17,window-avg,sketch,window,10,1.0,38,79,70,123,23,417,0,0,59,0,0.9254,2331.995,OPTIMAL,4030.000000,9.5160,26.2036
2026-09-04T08:12:42.498843+00:00,0,17,p90,sketch,p90,10,1.0,38,85,67,117,22,414,0,0,40,0,0.9557,690.210,OPTIMAL,4027.000000,13.8836,23.3671
2026-09-04T08:12:44.287030+00:00,0,17,avg-epoch,sketch,avg,10,1.0,38,74,70,125,22,420,0,0,67,1,0.9083,1700.673,OPTIMAL,4030.000000,10.4245,31.6020
2026-09-04T08:12:48.267159+00:00,0,18,static,static,request,0,0.0,30,140,15,85,21,409,0,0,6,0,0.9927,111.368,OPTIMAL,15.000000,38.0379,77.4299
2026-09-04T08:12:50.196533+00:00,0,18,reassign,static,request,10,1.0,30,142,63,87,24,413,0,1,11,1,0.9932,1917.670,OPTIMAL,4022.000000,34.9881,64.3836
2026-09-04T08:12:50.399041+00:00,0,18,dynamic,sketch,p50,0,0.0,30,71,22,126,23,444,0,0,69,2,0.9069,98.445,OPTIMAL,22.000000,9.4768,27.9605
2026-09-04T08:12:50.844813+00:00,0,18,dynamic+reassign,sketch,p50,10,1.0,30,74,59,122,21,442,0,0,67,0,0.9089,343.900,OPTIMAL,4019.000000,9.5262,26.2309
2026-09-04T08:12:51.428202+00:00,0,18,p50-1.2xalloc,sketch,p50bump,10,1.0,30,83,59,114,24,441,0,4,28,5,0.9861,500.750,OPTIMAL,4015.000000,3.5965,11.6716
2026-09-04T08:12:52.627743+00:00,0,18,avg-p50p75-1.2xalloc,sketch,avgp50p75bump,10,1.0,30,90,58,110,25,437,0,6,22,5,0.9887,1110.649,OPTIMAL,4012.000000,6.4898,17.7408
2026-09-04T08:12:53.348290+00:00,0,18,window-avg,sketch,window,10,1.0,30,79,63,121,25,442,0,0,63,0,0.9247,638.485,OPTIMAL,4023.000000,11.0082,26.1640
2026-09-04T08:12:54.293780+00:00,0,18,p90,sketch,p90,10,1.0,30,88,60,116,21,435,0,1,44,0,0.9548,867.058,OPTIMAL,4019.000000,12.6197,18.2125
2026-09-04T08:12:55.026581+00:00,0,18,avg-epoch,sketch,avg,10,1.0,30,74,65,127,23,443,0,1,70,0,0.9076,638.351,OPTIMAL,4024.000000,9.8770,27.0819
2026-09-04T08:12:58.884549+00:00,0,19,static,static,request,0,0.0,45,170,19,84,20,429,0,0,12,1,0.9927,156.968,OPTIMAL,19.000000,39.2097,80.2108
2026-09-04T08:12:59.289444+00:00,0,19,reassign,static,request,10,1.0,45,164,52,91,17,430,0,0,12,0,0.9931,393.420,OPTIMAL,3121.000000,37.7578,77.4298
2026-09-04T08:12:59.564198+00:00,0,19,dynamic,sketch,p50,0,0.0,45,94,27,119,34,478,0,0,75,1,0.9057,179.693,OPTIMAL,27.000000,9.5325,25.7352
2026-09-04T08:13:00.496892+00:00,0,19,dynamic+reassign,sketch,p50,10,1.0,45,100,67,115,34,476,0,2,73,1,0.9075,852.025,OPTIMAL,4025.000000,9.5056,26.5376
2026-09-04T08:13:01.172788+00:00,0,19,p50-1.2xalloc,sketch,p50bump,10,1.0,45,109,60,100,34,475,0,3,17,4,0.9860,604.011,OPTIMAL,4017.000000,2.8556,5.0971
2026-09-04T08:13:03.509060+00:00,0,19,avg-p50p75-1.2xalloc,sketch,avgp50p75bump,10,1.0,45,117,63,98,35,472,0,4,14,2,0.9890,2265.312,OPTIMAL,4019.000000,6.4520,25.9557
2026-09-04T08:13:04.327294+00:00,0,19,window-avg,sketch,window,10,1.0,45,101,65,114,32,474,0,6,62,1,0.9239,736.328,OPTIMAL,4019.000000,9.1755,25.3055
2026-09-04T08:13:05.446329+00:00,0,19,p90,sketch,p90,10,1.0,45,113,58,103,31,466,0,1,45,1,0.9537,1040.457,OPTIMAL,4017.000000,11.6677,16.0126
2026-09-04T08:13:06.983634+00:00,0,19,avg-epoch,sketch,avg,10,1.0,45,94,66,121,32,475,0,1,75,0,0.9069,1451.080,OPTIMAL,4025.000000,9.8600,25.8948
2026-09-04T08:13:11.067116+00:00,0,20,static,static,request,0,0.0,40,191,20,85,19,448,0,0,4,0,0.9928,117.030,OPTIMAL,20.000000,44.2581,86.8050
2026-09-04T08:13:11.815335+00:00,0,20,reassign,static,request,10,1.0,40,183,55,87,23,453,0,0,4,0,0.9932,736.263,OPTIMAL,3619.000000,42.9659,83.3471
2026-09-04T08:13:12.168522+00:00,0,20,dynamic,sketch,p50,0,0.0,40,107,27,116,30,508,0,0,71,1,0.9058,251.718,OPTIMAL,27.000000,7.4388,21.3795
2026-09-04T08:13:14.548103+00:00,0,20,dynamic+reassign,sketch,p50,10,1.0,40,113,68,115,28,504,0,0,65,0,0.9077,2283.946,OPTIMAL,4028.000000,7.0858,20.1624
2026-09-04T08:13:16.010620+00:00,0,20,p50-1.2xalloc,sketch,p50bump,10,1.0,40,129,65,97,28,503,0,2,7,1,0.9861,1389.552,OPTIMAL,4023.000000,1.3859,1.2628
2026-09-04T08:13:17.390546+00:00,0,20,avg-p50p75-1.2xalloc,sketch,avgp50p75bump,10,1.0,40,134,65,93,30,502,0,3,8,1,0.9892,1311.049,OPTIMAL,4022.000000,6.1856,17.6464
2026-09-04T08:13:24.611323+00:00,0,20,window-avg,sketch,window,10,1.0,40,116,67,112,29,503,0,2,65,1,0.9238,7140.714,OPTIMAL,4025.000000,7.8201,18.2615
2026-09-04T08:13:26.878681+00:00,0,20,p90,sketch,p90,10,1.0,40,135,58,90,31,497,0,1,51,3,0.9538,2198.361,OPTIMAL,4017.000000,9.7821,13.6585
2026-09-04T08:13:28.410720+00:00,0,20,avg-epoch,sketch,avg,10,1.0,40,108,67,118,30,505,0,0,75,2,0.9065,1448.788,OPTIMAL,4027.000000,7.6307,21.3012
2026-09-04T08:13:32.531996+00:00,0,21,static,static,request,0,0.0,36,207,19,79,25,473,0,0,11,1,0.9928,196.763,OPTIMAL,19.000000,45.2560,95.0550
2026-09-04T08:13:39.712363+00:00,0,21,reassign,static,request,10,1.0,36,200,60,83,27,480,0,1,10,1,0.9931,7168.711,OPTIMAL,3722.000000,47.7327,95.0550
2026-09-04T08:13:39.982891+00:00,0,21,dynamic,sketch,p50,0,0.0,36,116,30,113,33,541,0,0,65,0,0.9063,183.326,OPTIMAL,30.000000,6.2625,16.9180
2026-09-04T08:13:40.934233+00:00,0,21,dynamic+reassign,sketch,p50,10,1.0,36,121,67,111,31,535,0,0,64,1,0.9078,872.524,OPTIMAL,4027.000000,6.7157,16.9680
2026-09-04T08:13:48.141689+00:00,0,21,p50-1.2xalloc,sketch,p50bump,10,1.0,36,140,65,97,25,528,0,3,11,2,0.9861,7146.240,OPTIMAL,4022.000000,3.1100,5.9209
2026-09-04T08:13:50.206058+00:00,0,21,avg-p50p75-1.2xalloc,sketch,avgp50p75bump,10,1.0,36,145,63,98,18,520,0,5,16,4,0.9894,1991.487,OPTIMAL,4018.000000,6.6469,21.9993
2026-09-04T08:13:52.373272+00:00,0,21,window-avg,sketch,window,10,1.0,36,125,69,110,31,534,0,1,58,1,0.9241,2095.583,OPTIMAL,4028.000000,8.5667,22.5850
2026-09-04T08:13:54.128671+00:00,0,21,p90,sketch,p90,10,1.0,36,153,64,88,26,523,0,0,38,1,0.9534,1693.790,OPTIMAL,4024.000000,10.3356,14.1564
2026-09-04T08:13:55.733986+00:00,0,21,avg-epoch,sketch,avg,10,1.0,36,117,68,115,31,536,0,0,71,1,0.9070,1529.412,OPTIMAL,4028.000000,7.6153,19.9522
2026-09-04T08:13:59.816483+00:00,0,22,static,static,request,0,0.0,37,225,20,74,25,498,0,0,8,1,0.9929,222.526,OPTIMAL,20.000000,46.3357,96.6565
2026-09-04T08:14:00.211637+00:00,0,22,reassign,static,request,10,1.0,37,214,54,82,22,502,0,0,6,0,0.9932,384.206,OPTIMAL,3321.000000,46.1981,100.1175
2026-09-04T08:14:00.663164+00:00,0,22,dynamic,sketch,p50,0,0.0,37,123,28,118,23,564,0,0,54,1,0.9066,348.418,OPTIMAL,28.000000,7.8637,25.4949
2026-09-04T08:14:04.407343+00:00,0,22,dynamic+reassign,sketch,p50,10,1.0,37,131,66,110,27,562,0,0,60,2,0.9080,3650.960,OPTIMAL,4026.000000,8.0894,25.0686
2026-09-04T08:14:08.178814+00:00,0,22,p50-1.2xalloc,sketch,p50bump,10,1.0,37,152,68,100,25,553,0,4,23,4,0.9856,3701.244,OPTIMAL,4024.000000,2.9693,5.3871
2026-09-04T08:14:09.949372+00:00,0,22,avg-p50p75-1.2xalloc,sketch,avgp50p75bump,10,1.0,37,159,66,99,25,545,0,3,16,3,0.9894,1697.831,OPTIMAL,4023.000000,5.1878,5.3871
2026-09-04T08:14:10.954111+00:00,0,22,window-avg,sketch,window,10,1.0,37,133,66,111,25,559,0,0,50,0,0.9246,925.499,OPTIMAL,4026.000000,10.0500,26.1775
2026-09-04T08:14:12.802419+00:00,0,22,p90,sketch,p90,10,1.0,37,166,65,94,19,542,0,0,38,2,0.9532,1782.983,OPTIMAL,4025.000000,11.7508,16.2480
2026-09-04T08:14:15.071727+00:00,0,22,avg-epoch,sketch,avg,10,1.0,37,126,69,118,26,562,0,1,61,1,0.9071,2186.173,OPTIMAL,4028.000000,8.9162,27.1461
2026-09-04T08:14:19.104110+00:00,0,23,static,static,request,0,0.0,33,238,17,78,13,511,0,0,8,1,0.9928,112.846,OPTIMAL,17.000000,44.8228,84.3050
2026-09-04T08:14:19.420405+00:00,0,23,reassign,static,request,10,1.0,33,226,43,87,14,516,0,0,9,1,0.9929,305.461,OPTIMAL,2419.000000,41.8967,75.1672
2026-09-04T08:14:19.783627+00:00,0,23,dynamic,sketch,p50,0,0.0,33,128,26,117,27,591,0,0,71,3,0.9063,259.429,OPTIMAL,26.000000,8.7240,25.4460
2026-09-04T08:14:22.100204+00:00,0,23,dynamic+reassign,sketch,p50,10,1.0,33,138,69,114,25,587,0,1,66,0,0.9076,2223.747,OPTIMAL,4028.000000,8.9278,25.4460
2026-09-04T08:14:23.624311+00:00,0,23,p50-1.2xalloc,sketch,p50bump,10,1.0,33,157,67,105,22,575,0,7,11,2,0.9859,1446.360,OPTIMAL,4020.000000,2.5350,2.0493
2026-09-04T08:14:24.935761+00:00,0,23,avg-p50p75-1.2xalloc,sketch,avgp50p75bump,10,1.0,33,166,63,100,22,567,0,5,15,4,0.9892,1238.112,OPTIMAL,4018.000000,5.4771,14.4147
2026-09-04T08:14:25.905364+00:00,0,23,window-avg,sketch,window,10,1.0,33,140,65,112,24,583,0,0,63,1,0.9242,889.739,OPTIMAL,4025.000000,8.7289,21.1590
2026-09-04T08:14:28.011364+00:00,0,23,p90,sketch,p90,10,1.0,33,174,66,99,21,563,0,1,38,1,0.9528,2036.549,OPTIMAL,4025.000000,11.9330,15.9145
2026-09-04T08:14:29.457868+00:00,0,23,avg-epoch,sketch,avg,10,1.0,33,130,69,121,26,588,0,1,74,2,0.9066,1361.287,OPTIMAL,4028.000000,9.4432,25.3817
2026-09-04T08:14:33.694700+00:00,0,24,static,static,request,0,0.0,43,264,23,77,24,535,0,0,6,0,0.9928,303.518,OPTIMAL,23.000000,45.4142,91.1533
2026-09-04T08:14:36.616503+00:00,0,24,reassign,static,request,10,1.0,43,250,63,83,27,543,0,0,9,0,0.9928,2910.341,OPTIMAL,4023.000000,42.3974,85.8273
2026-09-04T08:15:06.769389+00:00,0,24,dynamic,sketch,p50,0,0.0,43,145,28,115,30,621,0,0,61,1,0.9059,30065.115,FEASIBLE,28.000000,7.5943,25.6993
2026-09-04T08:15:08.936919+00:00,0,24,dynamic+reassign,sketch,p50,10,1.0,43,152,68,114,28,615,0,1,57,1,0.9079,2079.222,OPTIMAL,4027.000000,6.5739,21.1656
2026-09-04T08:15:10.964101+00:00,0,24,p50-1.2xalloc,sketch,p50bump,10,1.0,43,173,67,105,27,602,0,4,13,2,0.9862,1952.742,OPTIMAL,4023.000000,5.0972,22.9585
2026-09-04T08:15:12.407415+00:00,0,24,avg-p50p75-1.2xalloc,sketch,avgp50p75bump,10,1.0,43,186,63,95,28,595,0,6,16,3,0.9891,1372.809,OPTIMAL,4017.000000,7.4733,22.9585
2026-09-04T08:15:16.558988+00:00,0,24,window-avg,sketch,window,10,1.0,43,158,66,107,31,614,0,0,50,0,0.9244,4074.333,OPTIMAL,4026.000000,8.7193,20.5928
2026-09-04T08:15:17.543624+00:00,0,24,p90,sketch,p90,10,1.0,43,191,67,103,23,586,0,3,44,3,0.9527,913.185,OPTIMAL,4024.000000,9.9420,14.6596
2026-09-04T08:15:19.721518+00:00,0,24,avg-epoch,sketch,avg,10,1.0,43,144,68,117,32,620,0,0,62,1,0.9068,2095.266,OPTIMAL,4028.000000,7.8896,26.2210
2026-09-04T08:15:23.789545+00:00,0,25,static,static,request,0,0.0,39,280,21,83,15,550,0,0,8,0,0.9929,144.960,OPTIMAL,21.000000,43.5830,83.0161
2026-09-04T08:15:24.491685+00:00,0,25,reassign,static,request,10,1.0,39,266,48,87,17,560,0,0,10,0,0.9929,691.040,OPTIMAL,2721.000000,39.8510,83.0161
2026-09-04T08:15:25.178637+00:00,0,25,dynamic,sketch,p50,0,0.0,39,156,26,115,26,647,0,0,66,2,0.9057,584.216,OPTIMAL,26.000000,7.1692,24.1562
2026-09-04T08:15:26.340335+00:00,0,25,dynamic+reassign,sketch,p50,10,1.0,39,163,66,114,26,641,0,1,64,1,0.9079,1064.132,OPTIMAL,4025.000000,7.1633,24.1562
2026-09-04T08:15:28.637498+00:00,0,25,p50-1.2xalloc,sketch,p50bump,10,1.0,39,185,65,105,25,627,0,4,17,4,0.9863,2208.710,OPTIMAL,4021.000000,3.6627,14.5757
2026-09-04T08:15:32.709256+00:00,0,25,avg-p50p75-1.2xalloc,sketch,avgp50p75bump,10,1.0,39,202,65,95,25,620,0,2,15,3,0.9891,3999.824,OPTIMAL,4023.000000,5.2648,6.0874
2026-09-04T08:15:35.025165+00:00,0,25,window-avg,sketch,window,10,1.0,39,171,69,111,25,639,0,0,54,1,0.9243,2237.516,OPTIMAL,4029.000000,8.3708,19.5701
2026-09-04T08:15:35.938040+00:00,0,25,p90,sketch,p90,10,1.0,39,203,69,102,30,616,0,0,41,0,0.9526,843.214,OPTIMAL,4029.000000,11.7984,15.2229
2026-09-04T08:15:36.839817+00:00,0,25,avg-epoch,sketch,avg,10,1.0,39,155,65,114,28,648,0,0,67,2,0.9066,819.166,OPTIMAL,4025.000000,8.2329,24.1611
2026-09-04T08:15:40.894011+00:00,0,26,static,static,request,0,0.0,31,290,22,87,18,568,0,0,7,0,0.9929,150.629,OPTIMAL,22.000000,48.5238,101.4173
2026-09-04T08:15:41.314153+00:00,0,26,reassign,static,request,10,1.0,31,276,46,89,17,577,0,0,5,0,0.9929,410.678,OPTIMAL,2719.000000,48.4831,104.4462
2026-09-04T08:15:41.541120+00:00,0,26,dynamic,sketch,p50,0,0.0,31,161,26,116,25,672,0,0,71,0,0.9054,137.073,OPTIMAL,26.000000,9.3098,23.8094
2026-09-04T08:15:42.157065+00:00,0,26,dynamic+reassign,sketch,p50,10,1.0,31,168,66,115,25,666,0,0,68,0,0.9077,534.135,OPTIMAL,4026.000000,9.3099,24.8381
2026-09-04T08:15:44.265213+00:00,0,26,p50-1.2xalloc,sketch,p50bump,10,1.0,31,191,63,104,24,651,0,3,8,2,0.9865,2028.831,OPTIMAL,4020.000000,3.4480,18.0993
2026-09-04T08:15:48.830205+00:00,0,26,avg-p50p75-1.2xalloc,sketch,avgp50p75bump,10,1.0,31,208,65,100,20,640,0,2,2,0,0.9895,4493.163,OPTIMAL,4023.000000,5.6080,12.4374
2026-09-04T08:15:49.692823+00:00,0,26,window-avg,sketch,window,10,1.0,31,173,66,113,24,663,0,3,66,1,0.9242,782.426,OPTIMAL,4023.000000,9.2662,23.0662
2026-09-04T08:15:51.663090+00:00,0,26,p90,sketch,p90,10,1.0,31,205,66,108,20,636,0,0,40,0,0.9525,1894.326,OPTIMAL,4026.000000,11.4550,18.1397
2026-09-04T08:15:52.413186+00:00,0,26,avg-epoch,sketch,avg,10,1.0,31,161,69,116,27,675,0,1,69,0,0.9062,668.796,OPTIMAL,4028.000000,10.0026,25.0009
2026-09-04T08:15:56.743685+00:00,0,27,static,static,request,0,0.0,39,307,26,88,25,593,0,0,12,0,0.9927,444.546,OPTIMAL,26.000000,45.8587,91.1659
2026-09-04T08:15:57.950885+00:00,0,27,reassign,static,request,10,1.0,39,296,65,84,30,607,0,0,14,0,0.9927,1195.398,OPTIMAL,4025.000000,45.5379,92.9802
2026-09-04T08:15:58.260630+00:00,0,27,dynamic,sketch,p50,0,0.0,39,174,29,116,29,701,0,0,64,1,0.9050,219.666,OPTIMAL,29.000000,8.7514,26.2146
2026-09-04T08:16:01.727283+00:00,0,27,dynamic+reassign,sketch,p50,10,1.0,39,181,66,121,20,686,0,1,65,1,0.9069,3367.730,OPTIMAL,4025.000000,9.7580,30.9641
2026-09-04T08:16:02.673306+00:00,0,27,p50-1.2xalloc,sketch,p50bump,10,1.0,39,207,59,105,24,675,0,5,11,3,0.9868,870.030,OPTIMAL,3420.000000,3.9508,17.9049
2026-09-04T08:16:04.146373+00:00,0,27,avg-p50p75-1.2xalloc,sketch,avgp50p75bump,10,1.0,39,222,65,99,26,666,0,1,10,2,0.9898,1412.470,OPTIMAL,4024.000000,5.7941,16.6691
2026-09-04T08:16:05.410554+00:00,0,27,window-avg,sketch,window,10,1.0,39,186,67,120,20,683,0,1,59,1,0.9236,1177.635,OPTIMAL,4026.000000,10.4134,28.5416
2026-09-04T08:16:05.989858+00:00,0,27,p90,sketch,p90,10,1.0,39,218,61,104,25,661,0,0,43,0,0.9520,507.913,OPTIMAL,4021.000000,12.5939,17.6743
2026-09-04T08:16:07.005671+00:00,0,27,avg-epoch,sketch,avg,10,1.0,39,171,68,120,24,699,0,1,64,1,0.9056,932.191,OPTIMAL,4027.000000,9.4336,26.9041
2026-09-04T08:16:11.884012+00:00,0,28,static,static,request,0,0.0,39,320,24,92,20,613,0,0,15,1,0.9926,1053.365,OPTIMAL,24.000000,41.5343,88.7793
2026-09-04T08:16:13.291960+00:00,0,28,reassign,static,request,10,1.0,39,310,51,87,18,625,0,0,11,1,0.9926,1396.793,OPTIMAL,3021.000000,48.0044,94.4551
2026-09-04T08:16:13.479336+00:00,0,28,dynamic,sketch,p50,0,0.0,39,184,23,120,19,720,0,0,60,2,0.9051,98.968,OPTIMAL,23.000000,8.6910,25.6843
2026-09-04T08:16:14.344938+00:00,0,28,dynamic+reassign,sketch,p50,10,1.0,39,194,63,116,28,714,0,1,64,1,0.9065,779.836,OPTIMAL,4022.000000,8.7274,25.3395
2026-09-04T08:16:15.629474+00:00,0,28,p50-1.2xalloc,sketch,p50bump,10,1.0,39,221,66,104,27,702,0,5,23,6,0.9868,1214.738,OPTIMAL,4021.000000,2.8652,5.6524
2026-09-04T08:16:16.269555+00:00,0,28,avg-p50p75-1.2xalloc,sketch,avgp50p75bump,10,1.0,39,236,59,101,21,687,0,6,14,3,0.9898,573.807,OPTIMAL,3617.000000,6.3801,20.8577
2026-09-04T08:16:17.105915+00:00,0,28,window-avg,sketch,window,10,1.0,39,198,65,115,30,713,0,2,57,1,0.9233,759.385,OPTIMAL,4023.000000,9.7333,22.9413
2026-09-04T08:16:18.246905+00:00,0,28,p90,sketch,p90,10,1.0,39,236,65,111,18,679,0,0,43,1,0.9518,1068.295,OPTIMAL,4025.000000,11.6942,16.5245
2026-09-04T08:16:19.285143+00:00,0,28,avg-epoch,sketch,avg,10,1.0,39,182,66,123,23,722,0,0,62,1,0.9053,948.367,OPTIMAL,4026.000000,9.6563,27.3819
2026-09-04T08:16:23.327485+00:00,0,29,static,static,request,0,0.0,34,330,19,93,18,631,0,0,15,2,0.9924,180.614,OPTIMAL,19.000000,41.5847,82.9911
2026-09-04T08:16:24.404534+00:00,0,29,reassign,static,request,10,1.0,34,323,46,87,17,642,0,0,8,0,0.9925,1065.524,OPTIMAL,2917.000000,44.5132,94.4495
2026-09-04T08:16:24.890111+00:00,0,29,dynamic,sketch,p50,0,0.0,34,195,32,121,31,751,0,0,71,0,0.9048,381.738,OPTIMAL,32.000000,9.2348,27.5245
2026-09-04T08:16:27.170398+00:00,0,29,dynamic+reassign,sketch,p50,10,1.0,34,205,69,117,28,742,0,0,65,0,0.9063,2184.668,OPTIMAL,4029.000000,9.2863,27.8533
2026-09-04T08:16:28.500015+00:00,0,29,p50-1.2xalloc,sketch,p50bump,10,1.0,34,229,63,110,17,719,0,7,7,1,0.9871,1245.665,OPTIMAL,4016.000000,2.7803,1.5491
2026-09-04T08:16:30.312180+00:00,0,29,avg-p50p75-1.2xalloc,sketch,avgp50p75bump,10,1.0,34,247,64,102,23,710,0,4,11,2,0.9900,1735.695,OPTIMAL,4020.000000,6.9814,27.8488
2026-09-04T08:16:31.131784+00:00,0,29,window-avg,sketch,window,10,1.0,34,207,66,117,24,737,0,0,55,0,0.9231,734.443,OPTIMAL,4026.000000,10.9811,27.2509
2026-09-04T08:16:32.864887+00:00,0,29,p90,sketch,p90,10,1.0,34,245,64,105,30,709,0,0,49,0,0.9514,1656.076,OPTIMAL,4024.000000,11.3359,15.5707
2026-09-04T08:16:33.891372+00:00,0,29,avg-epoch,sketch,avg,10,1.0,34,190,68,122,29,751,0,0,72,2,0.9049,923.422,OPTIMAL,4028.000000,9.1849,25.3540
2026-09-04T08:16:38.039438+00:00,0,30,static,static,request,0,0.0,38,349,20,90,23,654,0,0,14,1,0.9922,156.075,OPTIMAL,20.000000,44.0738,101.9720
2026-09-04T08:16:38.617376+00:00,0,30,reassign,static,request,10,1.0,38,344,53,86,20,662,0,0,11,1,0.9925,566.393,OPTIMAL,3419.000000,41.9662,92.0739
2026-09-04T08:16:39.124999+00:00,0,30,dynamic,sketch,p50,0,0.0,38,201,28,120,29,780,0,0,74,2,0.9047,399.533,OPTIMAL,28.000000,8.3130,24.5658
2026-09-04T08:16:41.699742+00:00,0,30,dynamic+reassign,sketch,p50,10,1.0,38,214,67,114,30,772,0,2,66,2,0.9061,2479.356,OPTIMAL,4025.000000,8.2390,23.9074
2026-09-04T08:16:42.578321+00:00,0,30,p50-1.2xalloc,sketch,p50bump,10,1.0,38,244,66,106,30,749,0,4,24,7,0.9872,801.324,OPTIMAL,4022.000000,2.9654,1.4691
2026-09-04T08:16:43.318531+00:00,0,30,avg-p50p75-1.2xalloc,sketch,avgp50p75bump,10,1.0,38,261,61,101,22,732,0,3,8,1,0.9901,663.606,OPTIMAL,4018.000000,5.6187,4.8540
2026-09-04T08:16:45.744364+00:00,0,30,window-avg,sketch,window,10,1.0,38,219,66,112,31,768,0,0,58,0,0.9233,2344.956,OPTIMAL,4026.000000,8.2744,19.4514
2026-09-04T08:16:46.566994+00:00,0,30,p90,sketch,p90,10,1.0,38,259,62,105,22,731,0,2,41,0,0.9513,744.909,OPTIMAL,4020.000000,11.7304,15.2854
2026-09-04T08:16:53.269158+00:00,0,30,avg-epoch,sketch,avg,10,1.0,38,200,70,119,33,784,0,2,80,2,0.9045,6619.516,OPTIMAL,4028.000000,9.6891,25.0810
2026-09-04T08:16:57.365720+00:00,0,31,static,static,request,0,0.0,27,356,19,89,20,674,0,0,6,0,0.9921,165.138,OPTIMAL,19.000000,46.2884,87.8780
2026-09-04T08:16:58.036428+00:00,0,31,reassign,static,request,10,1.0,27,352,56,83,24,686,0,2,5,0,0.9925,659.461,OPTIMAL,3519.000000,43.3207,74.1935
2026-09-04T08:17:01.936963+00:00,0,31,dynamic,sketch,p50,0,0.0,27,200,27,120,27,807,0,0,74,2,0.9039,3792.692,OPTIMAL,27.000000,10.8790,26.6553
2026-09-04T08:17:02.845405+00:00,0,31,dynamic+reassign,sketch,p50,10,1.0,27,214,69,117,26,798,0,1,77,2,0.9054,826.989,OPTIMAL,4028.000000,10.9662,30.5719
2026-09-04T08:17:03.823693+00:00,0,31,p50-1.2xalloc,sketch,p50bump,10,1.0,27,245,66,99,33,782,0,5,16,5,0.9870,906.777,OPTIMAL,4021.000000,2.7925,4.1690
2026-09-04T08:17:05.856589+00:00,0,31,avg-p50p75-1.2xalloc,sketch,avgp50p75bump,10,1.0,27,267,67,98,30,762,0,4,4,1,0.9903,1961.502,OPTIMAL,4023.000000,4.2995,3.5839
2026-09-04T08:17:10.082615+00:00,0,31,window-avg,sketch,window,10,1.0,27,220,69,114,27,795,0,2,65,2,0.9231,4146.267,OPTIMAL,4027.000000,9.3801,22.7957
2026-09-04T08:17:11.652237+00:00,0,31,p90,sketch,p90,10,1.0,27,264,70,103,32,763,0,0,40,0,0.9512,1500.504,OPTIMAL,4030.000000,11.8929,19.8585
2026-09-04T08:17:14.716257+00:00,0,31,avg-epoch,sketch,avg,10,1.0,27,197,69,121,27,811,0,1,71,1,0.9042,2978.165,OPTIMAL,4028.000000,9.7970,24.2113
2026-09-04T08:17:18.776701+00:00,0,32,static,static,request,0,0.0,36,373,22,86,25,699,0,0,9,0,0.9921,126.245,OPTIMAL,22.000000,42.0283,87.5008
2026-09-04T08:17:19.060722+00:00,0,32,reassign,static,request,10,1.0,36,367,49,88,16,702,0,0,8,0,0.9925,273.034,OPTIMAL,2821.000000,42.6431,87.5008
2026-09-04T08:17:19.641042+00:00,0,32,dynamic,sketch,p50,0,0.0,36,209,31,120,31,838,0,0,64,1,0.9036,474.153,OPTIMAL,31.000000,7.9244,25.9541
2026-09-04T08:17:23.760195+00:00,0,32,dynamic+reassign,sketch,p50,10,1.0,36,221,71,117,31,829,0,0,61,0,0.9055,4022.927,OPTIMAL,4031.000000,7.3773,22.7781
2026-09-04T08:17:26.003259+00:00,0,32,p50-1.2xalloc,sketch,p50bump,10,1.0,36,255,73,107,25,807,0,2,13,3,0.9872,2171.648,OPTIMAL,4031.000000,3.3309,5.9782
2026-09-04T08:17:27.850776+00:00,0,32,avg-p50p75-1.2xalloc,sketch,avgp50p75bump,10,1.0,36,276,65,97,26,788,0,5,3,0,0.9905,1776.973,OPTIMAL,4020.000000,7.6478,24.5266
2026-09-04T08:17:29.709469+00:00,0,32,window-avg,sketch,window,10,1.0,36,227,72,115,31,826,0,0,55,0,0.9234,1778.495,OPTIMAL,4032.000000,8.9926,24.2991
2026-09-04T08:17:31.589873+00:00,0,32,p90,sketch,p90,10,1.0,36,270,66,104,25,788,0,1,37,1,0.9515,1806.879,OPTIMAL,4025.000000,10.2236,14.9824
2026-09-04T08:17:34.113566+00:00,0,32,avg-epoch,sketch,avg,10,1.0,36,204,74,121,34,845,0,0,66,0,0.9043,2441.577,OPTIMAL,4034.000000,7.2097,24.2991
2026-09-04T08:17:38.150816+00:00,0,33,static,static,request,0,0.0,29,380,23,91,18,717,0,0,10,0,0.9921,163.132,OPTIMAL,23.000000,40.2629,90.9215
2026-09-04T08:17:39.089696+00:00,0,33,reassign,static,request,10,1.0,29,375,58,88,23,725,0,0,8,0,0.9925,927.296,OPTIMAL,3523.000000,39.7851,87.1721
2026-09-04T08:17:39.620105+00:00,0,33,dynamic,sketch,p50,0,0.0,29,207,30,120,30,868,0,0,68,2,0.9033,423.583,OPTIMAL,30.000000,9.0842,26.1544
2026-09-04T08:17:41.660582+00:00,0,33,dynamic+reassign,sketch,p50,10,1.0,29,219,69,119,27,856,0,0,62,1,0.9057,1943.623,OPTIMAL,4029.000000,8.3954,23.6183
2026-09-04T08:17:45.755050+00:00,0,33,p50-1.2xalloc,sketch,p50bump,10,1.0,29,251,68,112,23,830,0,1,7,1,0.9874,4011.683,OPTIMAL,4027.000000,2.7056,1.5448
2026-09-04T08:17:58.886200+00:00,0,33,avg-p50p75-1.2xalloc,sketch,avgp50p75bump,10,1.0,29,280,71,104,24,812,0,6,13,4,0.9904,13058.470,OPTIMAL,4025.000000,6.7727,21.8789
2026-09-04T08:18:00.020294+00:00,0,33,window-avg,sketch,window,10,1.0,29,224,69,117,27,853,0,0,58,1,0.9235,1045.664,OPTIMAL,4029.000000,9.6506,25.5560
2026-09-04T08:18:01.907898+00:00,0,33,p90,sketch,p90,10,1.0,29,273,69,112,21,809,0,2,31,0,0.9518,1811.586,OPTIMAL,4027.000000,10.5707,14.5650
2026-09-04T08:18:03.357088+00:00,0,33,avg-epoch,sketch,avg,10,1.0,29,199,68,123,26,871,0,1,62,0,0.9044,1359.209,OPTIMAL,4027.000000,9.3401,25.8700
2026-09-04T08:18:07.482507+00:00,0,34,static,static,request,0,0.0,32,389,22,92,21,738,0,0,8,0,0.9920,243.374,OPTIMAL,22.000000,52.9508,100.7558
2026-09-04T08:18:09.139252+00:00,0,34,reassign,static,request,10,1.0,32,384,49,91,19,744,0,0,7,0,0.9924,1645.217,OPTIMAL,2722.000000,51.5193,95.3852
2026-09-04T08:18:09.401539+00:00,0,34,dynamic,sketch,p50,0,0.0,32,209,24,117,27,895,0,0,62,0,0.9034,166.906,OPTIMAL,24.000000,8.7035,25.5339
2026-09-04T08:18:10.296186+00:00,0,34,dynamic+reassign,sketch,p50,10,1.0,32,222,66,120,25,881,0,0,62,0,0.9054,807.148,OPTIMAL,4026.000000,9.9088,30.2031
2026-09-04T08:18:11.675168+00:00,0,34,p50-1.2xalloc,sketch,p50bump,10,1.0,32,255,68,109,31,861,0,3,18,4,0.9874,1299.393,OPTIMAL,4025.000000,3.8031,20.9243
2026-09-04T08:18:16.019688+00:00,0,34,avg-p50p75-1.2xalloc,sketch,avgp50p75bump,10,1.0,32,281,68,109,23,835,0,3,13,3,0.9905,4266.343,OPTIMAL,4025.000000,6.0880,19.9713
2026-09-04T08:18:16.837233+00:00,0,34,window-avg,sketch,window,10,1.0,32,227,60,114,23,876,0,1,56,0,0.9236,729.234,OPTIMAL,4019.000000,9.5238,27.0479
2026-09-04T08:18:19.150107+00:00,0,34,p90,sketch,p90,10,1.0,32,276,72,115,29,838,0,0,38,0,0.9518,2234.792,OPTIMAL,4032.000000,11.2486,14.7461
2026-09-04T08:18:20.010350+00:00,0,34,avg-epoch,sketch,avg,10,1.0,32,203,67,122,28,899,0,0,62,0,0.9044,767.809,OPTIMAL,4027.000000,9.3738,26.9579
2026-09-04T08:18:24.144168+00:00,0,35,static,static,request,0,0.0,34,401,24,92,24,762,0,0,8,0,0.9920,207.653,OPTIMAL,24.000000,51.0686,91.6026
2026-09-04T08:18:24.857570+00:00,0,35,reassign,static,request,10,1.0,34,396,59,93,24,768,0,0,8,0,0.9924,699.778,OPTIMAL,3326.000000,49.4306,91.6026
2026-09-04T08:18:25.141002+00:00,0,35,dynamic,sketch,p50,0,0.0,34,219,30,117,30,925,0,0,63,1,0.9031,185.574,OPTIMAL,30.000000,10.1323,30.3709
2026-09-04T08:18:26.984497+00:00,0,35,dynamic+reassign,sketch,p50,10,1.0,34,230,70,122,28,909,0,0,66,0,0.9048,1737.846,OPTIMAL,4030.000000,10.4523,30.6865
2026-09-04T08:18:28.038614+00:00,0,35,p50-1.2xalloc,sketch,p50bump,10,1.0,34,261,62,112,19,880,0,6,12,5,0.9873,952.759,OPTIMAL,4016.000000,4.2965,22.1344
2026-09-04T08:18:31.405521+00:00,0,35,avg-p50p75-1.2xalloc,sketch,avgp50p75bump,10,1.0,34,287,71,108,32,867,0,5,10,3,0.9904,3296.049,OPTIMAL,4026.000000,6.0625,20.7676
2026-09-04T08:18:32.518390+00:00,0,35,window-avg,sketch,window,10,1.0,34,241,65,109,30,906,0,1,60,1,0.9231,1031.396,OPTIMAL,4024.000000,11.7083,26.3327
2026-09-04T08:18:39.012516+00:00,0,35,p90,sketch,p90,10,1.0,34,278,71,113,33,871,0,0,38,0,0.9520,6420.104,OPTIMAL,4031.000000,12.2857,16.2777
2026-09-04T08:18:39.858699+00:00,0,35,avg-epoch,sketch,avg,10,1.0,34,210,69,120,31,930,0,1,68,1,0.9038,758.797,OPTIMAL,4028.000000,10.8888,30.1646
2026-09-04T08:18:43.805040+00:00,0,36,static,static,request,0,0.0,29,406,22,89,25,787,0,0,6,0,0.9920,121.124,OPTIMAL,22.000000,55.2872,95.8112
2026-09-04T08:18:44.934707+00:00,0,36,reassign,static,request,10,1.0,29,399,63,87,29,797,0,0,7,0,0.9924,1113.192,OPTIMAL,4023.000000,54.1768,93.9007
2026-09-04T08:18:45.783190+00:00,0,36,dynamic,sketch,p50,0,0.0,29,218,29,120,26,951,0,0,67,1,0.9031,735.906,OPTIMAL,29.000000,7.5823,25.1024
2026-09-04T08:18:47.960304+00:00,0,36,dynamic+reassign,sketch,p50,10,1.0,29,229,70,123,29,938,0,1,72,1,0.9046,2068.922,OPTIMAL,4029.000000,8.6506,27.0105
2026-09-04T08:18:50.347686+00:00,0,36,p50-1.2xalloc,sketch,p50bump,10,1.0,29,268,72,104,40,920,0,3,14,3,0.9874,2311.870,OPTIMAL,4029.000000,2.9682,1.9003
2026-09-04T08:18:51.427282+00:00,0,36,avg-p50p75-1.2xalloc,sketch,avgp50p75bump,10,1.0,29,285,64,114,18,885,0,5,11,2,0.9904,990.881,OPTIMAL,4019.000000,4.7398,4.0075
2026-09-04T08:18:52.396302+00:00,0,36,window-avg,sketch,window,10,1.0,29,245,69,113,25,931,0,0,49,0,0.9233,885.037,OPTIMAL,4029.000000,7.9084,20.0539
2026-09-04T08:18:53.200203+00:00,0,36,p90,sketch,p90,10,1.0,29,276,61,113,21,892,0,0,38,0,0.9519,715.845,OPTIMAL,4021.000000,12.4433,17.5349
2026-09-04T08:18:54.573647+00:00,0,36,avg-epoch,sketch,avg,10,1.0,29,210,69,122,27,957,0,0,67,0,0.9040,1282.318,OPTIMAL,4029.000000,8.1491,20.8697
2026-09-04T08:18:58.579876+00:00,0,37,static,static,request,0,0.0,34,418,22,92,19,806,0,0,10,1,0.9919,181.778,OPTIMAL,22.000000,47.9662,97.5423
2026-09-04T08:18:59.414111+00:00,0,37,reassign,static,request,10,1.0,34,410,55,96,15,812,0,0,6,0,0.9924,822.679,OPTIMAL,3124.000000,49.8900,90.2258
2026-09-04T08:18:59.875114+00:00,0,37,dynamic,sketch,p50,0,0.0,34,223,28,116,32,983,0,0,67,0,0.9030,353.612,OPTIMAL,28.000000,8.6586,27.0765
2026-09-04T08:19:01.077441+00:00,0,37,dynamic+reassign,sketch,p50,10,1.0,34,233,68,122,29,967,0,1,76,2,0.9040,1098.812,OPTIMAL,4027.000000,9.9365,27.0765
2026-09-04T08:19:03.722134+00:00,0,37,p50-1.2xalloc,sketch,p50bump,10,1.0,34,270,65,110,21,941,0,6,17,3,0.9875,2550.068,OPTIMAL,3821.000000,3.7531,15.5266
2026-09-04T08:19:04.536118+00:00,0,37,avg-p50p75-1.2xalloc,sketch,avgp50p75bump,10,1.0,34,295,63,107,30,915,0,5,20,4,0.9905,732.832,OPTIMAL,4018.000000,6.4949,25.0683
2026-09-04T08:19:06.960143+00:00,0,37,window-avg,sketch,window,10,1.0,34,250,70,113,30,961,0,0,66,1,0.9230,2344.818,OPTIMAL,4030.000000,9.5135,24.3153
2026-09-04T08:19:07.537154+00:00,0,37,p90,sketch,p90,10,1.0,34,289,64,110,27,919,0,0,47,0,0.9514,497.846,OPTIMAL,4024.000000,12.2523,20.5717
2026-09-04T08:19:08.414244+00:00,0,37,avg-epoch,sketch,avg,10,1.0,34,215,66,116,32,989,0,0,70,1,0.9038,793.256,OPTIMAL,4026.000000,9.8441,29.7795
2026-09-04T08:19:12.602863+00:00,0,38,static,static,request,0,0.0,28,424,27,94,25,831,0,0,15,1,0.9916,270.725,OPTIMAL,27.000000,45.9507,82.1855
2026-09-04T08:19:13.871304+00:00,0,38,reassign,static,request,10,1.0,28,414,59,95,25,837,0,0,13,0,0.9922,1255.855,OPTIMAL,3524.000000,46.6730,85.0138
2026-09-04T08:19:14.130574+00:00,0,38,dynamic,sketch,p50,0,0.0,28,223,24,113,27,1010,0,0,60,0,0.9030,152.395,OPTIMAL,24.000000,7.4587,21.7631
2026-09-04T08:19:15.605399+00:00,0,38,dynamic+reassign,sketch,p50,10,1.0,28,233,68,117,33,1000,0,0,69,1,0.9035,1376.393,OPTIMAL,4028.000000,8.6012,28.9579
2026-09-04T08:19:17.300670+00:00,0,38,p50-1.2xalloc,sketch,p50bump,10,1.0,28,271,61,110,25,966,0,4,31,6,0.9874,1614.937,OPTIMAL,3621.000000,3.3611,14.7255
2026-09-04T08:19:19.465802+00:00,0,38,avg-p50p75-1.2xalloc,sketch,avgp50p75bump,10,1.0,28,300,66,103,30,945,0,3,16,3,0.9903,2089.630,OPTIMAL,4023.000000,6.6180,24.4837
2026-09-04T08:19:21.934467+00:00,0,38,window-avg,sketch,window,10,1.0,28,248,70,110,33,994,0,0,55,0,0.9227,2392.629,OPTIMAL,4030.000000,8.3588,24.1691
2026-09-04T08:19:22.775899+00:00,0,38,p90,sketch,p90,10,1.0,28,293,64,111,23,942,0,0,44,0,0.9510,761.108,OPTIMAL,4024.000000,13.0232,21.5718
2026-09-04T08:19:23.447746+00:00,0,38,avg-epoch,sketch,avg,10,1.0,28,217,66,110,32,1021,0,0,62,1,0.9037,592.221,OPTIMAL,4026.000000,8.0856,23.5086
2026-09-04T08:19:27.629643+00:00,0,39,static,static,request,0,0.0,39,436,25,94,25,856,0,0,8,0,0.9916,283.561,OPTIMAL,25.000000,49.5415,101.9355
2026-09-04T08:19:29.457579+00:00,0,39,reassign,static,request,10,1.0,39,429,62,93,28,865,0,0,9,0,0.9921,1815.453,OPTIMAL,3626.000000,45.3428,101.9355
2026-09-04T08:19:29.869314+00:00,0,39,dynamic,sketch,p50,0,0.0,39,238,27,108,32,1042,0,0,59,2,0.9031,320.399,OPTIMAL,27.000000,6.9694,22.5328
2026-09-04T08:19:30.865357+00:00,0,39,dynamic+reassign,sketch,p50,10,1.0,39,244,66,115,28,1028,0,2,63,2,0.9035,912.832,OPTIMAL,4024.000000,8.6374,25.6492
2026-09-04T08:19:32.523383+00:00,0,39,p50-1.2xalloc,sketch,p50bump,10,1.0,39,285,66,104,32,998,0,6,19,6,0.9872,1582.755,OPTIMAL,4020.000000,2.5049,1.6264
2026-09-04T08:19:34.470780+00:00,0,39,avg-p50p75-1.2xalloc,sketch,avgp50p75bump,10,1.0,39,313,65,102,26,971,0,8,19,6,0.9901,1872.718,OPTIMAL,4017.000000,6.1422,25.2523
2026-09-04T08:19:35.342642+00:00,0,39,window-avg,sketch,window,10,1.0,39,257,66,111,25,1019,0,1,50,0,0.9226,792.991,OPTIMAL,4025.000000,10.2037,26.3199
2026-09-04T08:19:37.250730+00:00,0,39,p90,sketch,p90,10,1.0,39,308,67,100,38,980,0,0,45,1,0.9506,1835.953,OPTIMAL,4027.000000,12.3883,16.6268
2026-09-04T08:19:42.767747+00:00,0,39,avg-epoch,sketch,avg,10,1.0,39,230,68,107,31,1052,0,0,58,1,0.9037,5441.866,OPTIMAL,4028.000000,7.8110,23.8347
2026-09-04T08:19:46.883784+00:00,0,40,static,static,request,0,0.0,27,438,24,96,22,878,0,0,10,0,0.9916,204.349,OPTIMAL,24.000000,41.1504,76.7086
2026-09-04T08:19:47.346285+00:00,0,40,reassign,static,request,10,1.0,27,430,53,96,20,885,0,0,9,0,0.9921,450.288,OPTIMAL,3023.000000,45.0611,82.8565
2026-09-04T08:19:47.768131+00:00,0,40,dynamic,sketch,p50,0,0.0,27,238,28,114,22,1064,0,0,58,1,0.9030,316.927,OPTIMAL,28.000000,8.1528,20.7185
2026-09-04T08:19:50.670590+00:00,0,40,dynamic+reassign,sketch,p50,10,1.0,27,245,69,114,30,1058,0,0,68,0,0.9035,2804.938,OPTIMAL,4029.000000,8.8777,20.8805
2026-09-04T08:19:52.230517+00:00,0,40,p50-1.2xalloc,sketch,p50bump,10,1.0,27,286,69,101,32,1030,0,1,9,3,0.9870,1488.111,OPTIMAL,4028.000000,2.3981,1.7393
2026-09-04T08:19:53.530518+00:00,0,40,avg-p50p75-1.2xalloc,sketch,avgp50p75bump,10,1.0,27,315,66,99,29,1000,0,3,12,3,0.9901,1226.799,OPTIMAL,4023.000000,5.9006,12.2483
2026-09-04T08:19:55.712623+00:00,0,40,window-avg,sketch,window,10,1.0,27,258,72,114,29,1048,0,1,64,2,0.9223,2104.697,OPTIMAL,4031.000000,9.6066,21.1470
2026-09-04T08:19:57.214146+00:00,0,40,p90,sketch,p90,10,1.0,27,308,67,99,28,1008,0,1,39,1,0.9504,1431.793,OPTIMAL,4026.000000,12.2535,15.0230
2026-09-04T08:19:58.039708+00:00,0,40,avg-epoch,sketch,avg,10,1.0,27,229,69,118,18,1070,0,1,60,1,0.9038,743.530,OPTIMAL,4028.000000,8.5504,22.6434
2026-09-04T08:20:02.267921+00:00,0,41,static,static,request,0,0.0,28,442,20,95,21,899,0,0,11,1,0.9915,297.962,OPTIMAL,20.000000,38.8097,71.9703
2026-09-04T08:20:02.865025+00:00,0,41,reassign,static,request,10,1.0,28,435,55,96,22,907,0,0,14,1,0.9920,584.628,OPTIMAL,3322.000000,38.2366,71.9703
2026-09-04T08:20:03.387131+00:00,0,41,dynamic,sketch,p50,0,0.0,28,238,27,113,28,1092,0,0,62,2,0.9032,430.693,OPTIMAL,27.000000,7.9330,22.9852
2026-09-04T08:20:05.236739+00:00,0,41,dynamic+reassign,sketch,p50,10,1.0,28,244,65,118,21,1079,0,0,59,0,0.9037,1763.748,OPTIMAL,4025.000000,7.4052,20.6403
2026-09-04T08:20:06.274793+00:00,0,41,p50-1.2xalloc,sketch,p50bump,10,1.0,28,285,69,107,23,1053,0,4,14,4,0.9872,963.155,OPTIMAL,4025.000000,3.4250,4.9819
2026-09-04T08:20:07.409883+00:00,0,41,avg-p50p75-1.2xalloc,sketch,avgp50p75bump,10,1.0,28,317,64,98,25,1025,0,5,7,1,0.9902,1063.889,OPTIMAL,4019.000000,7.0369,24.8612
2026-09-04T08:20:08.854978+00:00,0,41,window-avg,sketch,window,10,1.0,28,254,65,122,17,1065,0,2,56,1,0.9223,1356.364,OPTIMAL,4023.000000,9.3847,24.2083
2026-09-04T08:20:10.021232+00:00,0,41,p90,sketch,p90,10,1.0,28,309,67,105,21,1029,0,2,38,1,0.9504,1093.405,OPTIMAL,4025.000000,11.4511,16.8322
2026-09-04T08:20:12.352338+00:00,0,41,avg-epoch,sketch,avg,10,1.0,28,228,69,112,35,1105,0,0,65,1,0.9040,2251.212,OPTIMAL,4029.000000,7.0821,21.2197
2026-09-04T08:20:16.415246+00:00,0,42,static,static,request,0,0.0,36,458,20,91,24,923,0,0,14,1,0.9915,116.662,OPTIMAL,20.000000,39.1178,78.6299
2026-09-04T08:20:17.027334+00:00,0,42,reassign,static,request,10,1.0,36,449,54,94,26,933,0,0,11,0,0.9921,599.612,OPTIMAL,3024.000000,41.0523,78.7998
2026-09-04T08:20:17.305524+00:00,0,42,dynamic,sketch,p50,0,0.0,36,247,28,112,29,1121,0,0,60,0,0.9032,173.145,OPTIMAL,28.000000,7.8237,25.6701
2026-09-04T08:20:20.836345+00:00,0,42,dynamic+reassign,sketch,p50,10,1.0,36,255,69,109,38,1117,0,1,61,0,0.9038,3440.414,OPTIMAL,4028.000000,7.4235,23.4581
2026-09-04T08:20:21.680270+00:00,0,42,p50-1.2xalloc,sketch,p50bump,10,1.0,36,292,66,109,24,1077,0,6,11,3,0.9874,765.509,OPTIMAL,4020.000000,3.2349,8.1720
2026-09-04T08:20:22.675281+00:00,0,42,avg-p50p75-1.2xalloc,sketch,avgp50p75bump,10,1.0,36,329,65,96,27,1052,0,2,14,4,0.9902,922.587,OPTIMAL,4023.000000,6.0917,20.3932
2026-09-04T08:20:24.629857+00:00,0,42,window-avg,sketch,window,10,1.0,36,265,67,111,38,1103,0,0,60,0,0.9221,1872.225,OPTIMAL,4027.000000,8.7807,20.3354
2026-09-04T08:20:25.770940+00:00,0,42,p90,sketch,p90,10,1.0,36,318,68,108,25,1054,0,0,39,1,0.9505,1065.525,OPTIMAL,4028.000000,12.0637,15.4580
2026-09-04T08:20:27.083453+00:00,0,42,avg-epoch,sketch,avg,10,1.0,36,235,71,119,24,1129,0,0,57,0,0.9041,1229.243,OPTIMAL,4031.000000,8.3778,25.7898
2026-09-04T08:20:31.139970+00:00,0,43,static,static,request,0,0.0,37,475,22,87,26,949,0,0,5,0,0.9915,128.615,OPTIMAL,22.000000,46.5572,90.3776
2026-09-04T08:20:32.044232+00:00,0,43,reassign,static,request,10,1.0,37,462,48,91,23,956,0,0,8,1,0.9921,891.837,OPTIMAL,2820.000000,46.9695,90.6902
2026-09-04T08:20:32.323674+00:00,0,43,dynamic,sketch,p50,0,0.0,37,256,30,111,31,1152,0,0,66,2,0.9029,177.372,OPTIMAL,30.000000,9.5693,29.3101
2026-09-04T08:20:33.914250+00:00,0,43,dynamic+reassign,sketch,p50,10,1.0,37,263,73,115,27,1144,0,0,61,0,0.9037,1499.880,OPTIMAL,4033.000000,9.7537,29.1111
2026-09-04T08:20:34.713297+00:00,0,43,p50-1.2xalloc,sketch,p50bump,10,1.0,37,303,62,107,24,1101,0,3,20,6,0.9871,704.988,OPTIMAL,4019.000000,2.5178,2.1373
2026-09-04T08:20:35.683498+00:00,0,43,avg-p50p75-1.2xalloc,sketch,avgp50p75bump,10,1.0,37,341,63,100,19,1071,0,6,4,1,0.9902,889.869,OPTIMAL,4017.000000,8.0161,32.1277
2026-09-04T08:20:36.571023+00:00,0,43,window-avg,sketch,window,10,1.0,37,275,70,115,26,1129,0,0,58,0,0.9220,806.246,OPTIMAL,4030.000000,10.6453,26.0329
2026-09-04T08:20:38.299756+00:00,0,43,p90,sketch,p90,10,1.0,37,327,66,109,25,1079,0,1,39,1,0.9503,1650.230,OPTIMAL,4025.000000,11.7177,15.5866
2026-09-04T08:20:40.433407+00:00,0,43,avg-epoch,sketch,avg,10,1.0,37,241,70,119,30,1159,0,0,74,1,0.9038,2051.260,OPTIMAL,4030.000000,10.0276,28.7334
2026-09-04T08:20:44.549328+00:00,0,44,static,static,request,0,0.0,27,480,24,89,22,971,0,0,7,1,0.9916,235.519,OPTIMAL,24.000000,44.8978,88.3932
2026-09-04T08:20:45.867375+00:00,0,44,reassign,static,request,10,1.0,27,469,53,91,23,979,0,0,5,0,0.9921,1308.349,OPTIMAL,3023.000000,46.4428,88.3932
2026-09-04T08:20:46.227750+00:00,0,44,dynamic,sketch,p50,0,0.0,27,253,30,117,24,1176,0,0,57,1,0.9030,267.767,OPTIMAL,30.000000,7.4413,18.8222
2026-09-04T08:20:46.949992+00:00,0,44,dynamic+reassign,sketch,p50,10,1.0,27,257,66,119,22,1166,0,0,57,1,0.9039,634.024,OPTIMAL,4026.000000,7.7172,23.5251
2026-09-04T08:20:49.233158+00:00,0,44,p50-1.2xalloc,sketch,p50bump,10,1.0,27,308,67,101,33,1134,0,2,12,2,0.9872,2210.962,OPTIMAL,4025.000000,3.3946,15.9338
2026-09-04T08:20:58.018200+00:00,0,44,avg-p50p75-1.2xalloc,sketch,avgp50p75bump,10,1.0,27,345,64,99,25,1096,0,6,14,3,0.9901,8710.994,OPTIMAL,4018.000000,6.4993,18.6463
2026-09-04T08:21:00.302911+00:00,0,44,window-avg,sketch,window,10,1.0,27,272,71,117,29,1158,0,0,53,0,0.9219,2203.266,OPTIMAL,4031.000000,10.0903,23.1789
2026-09-04T08:21:02.225847+00:00,0,44,p90,sketch,p90,10,1.0,27,328,67,107,29,1108,0,1,40,1,0.9502,1848.142,OPTIMAL,4026.000000,11.9142,16.8553
2026-09-04T08:21:03.086542+00:00,0,44,avg-epoch,sketch,avg,10,1.0,27,238,67,123,23,1182,0,0,68,1,0.9035,772.435,OPTIMAL,4027.000000,8.3777,22.9495
2026-09-04T08:21:07.337744+00:00,0,45,static,static,request,0,0.0,33,489,23,85,27,998,0,0,6,0,0.9916,378.901,OPTIMAL,23.000000,51.9744,94.7397
2026-09-04T08:21:07.748858+00:00,0,45,reassign,static,request,10,1.0,33,479,53,85,25,1004,0,1,9,1,0.9921,399.278,OPTIMAL,3418.000000,51.7827,97.6211
2026-09-04T08:21:08.191655+00:00,0,45,dynamic,sketch,p50,0,0.0,33,256,30,125,22,1198,0,0,61,0,0.9034,327.777,OPTIMAL,30.000000,6.4888,18.2415
2026-09-04T08:21:09.400890+00:00,0,45,dynamic+reassign,sketch,p50,10,1.0,33,264,68,122,25,1191,0,1,70,2,0.9039,1106.930,OPTIMAL,4027.000000,7.3200,20.0896
2026-09-04T08:21:11.150832+00:00,0,45,p50-1.2xalloc,sketch,p50bump,10,1.0,33,314,71,108,24,1158,0,3,9,1,0.9873,1667.497,OPTIMAL,4028.000000,2.1231,1.6222
2026-09-04T08:21:13.112777+00:00,0,45,avg-p50p75-1.2xalloc,sketch,avgp50p75bump,10,1.0,33,354,67,94,32,1128,0,1,10,2,0.9902,1906.348,OPTIMAL,4026.000000,6.7574,24.0079
2026-09-04T08:21:14.830132+00:00,0,45,window-avg,sketch,window,10,1.0,33,274,69,121,25,1183,0,0,62,0,0.9219,1633.160,OPTIMAL,4029.000000,8.9761,23.7682
2026-09-04T08:21:16.648087+00:00,0,45,p90,sketch,p90,10,1.0,33,334,70,107,30,1138,0,0,38,0,0.9503,1746.130,OPTIMAL,4030.000000,12.1680,16.7485
2026-09-04T08:21:17.401189+00:00,0,45,avg-epoch,sketch,avg,10,1.0,33,244,68,120,31,1213,0,1,70,1,0.9036,667.832,OPTIMAL,4027.000000,8.0900,22.8638
2026-09-04T08:21:21.351523+00:00,0,46,static,static,request,0,0.0,31,497,20,84,21,1019,0,0,4,0,0.9917,139.248,OPTIMAL,20.000000,49.5239,91.2656
2026-09-04T08:21:22.038206+00:00,0,46,reassign,static,request,10,1.0,31,491,62,83,24,1028,0,0,7,1,0.9921,675.587,OPTIMAL,4022.000000,50.9594,96.3331
2026-09-04T08:21:22.312134+00:00,0,46,dynamic,sketch,p50,0,0.0,31,257,26,121,30,1228,0,0,68,2,0.9037,167.121,OPTIMAL,26.000000,7.2294,24.4771
2026-09-04T08:21:25.105793+00:00,0,46,dynamic+reassign,sketch,p50,10,1.0,31,267,69,118,33,1224,0,1,68,1,0.9041,2618.497,OPTIMAL,4028.000000,8.5099,25.7377
2026-09-04T08:21:28.339056+00:00,0,46,p50-1.2xalloc,sketch,p50bump,10,1.0,31,314,68,112,24,1182,0,7,17,3,0.9873,3140.648,OPTIMAL,4021.000000,3.1157,6.9034
2026-09-04T08:21:31.444137+00:00,0,46,avg-p50p75-1.2xalloc,sketch,avgp50p75bump,10,1.0,31,358,68,100,22,1150,0,5,12,2,0.9901,3032.566,OPTIMAL,4023.000000,9.4507,31.1875
2026-09-04T08:21:32.473838+00:00,0,46,window-avg,sketch,window,10,1.0,31,276,69,123,27,1210,0,0,66,0,0.9219,941.868,OPTIMAL,4029.000000,9.8977,25.2058
2026-09-04T08:21:33.151864+00:00,0,46,p90,sketch,p90,10,1.0,31,335,60,110,21,1159,0,0,40,0,0.9503,598.876,OPTIMAL,3624.000000,11.9211,17.0456
2026-09-04T08:21:33.934437+00:00,0,46,avg-epoch,sketch,avg,10,1.0,31,247,67,122,25,1238,0,0,69,1,0.9037,693.841,OPTIMAL,4027.000000,8.8723,25.2170
2026-09-04T08:21:38.026382+00:00,0,47,static,static,request,0,0.0,45,522,22,86,20,1039,0,0,4,0,0.9917,135.870,OPTIMAL,22.000000,45.6037,88.3147
2026-09-04T08:21:38.648484+00:00,0,47,reassign,static,request,10,1.0,45,514,57,84,22,1050,0,0,6,0,0.9922,610.997,OPTIMAL,3423.000000,45.7241,101.0840
2026-09-04T08:21:38.884397+00:00,0,47,dynamic,sketch,p50,0,0.0,45,276,28,120,29,1257,0,0,71,2,0.9035,121.137,OPTIMAL,28.000000,10.2237,25.4238
2026-09-04T08:21:40.542135+00:00,0,47,dynamic+reassign,sketch,p50,10,1.0,45,283,70,121,27,1251,0,0,64,1,0.9041,1558.650,OPTIMAL,4030.000000,9.2936,25.4238
2026-09-04T08:21:42.848116+00:00,0,47,p50-1.2xalloc,sketch,p50bump,10,1.0,45,331,67,115,24,1206,0,6,26,5,0.9871,2208.691,OPTIMAL,4021.000000,4.1471,21.7329
2026-09-04T08:21:44.823956+00:00,0,47,avg-p50p75-1.2xalloc,sketch,avgp50p75bump,10,1.0,45,375,70,105,25,1175,0,7,15,4,0.9902,1901.959,OPTIMAL,4023.000000,5.5009,10.3433
2026-09-04T08:21:45.615911+00:00,0,47,window-avg,sketch,window,10,1.0,45,292,69,122,30,1240,0,0,64,1,0.9216,704.951,OPTIMAL,4029.000000,9.8974,24.6499
2026-09-04T08:21:46.420131+00:00,0,47,p90,sketch,p90,10,1.0,45,356,68,113,25,1184,0,0,44,1,0.9503,725.744,OPTIMAL,4028.000000,12.9690,21.0586
2026-09-04T08:21:48.257522+00:00,0,47,avg-epoch,sketch,avg,10,1.0,45,265,67,123,26,1264,0,2,68,2,0.9034,1747.956,OPTIMAL,4025.000000,10.4461,29.2025
2026-09-04T08:21:52.294402+00:00,0,48,static,static,request,0,0.0,45,545,21,87,20,1059,0,0,5,0,0.9917,128.207,OPTIMAL,21.000000,43.2566,91.4189
2026-09-04T08:21:53.031648+00:00,0,48,reassign,static,request,10,1.0,45,536,58,88,21,1071,0,0,7,0,0.9922,726.038,OPTIMAL,3325.000000,39.4537,88.7996
2026-09-04T08:21:53.356803+00:00,0,48,dynamic,sketch,p50,0,0.0,45,293,24,126,18,1275,0,0,66,1,0.9031,200.107,OPTIMAL,24.000000,10.0567,29.4526
2026-09-04T08:21:54.330583+00:00,0,48,dynamic+reassign,sketch,p50,10,1.0,45,298,66,125,22,1273,0,0,67,0,0.9038,868.802,OPTIMAL,4026.000000,9.3589,28.9283
2026-09-04T08:21:56.944008+00:00,0,48,p50-1.2xalloc,sketch,p50bump,10,1.0,45,349,67,114,28,1234,0,5,26,4,0.9870,2517.158,OPTIMAL,4022.000000,3.6062,16.8018
2026-09-04T08:21:58.987788+00:00,0,48,avg-p50p75-1.2xalloc,sketch,avgp50p75bump,10,1.0,45,390,57,114,17,1192,0,5,16,3,0.9901,1960.139,OPTIMAL,3121.000000,5.5015,16.1153
2026-09-04T08:22:00.856097+00:00,0,48,window-avg,sketch,window,10,1.0,45,308,69,124,27,1267,0,1,60,1,0.9215,1779.626,OPTIMAL,4028.000000,10.1983,23.4280
2026-09-04T08:22:03.345335+00:00,0,48,p90,sketch,p90,10,1.0,45,373,70,113,30,1214,0,0,42,0,0.9501,2410.697,OPTIMAL,4030.000000,11.9599,18.9993
2026-09-04T08:22:04.245805+00:00,0,48,avg-epoch,sketch,avg,10,1.0,45,283,64,118,29,1293,0,0,72,0,0.9030,812.539,OPTIMAL,4024.000000,10.6532,28.5114
2026-09-04T08:22:08.552194+00:00,0,49,static,static,request,0,0.0,28,552,24,92,19,1078,0,0,11,0,0.9917,380.640,OPTIMAL,24.000000,40.8981,72.6474
2026-09-04T08:22:08.962177+00:00,0,49,reassign,static,request,10,1.0,28,539,44,93,15,1086,0,0,12,0,0.9921,398.263,OPTIMAL,2420.000000,41.1980,72.6474
2026-09-04T08:22:09.607090+00:00,0,49,dynamic,sketch,p50,0,0.0,28,297,25,113,38,1313,0,0,81,3,0.9022,533.075,OPTIMAL,25.000000,11.3545,30.4550
2026-09-04T08:22:10.943095+00:00,0,49,dynamic+reassign,sketch,p50,10,1.0,28,300,63,119,29,1302,0,1,76,2,0.9032,1231.253,OPTIMAL,4022.000000,10.7642,30.4550
2026-09-04T08:22:13.836099+00:00,0,49,p50-1.2xalloc,sketch,p50bump,10,1.0,28,350,68,114,28,1262,0,7,27,6,0.9871,2798.619,OPTIMAL,4021.000000,4.4928,21.3570
2026-09-04T08:22:15.951976+00:00,0,49,avg-p50p75-1.2xalloc,sketch,avgp50p75bump,10,1.0,28,392,68,109,33,1225,0,7,16,4,0.9900,2036.233,OPTIMAL,4021.000000,6.8101,24.4636
2026-09-04T08:22:16.672742+00:00,0,49,window-avg,sketch,window,10,1.0,28,307,58,117,25,1292,0,0,71,1,0.9212,628.686,OPTIMAL,4018.000000,11.2366,28.7906
2026-09-04T08:22:17.751496+00:00,0,49,p90,sketch,p90,10,1.0,28,371,63,113,23,1237,0,2,51,1,0.9500,995.717,OPTIMAL,4021.000000,11.3935,18.9447
2026-09-04T08:22:18.542357+00:00,0,49,avg-epoch,sketch,avg,10,1.0,28,287,64,115,27,1320,0,0,78,2,0.9022,705.279,OPTIMAL,4024.000000,11.0847,30.9257
2026-09-04T08:22:22.559135+00:00,0,50,static,static,request,0,0.0,38,566,24,83,33,1111,0,0,5,0,0.9918,129.697,OPTIMAL,24.000000,41.9321,86.3754
2026-09-04T08:22:23.946663+00:00,0,50,reassign,static,request,10,1.0,38,557,67,85,35,1121,0,0,6,0,0.9921,1375.232,OPTIMAL,4027.000000,34.9623,63.4448
2026-09-04T08:22:24.271354+00:00,0,50,dynamic,sketch,p50,0,0.0,38,310,25,110,28,1341,0,0,57,0,0.9023,219.186,OPTIMAL,25.000000,7.6212,22.4798
2026-09-04T08:22:25.194286+00:00,0,50,dynamic+reassign,sketch,p50,10,1.0,38,315,61,113,27,1329,0,1,67,1,0.9031,826.540,OPTIMAL,4020.000000,9.2422,27.5866
2026-09-04T08:22:25.997386+00:00,0,50,p50-1.2xalloc,sketch,p50bump,10,1.0,38,360,63,115,22,1284,0,1,8,1,0.9873,701.358,OPTIMAL,4022.000000,2.5168,1.4501
2026-09-04T08:22:27.097350+00:00,0,50,avg-p50p75-1.2xalloc,sketch,avgp50p75bump,10,1.0,38,402,61,111,21,1246,0,5,12,4,0.9900,1002.346,OPTIMAL,3818.000000,6.2140,15.4230
2026-09-04T08:22:28.172957+00:00,0,50,window-avg,sketch,window,10,1.0,38,327,62,112,27,1319,0,0,66,0,0.9209,978.430,OPTIMAL,4022.000000,10.9729,27.3429
2026-09-04T08:22:29.033290+00:00,0,50,p90,sketch,p90,10,1.0,38,386,66,114,25,1262,0,1,44,0,0.9498,774.147,OPTIMAL,4025.000000,11.3210,15.2092
2026-09-04T08:22:30.021139+00:00,0,50,avg-epoch,sketch,avg,10,1.0,38,301,62,108,29,1349,0,1,63,1,0.9023,907.104,OPTIMAL,4021.000000,7.8213,21.0761
2026-09-04T08:22:34.074140+00:00,0,51,static,static,request,0,0.0,29,571,22,89,16,1127,0,0,7,1,0.9918,176.701,OPTIMAL,22.000000,40.2871,82.2261
2026-09-04T08:22:34.784917+00:00,0,51,reassign,static,request,10,1.0,29,559,54,92,16,1137,0,0,6,0,0.9921,699.509,OPTIMAL,3123.000000,39.3965,67.3788
2026-09-04T08:22:34.984162+00:00,0,51,dynamic,sketch,p50,0,0.0,29,314,22,111,21,1362,0,0,69,1,0.9021,87.643,OPTIMAL,22.000000,8.0973,24.4955
2026-09-04T08:22:37.222567+00:00,0,51,dynamic+reassign,sketch,p50,10,1.0,29,323,64,107,30,1359,0,0,74,0,0.9029,2145.417,OPTIMAL,4024.000000,8.4644,23.9725
2026-09-04T08:22:38.127417+00:00,0,51,p50-1.2xalloc,sketch,p50bump,10,1.0,29,366,62,105,32,1316,0,8,12,4,0.9873,812.609,OPTIMAL,4014.000000,3.6910,16.2758
2026-09-04T08:22:39.174943+00:00,0,51,avg-p50p75-1.2xalloc,sketch,avgp50p75bump,10,1.0,29,408,63,108,26,1272,0,1,9,2,0.9901,952.042,OPTIMAL,4022.000000,5.9300,16.8382
2026-09-04T08:22:40.311094+00:00,0,51,window-avg,sketch,window,10,1.0,29,334,63,101,34,1353,0,0,60,0,0.9208,1061.072,OPTIMAL,4023.000000,10.1078,24.8261
2026-09-04T08:22:41.002421+00:00,0,51,p90,sketch,p90,10,1.0,29,389,62,115,21,1283,0,1,40,1,0.9496,606.120,OPTIMAL,4021.000000,11.5644,14.5828
2026-09-04T08:22:42.177700+00:00,0,51,avg-epoch,sketch,avg,10,1.0,29,308,63,107,24,1373,0,0,69,0,0.9022,1097.563,OPTIMAL,4023.000000,8.9665,20.7477
2026-09-04T08:22:46.297273+00:00,0,52,static,static,request,0,0.0,25,574,27,88,28,1155,0,0,14,1,0.9917,282.473,OPTIMAL,27.000000,39.5765,91.3548
2026-09-04T08:22:46.760383+00:00,0,52,reassign,static,request,10,1.0,25,561,55,94,24,1161,0,0,12,0,0.9921,451.145,OPTIMAL,2926.000000,40.8824,92.6061
2026-09-04T08:22:47.034048+00:00,0,52,dynamic,sketch,p50,0,0.0,25,317,25,115,21,1383,0,0,57,1,0.9022,174.087,OPTIMAL,25.000000,8.2649,27.0368
2026-09-04T08:22:49.094595+00:00,0,52,dynamic+reassign,sketch,p50,10,1.0,25,324,65,110,22,1381,0,1,55,2,0.9030,1966.192,OPTIMAL,4024.000000,6.9264,21.9223
2026-09-04T08:22:50.443881+00:00,0,52,p50-1.2xalloc,sketch,p50bump,10,1.0,25,369,62,96,31,1347,0,4,24,7,0.9872,1277.003,OPTIMAL,4018.000000,3.4112,1.7203
2026-09-04T08:22:51.298004+00:00,0,52,avg-p50p75-1.2xalloc,sketch,avgp50p75bump,10,1.0,25,410,63,101,30,1302,0,2,17,3,0.9902,783.231,OPTIMAL,4021.000000,7.5968,29.0027
2026-09-04T08:22:52.061180+00:00,0,52,window-avg,sketch,window,10,1.0,25,336,64,104,21,1374,0,1,48,1,0.9208,686.189,OPTIMAL,4023.000000,8.5472,24.5659
2026-09-04T08:22:52.662888+00:00,0,52,p90,sketch,p90,10,1.0,25,392,62,106,31,1314,0,0,48,1,0.9495,521.138,OPTIMAL,4022.000000,12.5905,17.6096
2026-09-04T08:22:53.431116+00:00,0,52,avg-epoch,sketch,avg,10,1.0,25,310,64,109,22,1395,0,1,64,1,0.9024,693.970,OPTIMAL,4023.000000,8.6832,24.0550
2026-09-04T08:22:57.491255+00:00,0,53,static,static,request,0,0.0,24,571,19,95,12,1167,0,0,6,0,0.9918,180.484,OPTIMAL,19.000000,42.1455,87.7495
2026-09-04T08:22:58.895913+00:00,0,53,reassign,static,request,10,1.0,24,559,53,99,21,1182,0,0,8,1,0.9922,1392.384,OPTIMAL,2726.000000,42.1402,87.7495
2026-09-04T08:22:59.166271+00:00,0,53,dynamic,sketch,p50,0,0.0,24,316,23,110,28,1411,0,0,66,1,0.9021,166.535,OPTIMAL,23.000000,8.0843,23.5964
2026-09-04T08:23:00.250471+00:00,0,53,dynamic+reassign,sketch,p50,10,1.0,24,323,63,108,25,1406,0,0,64,1,0.9031,997.874,OPTIMAL,4023.000000,8.2187,23.5964
2026-09-04T08:23:00.985692+00:00,0,53,p50-1.2xalloc,sketch,p50bump,10,1.0,24,371,63,99,20,1367,0,5,5,1,0.9874,661.278,OPTIMAL,4018.000000,3.4442,12.7082
2026-09-04T08:23:03.683218+00:00,0,53,avg-p50p75-1.2xalloc,sketch,avgp50p75bump,10,1.0,24,411,63,104,20,1322,0,3,15,2,0.9901,2620.556,OPTIMAL,4020.000000,5.9998,17.3272
2026-09-04T08:23:04.416160+00:00,0,53,window-avg,sketch,window,10,1.0,24,336,66,109,21,1395,0,1,53,1,0.9209,655.573,OPTIMAL,4025.000000,9.4405,21.9143
2026-09-04T08:23:05.409006+00:00,0,53,p90,sketch,p90,10,1.0,24,394,65,98,33,1347,0,1,40,1,0.9495,922.688,OPTIMAL,4024.000000,11.0699,14.9490
2026-09-04T08:23:06.117939+00:00,0,53,avg-epoch,sketch,avg,10,1.0,24,310,63,109,23,1418,0,1,61,0,0.9024,627.827,OPTIMAL,4022.000000,9.1163,23.9189
2026-09-04T08:23:10.777492+00:00,0,54,static,static,request,0,0.0,42,594,26,96,25,1192,0,0,8,0,0.9919,718.320,OPTIMAL,26.000000,43.8223,82.1385
2026-09-04T08:23:12.088712+00:00,0,54,reassign,static,request,10,1.0,42,575,46,102,20,1202,0,0,15,1,0.9921,1298.454,OPTIMAL,2323.000000,44.0779,90.9238
2026-09-04T08:23:12.353082+00:00,0,54,dynamic,sketch,p50,0,0.0,42,335,23,105,28,1439,0,0,75,4,0.9021,168.429,OPTIMAL,23.000000,8.5724,26.3211
2026-09-04T08:23:13.135173+00:00,0,54,dynamic+reassign,sketch,p50,10,1.0,42,342,62,104,26,1432,0,1,72,2,0.9030,703.274,OPTIMAL,4021.000000,9.0107,26.6448
2026-09-04T08:23:13.717569+00:00,0,54,p50-1.2xalloc,sketch,p50bump,10,1.0,42,390,55,101,19,1386,0,8,17,4,0.9873,505.255,OPTIMAL,3413.000000,4.6483,23.2111
2026-09-04T08:23:14.469042+00:00,0,54,avg-p50p75-1.2xalloc,sketch,avgp50p75bump,10,1.0,42,430,61,90,35,1357,0,2,18,4,0.9901,681.591,OPTIMAL,4019.000000,5.8443,17.7287
2026-09-04T08:23:15.351656+00:00,0,54,window-avg,sketch,window,10,1.0,42,352,58,106,21,1416,0,2,60,1,0.9209,799.902,OPTIMAL,4016.000000,9.3624,24.8511
2026-09-04T08:23:16.212774+00:00,0,54,p90,sketch,p90,10,1.0,42,411,55,100,16,1363,0,2,41,1,0.9494,762.578,OPTIMAL,3716.000000,11.2015,15.0459
2026-09-04T08:23:19.090282+00:00,0,54,avg-epoch,sketch,avg,10,1.0,42,329,66,106,29,1447,0,1,70,1,0.9022,2786.538,OPTIMAL,4025.000000,10.7377,30.0538
2026-09-04T08:23:23.261128+00:00,0,55,static,static,request,0,0.0,48,616,24,96,24,1216,0,0,13,1,0.9918,155.001,OPTIMAL,24.000000,40.8116,86.3254
2026-09-04T08:23:23.605002+00:00,0,55,reassign,static,request,10,1.0,48,600,56,97,29,1231,0,0,12,0,0.9919,330.430,OPTIMAL,3224.000000,45.9735,88.4932
2026-09-04T08:23:26.591304+00:00,0,55,dynamic,sketch,p50,0,0.0,48,360,26,105,26,1465,0,0,61,2,0.9018,2874.181,OPTIMAL,26.000000,9.4029,27.4276
2026-09-04T08:23:29.063111+00:00,0,55,dynamic+reassign,sketch,p50,10,1.0,48,368,64,102,26,1458,0,1,61,2,0.9026,2378.654,OPTIMAL,4023.000000,9.5327,28.2312
2026-09-04T08:23:30.195187+00:00,0,55,p50-1.2xalloc,sketch,p50bump,10,1.0,48,417,53,96,24,1410,0,6,31,7,0.9870,1045.090,OPTIMAL,3413.000000,4.7262,17.6573
2026-09-04T08:23:31.359367+00:00,0,55,avg-p50p75-1.2xalloc,sketch,avgp50p75bump,10,1.0,48,457,54,96,11,1368,0,6,10,2,0.9901,1061.936,OPTIMAL,3711.000000,6.2761,19.6249
2026-09-04T08:23:32.520810+00:00,0,55,window-avg,sketch,window,10,1.0,48,382,63,97,32,1448,0,0,57,1,0.9203,1074.651,OPTIMAL,4023.000000,11.4228,24.8598
2026-09-04T08:23:33.514332+00:00,0,55,p90,sketch,p90,10,1.0,48,441,64,100,24,1387,0,1,42,1,0.9493,905.709,OPTIMAL,4023.000000,12.0540,22.3626
2026-09-04T08:23:35.480821+00:00,0,55,avg-epoch,sketch,avg,10,1.0,48,351,64,107,23,1470,0,0,59,1,0.9020,1872.842,OPTIMAL,4024.000000,9.4023,27.5133
2026-09-04T08:23:39.754096+00:00,0,56,static,static,request,0,0.0,36,628,23,97,22,1238,0,0,9,0,0.9916,290.316,OPTIMAL,23.000000,43.5258,95.1534
2026-09-04T08:23:40.312950+00:00,0,56,reassign,static,request,10,1.0,36,612,50,95,22,1253,0,0,5,0,0.9919,544.371,OPTIMAL,3020.000000,43.6826,94.8863
2026-09-04T08:23:40.616798+00:00,0,56,dynamic,sketch,p50,0,0.0,36,370,26,107,24,1489,0,0,46,0,0.9024,195.092,OPTIMAL,26.000000,6.3854,17.7322
2026-09-04T08:23:43.583421+00:00,0,56,dynamic+reassign,sketch,p50,10,1.0,36,380,67,106,23,1481,0,2,48,1,0.9030,2876.094,OPTIMAL,4025.000000,6.1938,18.4387
2026-09-04T08:23:44.645765+00:00,0,56,p50-1.2xalloc,sketch,p50bump,10,1.0,36,434,60,90,26,1436,0,3,8,2,0.9870,990.590,OPTIMAL,4017.000000,4.3533,25.4222
2026-09-04T08:23:47.855062+00:00,0,56,avg-p50p75-1.2xalloc,sketch,avgp50p75bump,10,1.0,36,476,64,91,29,1397,0,4,4,2,0.9902,3136.933,OPTIMAL,4020.000000,6.9740,28.6601
2026-09-04T08:23:52.817990+00:00,0,56,window-avg,sketch,window,10,1.0,36,395,69,105,21,1469,0,1,44,1,0.9206,4887.535,OPTIMAL,4028.000000,9.0727,21.9715
2026-09-04T08:23:53.539997+00:00,0,56,p90,sketch,p90,10,1.0,36,453,65,101,24,1411,0,1,40,1,0.9493,643.604,OPTIMAL,4024.000000,11.3271,14.2822
2026-09-04T08:23:55.552313+00:00,0,56,avg-epoch,sketch,avg,10,1.0,36,363,68,107,28,1498,0,0,50,0,0.9024,1933.940,OPTIMAL,4028.000000,7.2090,18.1009
2026-09-04T08:23:59.883578+00:00,0,57,static,static,request,0,0.0,30,635,24,98,23,1261,0,0,21,1,0.9915,355.801,OPTIMAL,24.000000,46.1215,100.3008
2026-09-04T08:24:00.325705+00:00,0,57,reassign,static,request,10,1.0,30,622,46,98,16,1269,0,0,18,0,0.9918,428.022,OPTIMAL,2719.000000,46.5616,94.2580
2026-09-04T08:24:00.849831+00:00,0,57,dynamic,sketch,p50,0,0.0,30,374,29,110,26,1515,0,0,58,1,0.9024,414.823,OPTIMAL,29.000000,7.5783,22.5219
2026-09-04T08:24:03.305050+00:00,0,57,dynamic+reassign,sketch,p50,10,1.0,30,383,71,108,29,1510,0,0,57,1,0.9032,2362.087,OPTIMAL,4031.000000,6.7335,20.9236
2026-09-04T08:24:08.578311+00:00,0,57,p50-1.2xalloc,sketch,p50bump,10,1.0,30,444,69,93,26,1462,0,3,14,3,0.9869,5203.896,OPTIMAL,4026.000000,2.7891,1.4862
2026-09-04T08:24:09.303204+00:00,0,57,avg-p50p75-1.2xalloc,sketch,avgp50p75bump,10,1.0,30,482,57,95,17,1414,0,8,11,2,0.9902,649.926,OPTIMAL,3613.000000,7.4055,25.3566
2026-09-04T08:24:10.550381+00:00,0,57,window-avg,sketch,window,10,1.0,30,396,69,106,28,1497,0,0,48,0,0.9208,1170.754,OPTIMAL,4029.000000,7.6776,22.2018
2026-09-04T08:24:11.426203+00:00,0,57,p90,sketch,p90,10,1.0,30,458,61,98,24,1435,0,2,40,1,0.9493,800.488,OPTIMAL,4019.000000,11.6952,16.6620
2026-09-04T08:24:14.199760+00:00,0,57,avg-epoch,sketch,avg,10,1.0,30,365,67,111,23,1521,0,1,56,1,0.9026,2692.139,OPTIMAL,4026.000000,7.9586,22.2371
2026-09-04T08:24:18.345329+00:00,0,58,static,static,request,0,0.0,32,643,19,100,17,1278,0,0,7,0,0.9915,206.711,OPTIMAL,19.000000,43.9467,86.4159
2026-09-04T08:24:19.763427+00:00,0,58,reassign,static,request,10,1.0,32,635,65,95,28,1297,0,0,8,0,0.9919,1403.539,OPTIMAL,4025.000000,50.0737,88.3496
2026-09-04T08:24:19.989697+00:00,0,58,dynamic,sketch,p50,0,0.0,32,377,22,114,18,1533,0,0,62,2,0.9024,116.162,OPTIMAL,22.000000,8.1432,25.5767
2026-09-04T08:24:21.003650+00:00,0,58,dynamic+reassign,sketch,p50,10,1.0,32,384,62,113,17,1527,0,0,52,0,0.9033,921.617,OPTIMAL,4022.000000,7.8823,27.5983
2026-09-04T08:24:23.148280+00:00,0,58,p50-1.2xalloc,sketch,p50bump,10,1.0,32,447,64,98,21,1483,0,3,16,3,0.9869,2068.821,OPTIMAL,3823.000000,3.8416,14.3976
2026-09-04T08:24:24.289047+00:00,0,58,avg-p50p75-1.2xalloc,sketch,avgp50p75bump,10,1.0,32,493,61,92,24,1438,0,1,10,2,0.9903,1066.240,OPTIMAL,4020.000000,4.8513,4.0950
2026-09-04T08:24:25.950487+00:00,0,58,window-avg,sketch,window,10,1.0,32,399,66,112,20,1517,0,0,50,0,0.9209,1579.042,OPTIMAL,4026.000000,9.3911,25.1341
2026-09-04T08:24:28.003299+00:00,0,58,p90,sketch,p90,10,1.0,32,469,65,101,22,1457,0,1,41,0,0.9494,1978.347,OPTIMAL,4024.000000,10.7102,14.9540
2026-09-04T08:24:29.480959+00:00,0,58,avg-epoch,sketch,avg,10,1.0,32,370,57,113,17,1538,0,0,59,0,0.9027,1386.249,OPTIMAL,3819.000000,8.2718,23.1433
2026-09-04T08:24:33.548663+00:00,0,59,static,static,request,0,0.0,28,652,19,89,30,1308,0,0,8,0,0.9915,161.013,OPTIMAL,19.000000,50.5037,95.4812
2026-09-04T08:24:34.067088+00:00,0,59,reassign,static,request,10,1.0,28,638,48,91,22,1319,0,0,10,1,0.9919,504.153,OPTIMAL,3018.000000,51.0023,94.9105
2026-09-04T08:24:34.425696+00:00,0,59,dynamic,sketch,p50,0,0.0,28,383,19,112,21,1554,0,0,67,0,0.9023,237.395,OPTIMAL,19.000000,9.6025,26.3369
2026-09-04T08:24:35.309860+00:00,0,59,dynamic+reassign,sketch,p50,10,1.0,28,390,60,113,20,1547,0,1,68,0,0.9031,779.523,OPTIMAL,4019.000000,9.4403,26.3369
2026-09-04T08:24:36.342145+00:00,0,59,p50-1.2xalloc,sketch,p50bump,10,1.0,28,449,69,102,25,1508,0,1,15,2,0.9868,945.536,OPTIMAL,4028.000000,2.5814,9.8143
2026-09-04T08:24:38.028392+00:00,0,59,avg-p50p75-1.2xalloc,sketch,avgp50p75bump,10,1.0,28,500,66,95,23,1461,0,4,6,1,0.9904,1604.221,OPTIMAL,4022.000000,5.2074,15.7629
2026-09-04T08:24:39.535942+00:00,0,59,window-avg,sketch,window,10,1.0,28,401,61,111,22,1539,0,1,57,1,0.9207,1405.758,OPTIMAL,4020.000000,9.7540,24.9708
2026-09-04T08:24:41.686792+00:00,0,59,p90,sketch,p90,10,1.0,28,472,66,100,27,1484,0,0,37,0,0.9493,2072.807,OPTIMAL,4026.000000,12.3282,15.8910
2026-09-04T08:24:42.461704+00:00,0,59,avg-epoch,sketch,avg,10,1.0,28,379,59,107,25,1563,0,4,71,1,0.9024,688.835,OPTIMAL,4015.000000,9.2998,26.3665
2026-09-04T08:24:46.625840+00:00,0,60,static,static,request,0,0.0,49,682,18,83,24,1332,0,0,10,1,0.9915,182.512,OPTIMAL,18.000000,52.4576,95.2928
2026-09-04T08:24:50.246468+00:00,0,60,reassign,static,request,10,1.0,49,669,60,82,32,1351,0,0,5,0,0.9919,3607.064,OPTIMAL,3723.000000,48.0266,95.2928
2026-09-04T08:24:50.448073+00:00,0,60,dynamic,sketch,p50,0,0.0,49,413,21,107,26,1580,0,0,76,2,0.9017,101.614,OPTIMAL,21.000000,11.0641,26.7237
2026-09-04T08:24:51.139646+00:00,0,60,dynamic+reassign,sketch,p50,10,1.0,49,419,60,107,26,1573,0,1,70,0,0.9028,605.887,OPTIMAL,4019.000000,9.9490,26.7237
2026-09-04T08:25:00.600085+00:00,0,60,p50-1.2xalloc,sketch,p50bump,10,1.0,49,469,64,108,18,1526,0,7,15,3,0.9867,9375.102,OPTIMAL,4017.000000,2.0668,1.3918
2026-09-04T08:25:03.228996+00:00,0,60,avg-p50p75-1.2xalloc,sketch,avgp50p75bump,10,1.0,49,523,68,98,25,1486,0,4,12,3,0.9904,2553.695,OPTIMAL,4024.000000,6.1429,19.2273
2026-09-04T08:25:03.908537+00:00,0,60,window-avg,sketch,window,10,1.0,49,429,55,107,19,1558,0,1,73,1,0.9204,588.289,OPTIMAL,4014.000000,9.3249,23.2592
2026-09-04T08:25:04.679204+00:00,0,60,p90,sketch,p90,10,1.0,49,495,68,102,26,1510,0,1,43,1,0.9492,696.995,OPTIMAL,4027.000000,11.3366,14.0711
2026-09-04T08:25:05.542353+00:00,0,60,avg-epoch,sketch,avg,10,1.0,49,409,63,104,26,1589,0,2,71,1,0.9021,782.847,OPTIMAL,4021.000000,11.3627,26.0659
2026-09-04T08:25:09.807454+00:00,0,61,static,static,request,0,0.0,36,700,19,79,23,1355,0,0,9,0,0.9915,297.584,OPTIMAL,19.000000,47.3881,84.4353
2026-09-04T08:25:10.021760+00:00,0,61,reassign,static,request,10,1.0,36,682,32,86,9,1360,0,0,6,0,0.9920,202.001,OPTIMAL,1913.000000,45.6382,84.3235
2026-09-04T08:25:10.450339+00:00,0,61,dynamic,sketch,p50,0,0.0,36,428,25,106,26,1606,0,0,69,1,0.9014,318.425,OPTIMAL,25.000000,10.7536,29.3435
2026-09-04T08:25:11.266742+00:00,0,61,dynamic+reassign,sketch,p50,10,1.0,36,435,63,105,25,1598,0,0,62,1,0.9026,722.799,OPTIMAL,4023.000000,9.9023,25.2509
2026-09-04T08:25:12.142884+00:00,0,61,p50-1.2xalloc,sketch,p50bump,10,1.0,36,481,48,107,18,1544,0,5,23,4,0.9866,775.603,OPTIMAL,3112.000000,3.4682,12.8606
2026-09-04T08:25:13.159907+00:00,0,61,avg-p50p75-1.2xalloc,sketch,avgp50p75bump,10,1.0,36,531,56,102,21,1507,0,6,19,3,0.9903,925.968,OPTIMAL,3119.000000,8.6121,26.5088
2026-09-04T08:25:13.881727+00:00,0,61,window-avg,sketch,window,10,1.0,36,450,63,103,27,1585,0,1,63,1,0.9201,628.924,OPTIMAL,4022.000000,11.3146,25.7873
2026-09-04T08:25:14.652143+00:00,0,61,p90,sketch,p90,10,1.0,36,503,54,103,19,1529,0,1,38,1,0.9492,678.179,OPTIMAL,3419.000000,11.1025,15.5171
2026-09-04T08:25:16.480156+00:00,0,61,avg-epoch,sketch,avg,10,1.0,36,422,67,105,26,1615,0,1,64,0,0.9019,1737.603,OPTIMAL,4026.000000,9.9354,27.4470
2026-09-04T08:25:20.643649+00:00,0,62,static,static,request,0,0.0,36,717,20,83,16,1371,0,0,6,0,0.9915,120.007,OPTIMAL,20.000000,47.5297,89.8477
2026-09-04T08:25:21.034028+00:00,0,62,reassign,static,request,10,1.0,36,705,51,84,21,1381,0,0,8,0,0.9919,377.370,OPTIMAL,3219.000000,44.2163,79.4277
2026-09-04T08:25:21.296134+00:00,0,62,dynamic,sketch,p50,0,0.0,36,439,28,107,27,1633,0,0,64,0,0.9014,152.955,OPTIMAL,28.000000,8.5634,26.3680
2026-09-04T08:25:22.767081+00:00,0,62,dynamic+reassign,sketch,p50,10,1.0,36,448,69,108,26,1624,0,1,65,3,0.9027,1380.190,OPTIMAL,4028.000000,7.9181,24.1904
2026-09-04T08:25:23.636326+00:00,0,62,p50-1.2xalloc,sketch,p50bump,10,1.0,36,500,57,99,25,1569,0,4,27,8,0.9865,773.852,OPTIMAL,4013.000000,3.1112,2.0053
2026-09-04T08:25:24.697670+00:00,0,62,avg-p50p75-1.2xalloc,sketch,avgp50p75bump,10,1.0,36,542,52,100,20,1527,0,4,16,4,0.9902,965.937,OPTIMAL,3414.000000,6.0797,17.4548
2026-09-04T08:25:25.875424+00:00,0,62,window-avg,sketch,window,10,1.0,36,463,66,100,29,1614,0,1,57,1,0.9202,1090.679,OPTIMAL,4025.000000,8.4817,21.8423
2026-09-04T08:25:26.574028+00:00,0,62,p90,sketch,p90,10,1.0,36,519,50,103,18,1547,0,1,33,1,0.9494,603.663,OPTIMAL,3217.000000,10.9052,14.6723
2026-09-04T08:25:27.510102+00:00,0,62,avg-epoch,sketch,avg,10,1.0,36,431,68,109,24,1639,0,0,61,1,0.9019,843.820,OPTIMAL,4028.000000,8.1611,21.8863
2026-09-04T08:25:31.726381+00:00,0,63,static,static,request,0,0.0,39,736,18,82,19,1390,0,0,5,0,0.9915,154.802,OPTIMAL,18.000000,47.8473,91.8770
2026-09-04T08:25:32.449279+00:00,0,63,reassign,static,request,10,1.0,39,725,53,82,23,1404,0,0,5,0,0.9919,710.141,OPTIMAL,3221.000000,44.6669,91.8770
2026-09-04T08:25:32.725887+00:00,0,63,dynamic,sketch,p50,0,0.0,39,450,31,113,25,1658,0,0,62,1,0.9013,163.406,OPTIMAL,31.000000,9.1050,23.3846
2026-09-04T08:25:34.496013+00:00,0,63,dynamic+reassign,sketch,p50,10,1.0,39,458,71,114,25,1649,0,1,61,1,0.9027,1675.361,OPTIMAL,4030.000000,7.9093,22.9610
2026-09-04T08:25:36.775809+00:00,0,63,p50-1.2xalloc,sketch,p50bump,10,1.0,39,522,64,93,30,1599,0,1,7,1,0.9866,2197.109,OPTIMAL,4023.000000,2.3581,1.5438
2026-09-04T08:25:37.400152+00:00,0,63,avg-p50p75-1.2xalloc,sketch,avgp50p75bump,10,1.0,39,563,53,100,18,1545,0,5,18,4,0.9900,541.395,OPTIMAL,3513.000000,6.2503,19.1882
2026-09-04T08:25:38.486942+00:00,0,63,window-avg,sketch,window,10,1.0,39,476,68,106,22,1636,0,2,56,2,0.9201,1009.142,OPTIMAL,4026.000000,9.5103,24.0231
2026-09-04T08:25:39.110132+00:00,0,63,p90,sketch,p90,10,1.0,39,540,54,96,22,1569,0,1,39,0,0.9496,546.532,OPTIMAL,3914.000000,10.8232,14.3367
2026-09-04T08:25:40.220273+00:00,0,63,avg-epoch,sketch,avg,10,1.0,39,442,71,114,26,1665,0,1,62,2,0.9018,1030.656,OPTIMAL,4030.000000,9.2899,24.4667
2026-09-04T08:25:44.278983+00:00,0,64,static,static,request,0,0.0,33,751,18,85,15,1405,0,0,4,0,0.9916,110.765,OPTIMAL,18.000000,45.5312,96.1523
2026-09-04T08:25:45.357742+00:00,0,64,reassign,static,request,10,1.0,33,737,53,84,19,1423,0,0,2,0,0.9920,1066.267,OPTIMAL,3221.000000,42.9645,88.6914
2026-09-04T08:25:45.677306+00:00,0,64,dynamic,sketch,p50,0,0.0,33,452,30,116,27,1685,0,0,64,1,0.9014,201.993,OPTIMAL,30.000000,7.8398,22.8704
2026-09-04T08:25:49.415461+00:00,0,64,dynamic+reassign,sketch,p50,10,1.0,33,460,72,118,28,1677,0,1,71,1,0.9028,3637.859,OPTIMAL,4031.000000,7.0763,21.5415
2026-09-04T08:25:50.109547+00:00,0,64,p50-1.2xalloc,sketch,p50bump,10,1.0,33,531,60,90,25,1624,0,3,15,2,0.9866,624.494,OPTIMAL,3819.000000,4.5267,23.2109
2026-09-04T08:25:50.971358+00:00,0,64,avg-p50p75-1.2xalloc,sketch,avgp50p75bump,10,1.0,33,578,58,93,25,1570,0,6,21,6,0.9899,785.465,OPTIMAL,4012.000000,7.2368,23.5220
2026-09-04T08:25:55.172012+00:00,0,64,window-avg,sketch,window,10,1.0,33,481,72,113,25,1661,0,1,61,1,0.9201,4116.709,OPTIMAL,4031.000000,7.5170,18.5200
2026-09-04T08:25:56.180563+00:00,0,64,p90,sketch,p90,10,1.0,33,558,61,89,28,1597,0,0,45,0,0.9494,936.875,OPTIMAL,4021.000000,11.1848,18.6380
2026-09-04T08:25:56.961098+00:00,0,64,avg-epoch,sketch,avg,10,1.0,33,444,69,115,28,1693,0,0,60,0,0.9019,695.450,OPTIMAL,4029.000000,8.9380,23.6890
2026-09-04T08:26:01.280884+00:00,0,65,static,static,request,0,0.0,39,772,18,82,21,1426,0,0,6,0,0.9916,352.174,OPTIMAL,18.000000,44.3391,83.5039
2026-09-04T08:26:01.483223+00:00,0,65,reassign,static,request,10,1.0,39,755,36,81,15,1438,0,0,4,0,0.9921,189.646,OPTIMAL,2412.000000,44.9016,88.2055
2026-09-04T08:26:02.027606+00:00,0,65,dynamic,sketch,p50,0,0.0,39,461,25,111,30,1715,0,0,65,3,0.9015,427.082,OPTIMAL,25.000000,7.9275,27.0792
2026-09-04T08:26:06.608200+00:00,0,65,dynamic+reassign,sketch,p50,10,1.0,39,467,68,114,32,1709,0,1,58,0,0.9031,4480.726,OPTIMAL,4027.000000,6.6403,19.4089
2026-09-04T08:26:08.406190+00:00,0,65,p50-1.2xalloc,sketch,p50bump,10,1.0,39,548,70,99,21,1645,0,2,10,1,0.9866,1725.207,OPTIMAL,4028.000000,3.3308,6.3753
2026-09-04T08:26:10.319750+00:00,0,65,avg-p50p75-1.2xalloc,sketch,avgp50p75bump,10,1.0,39,599,64,87,30,1600,0,3,7,1,0.9899,1847.139,OPTIMAL,4021.000000,6.2237,16.0923
2026-09-04T08:26:12.059810+00:00,0,65,window-avg,sketch,window,10,1.0,39,488,68,116,25,1686,0,1,52,2,0.9202,1654.337,OPTIMAL,4027.000000,8.7062,27.4301
2026-09-04T08:26:15.366816+00:00,0,65,p90,sketch,p90,10,1.0,39,576,64,90,23,1620,0,0,36,0,0.9493,3240.788,OPTIMAL,4024.000000,11.7638,17.6962
2026-09-04T08:26:16.160331+00:00,0,65,avg-epoch,sketch,avg,10,1.0,39,454,69,116,28,1721,0,0,65,1,0.9020,710.184,OPTIMAL,4029.000000,8.7665,28.6260
2026-09-04T08:26:20.332289+00:00,0,66,static,static,request,0,0.0,32,786,20,79,23,1449,0,0,7,0,0.9916,220.395,OPTIMAL,20.000000,47.6101,94.0636
2026-09-04T08:26:21.903551+00:00,0,66,reassign,static,request,10,1.0,32,775,61,75,27,1465,0,0,7,0,0.9921,1558.956,OPTIMAL,4021.000000,48.8308,95.6417
2026-09-04T08:26:22.208717+00:00,0,66,dynamic,sketch,p50,0,0.0,32,468,26,117,20,1735,0,0,60,0,0.9016,194.878,OPTIMAL,26.000000,8.3590,26.6481
2026-09-04T08:26:23.917392+00:00,0,66,dynamic+reassign,sketch,p50,10,1.0,32,471,68,117,25,1734,0,0,56,0,0.9034,1620.740,OPTIMAL,4028.000000,8.1057,23.8077
2026-09-04T08:26:25.138579+00:00,0,66,p50-1.2xalloc,sketch,p50bump,10,1.0,32,550,71,107,23,1668,0,1,25,3,0.9865,1144.511,OPTIMAL,4030.000000,3.0719,12.5371
2026-09-04T08:26:26.309076+00:00,0,66,avg-p50p75-1.2xalloc,sketch,avgp50p75bump,10,1.0,32,607,61,87,22,1622,0,4,15,3,0.9900,1102.635,OPTIMAL,3918.000000,7.8511,23.4264
2026-09-04T08:26:27.029034+00:00,0,66,window-avg,sketch,window,10,1.0,32,492,62,111,27,1713,0,2,53,0,0.9202,632.566,OPTIMAL,4020.000000,10.0822,23.6286
2026-09-04T08:26:28.092155+00:00,0,66,p90,sketch,p90,10,1.0,32,584,70,98,22,1642,0,1,42,0,0.9492,996.028,OPTIMAL,4029.000000,11.4656,19.5196
2026-09-04T08:26:29.589660+00:00,0,66,avg-epoch,sketch,avg,10,1.0,32,457,69,121,24,1745,0,0,62,0,0.9021,1408.044,OPTIMAL,4029.000000,8.2730,26.0842
2026-09-04T08:26:33.649426+00:00,0,67,static,static,request,0,0.0,44,810,21,78,22,1471,0,0,2,0,0.9916,140.277,OPTIMAL,21.000000,50.5989,101.6640
2026-09-04T08:26:34.563115+00:00,0,67,reassign,static,request,10,1.0,44,798,58,78,22,1487,0,0,2,0,0.9921,902.250,OPTIMAL,3325.000000,44.7585,101.6640
2026-09-04T08:26:34.849300+00:00,0,67,dynamic,sketch,p50,0,0.0,44,486,30,116,31,1766,0,0,74,0,0.9015,170.620,OPTIMAL,30.000000,8.5013,27.9179
2026-09-04T08:26:36.224687+00:00,0,67,dynamic+reassign,sketch,p50,10,1.0,44,487,68,121,24,1758,0,1,71,1,0.9032,1268.576,OPTIMAL,4027.000000,8.2132,24.9221
2026-09-04T08:26:37.180945+00:00,0,67,p50-1.2xalloc,sketch,p50bump,10,1.0,44,563,66,111,22,1690,0,2,11,2,0.9864,857.934,OPTIMAL,4024.000000,3.4654,11.8935
2026-09-04T08:26:38.519536+00:00,0,67,avg-p50p75-1.2xalloc,sketch,avgp50p75bump,10,1.0,44,629,66,95,18,1640,0,2,6,1,0.9899,1255.296,OPTIMAL,4024.000000,6.0141,20.9606
2026-09-04T08:26:42.384917+00:00,0,67,window-avg,sketch,window,10,1.0,44,514,66,115,22,1735,0,3,63,1,0.9200,3765.256,OPTIMAL,4023.000000,10.5085,24.3766
2026-09-04T08:26:54.500920+00:00,0,67,p90,sketch,p90,10,1.0,44,598,71,109,20,1662,0,3,40,1,0.9491,12039.984,OPTIMAL,4028.000000,11.2720,15.2596
2026-09-04T08:26:55.385233+00:00,0,67,avg-epoch,sketch,avg,10,1.0,44,472,69,121,29,1774,0,0,72,0,0.9021,789.426,OPTIMAL,4029.000000,8.7022,28.0033
2026-09-04T08:26:59.309585+00:00,0,68,static,static,request,0,0.0,24,813,21,81,18,1489,0,0,6,0,0.9916,118.717,OPTIMAL,21.000000,43.2577,90.0192
2026-09-04T08:27:00.257587+00:00,0,68,reassign,static,request,10,1.0,24,797,46,85,14,1501,0,0,8,0,0.9921,936.101,OPTIMAL,2521.000000,46.7047,88.2799
2026-09-04T08:27:00.613153+00:00,0,68,dynamic,sketch,p50,0,0.0,24,480,28,117,27,1793,0,0,69,1,0.9016,235.342,OPTIMAL,28.000000,8.4147,24.7828
2026-09-04T08:27:02.392562+00:00,0,68,dynamic+reassign,sketch,p50,10,1.0,24,483,70,124,27,1785,0,1,74,1,0.9031,1674.343,OPTIMAL,4029.000000,8.4255,25.2898
2026-09-04T08:27:05.826807+00:00,0,68,p50-1.2xalloc,sketch,p50bump,10,1.0,24,561,65,104,32,1722,0,5,26,7,0.9864,3355.037,OPTIMAL,4020.000000,2.8054,1.6640
2026-09-04T08:27:06.776037+00:00,0,68,avg-p50p75-1.2xalloc,sketch,avgp50p75bump,10,1.0,24,627,69,101,23,1663,0,3,2,0,0.9900,875.074,OPTIMAL,4026.000000,6.3262,14.6720
2026-09-04T08:27:07.572338+00:00,0,68,window-avg,sketch,window,10,1.0,24,512,69,111,33,1768,0,1,63,2,0.9199,715.243,OPTIMAL,4028.000000,8.7957,23.3235
2026-09-04T08:27:08.137823+00:00,0,68,p90,sketch,p90,10,1.0,24,591,54,109,20,1682,0,1,38,1,0.9492,480.546,OPTIMAL,3419.000000,12.4836,15.8230
2026-09-04T08:27:10.118148+00:00,0,68,avg-epoch,sketch,avg,10,1.0,24,467,70,125,26,1800,0,1,71,1,0.9021,1888.184,OPTIMAL,4029.000000,8.8620,25.6177
2026-09-04T08:27:14.256127+00:00,0,69,static,static,request,0,0.0,21,813,22,84,19,1508,0,0,8,0,0.9917,199.434,OPTIMAL,22.000000,44.1799,88.3127
2026-09-04T08:27:14.665523+00:00,0,69,reassign,static,request,10,1.0,21,797,50,90,17,1518,0,0,10,0,0.9921,396.503,OPTIMAL,2822.000000,40.7406,80.6608
2026-09-04T08:27:14.944875+00:00,0,69,dynamic,sketch,p50,0,0.0,21,473,25,118,24,1817,0,0,60,1,0.9018,155.289,OPTIMAL,25.000000,7.5867,22.6369
2026-09-04T08:27:15.957182+00:00,0,69,dynamic+reassign,sketch,p50,10,1.0,21,474,68,124,28,1813,0,1,65,1,0.9035,901.970,OPTIMAL,4027.000000,6.9495,21.8613
2026-09-04T08:27:18.221123+00:00,0,69,p50-1.2xalloc,sketch,p50bump,10,1.0,21,557,68,108,24,1746,0,3,18,4,0.9864,2169.203,OPTIMAL,4025.000000,3.0104,5.5274
2026-09-04T08:27:20.026277+00:00,0,69,avg-p50p75-1.2xalloc,sketch,avgp50p75bump,10,1.0,21,619,67,106,22,1685,0,5,7,1,0.9900,1725.306,OPTIMAL,4022.000000,5.9799,22.3954
2026-09-04T08:27:21.322430+00:00,0,69,window-avg,sketch,window,10,1.0,21,504,69,114,26,1794,0,1,55,2,0.9202,1211.778,OPTIMAL,4028.000000,8.0736,21.0520
2026-09-04T08:27:34.557551+00:00,0,69,p90,sketch,p90,10,1.0,21,592,66,103,32,1714,0,2,46,1,0.9491,13159.050,OPTIMAL,4024.000000,11.6576,17.8552
2026-09-04T08:27:35.349627+00:00,0,69,avg-epoch,sketch,avg,10,1.0,21,458,67,128,24,1824,0,1,63,1,0.9025,685.794,OPTIMAL,4026.000000,8.0761,25.2725
2026-09-04T08:27:39.420198+00:00,0,70,static,static,request,0,0.0,26,817,21,88,17,1525,0,0,10,0,0.9916,128.870,OPTIMAL,21.000000,41.2705,79.2909
2026-09-04T08:27:40.013225+00:00,0,70,reassign,static,request,10,1.0,26,801,59,88,24,1542,0,0,12,1,0.9921,579.454,OPTIMAL,3722.000000,35.0758,73.2540
2026-09-04T08:27:40.365110+00:00,0,70,dynamic,sketch,p50,0,0.0,26,474,27,117,28,1845,0,0,67,2,0.9019,228.615,OPTIMAL,27.000000,7.7847,21.6589
2026-09-04T08:27:41.651676+00:00,0,70,dynamic+reassign,sketch,p50,10,1.0,26,472,69,121,32,1845,0,0,72,1,0.9037,1180.987,OPTIMAL,4029.000000,7.6035,21.4958
2026-09-04T08:27:43.332036+00:00,0,70,p50-1.2xalloc,sketch,p50bump,10,1.0,26,555,67,108,27,1773,0,3,17,4,0.9864,1583.619,OPTIMAL,4024.000000,2.2859,1.5038
2026-09-04T08:27:44.365163+00:00,0,70,avg-p50p75-1.2xalloc,sketch,avgp50p75bump,10,1.0,26,618,67,100,33,1718,0,1,16,3,0.9900,943.556,OPTIMAL,4026.000000,5.6581,6.1821
2026-09-04T08:27:45.264969+00:00,0,70,window-avg,sketch,window,10,1.0,26,501,66,119,21,1815,0,0,48,1,0.9205,795.816,OPTIMAL,4026.000000,9.1232,21.3152
2026-09-04T08:27:47.494280+00:00,0,70,p90,sketch,p90,10,1.0,26,592,65,105,23,1737,0,0,32,2,0.9493,2138.753,OPTIMAL,4025.000000,10.9134,14.3457
2026-09-04T08:27:49.548442+00:00,0,70,avg-epoch,sketch,avg,10,1.0,26,457,65,121,32,1856,0,1,76,3,0.9024,1956.161,OPTIMAL,4024.000000,8.4761,23.8251
2026-09-04T08:27:53.653486+00:00,0,71,static,static,request,0,0.0,33,829,18,89,17,1542,0,0,10,0,0.9916,182.793,OPTIMAL,18.000000,42.0724,87.9553
2026-09-04T08:27:53.880928+00:00,0,71,reassign,static,request,10,1.0,33,812,34,92,10,1552,0,0,12,0,0.9920,214.222,OPTIMAL,2014.000000,42.5171,87.9553
2026-09-04T08:27:54.352508+00:00,0,71,dynamic,sketch,p50,0,0.0,33,480,27,116,28,1873,0,0,72,1,0.9016,350.683,OPTIMAL,27.000000,10.7364,28.8040
2026-09-04T08:27:55.958549+00:00,0,71,dynamic+reassign,sketch,p50,10,1.0,33,476,66,121,26,1871,0,1,73,1,0.9033,1498.626,OPTIMAL,4025.000000,10.4875,27.9479
2026-09-04T08:27:56.934329+00:00,0,71,p50-1.2xalloc,sketch,p50bump,10,1.0,33,561,64,109,25,1798,0,2,19,5,0.9864,878.643,OPTIMAL,3824.000000,3.3170,8.7926
2026-09-04T08:27:59.051903+00:00,0,71,avg-p50p75-1.2xalloc,sketch,avgp50p75bump,10,1.0,33,624,66,107,19,1737,0,7,6,0,0.9900,2032.473,OPTIMAL,4019.000000,5.4331,12.3643
2026-09-04T08:27:59.714503+00:00,0,71,window-avg,sketch,window,10,1.0,33,508,67,118,28,1843,0,0,72,1,0.9204,573.868,OPTIMAL,4027.000000,10.3407,22.3628
2026-09-04T08:28:01.439168+00:00,0,71,p90,sketch,p90,10,1.0,33,600,68,103,30,1767,0,0,38,0,0.9494,1649.141,OPTIMAL,4028.000000,11.1388,15.8498
2026-09-04T08:28:02.096232+00:00,0,71,avg-epoch,sketch,avg,10,1.0,33,465,64,113,32,1888,0,2,75,1,0.9022,570.387,OPTIMAL,4022.000000,9.8620,25.5738
2026-09-04T08:28:06.145609+00:00,0,72,static,static,request,0,0.0,29,840,18,89,18,1560,0,0,10,0,0.9916,114.565,OPTIMAL,18.000000,39.5981,83.7074
2026-09-04T08:28:06.842253+00:00,0,72,reassign,static,request,10,1.0,29,827,48,83,25,1577,0,1,9,0,0.9920,682.862,OPTIMAL,3215.000000,42.0648,83.3533
2026-09-04T08:28:07.316180+00:00,0,72,dynamic,sketch,p50,0,0.0,29,482,27,110,33,1906,0,0,66,2,0.9017,356.971,OPTIMAL,27.000000,8.3103,22.2843
2026-09-04T08:28:09.056922+00:00,0,72,dynamic+reassign,sketch,p50,10,1.0,29,479,64,112,33,1904,0,1,68,1,0.9034,1639.327,OPTIMAL,4023.000000,7.5671,22.2843
2026-09-04T08:28:10.411693+00:00,0,72,p50-1.2xalloc,sketch,p50bump,10,1.0,29,564,67,115,21,1819,0,5,8,2,0.9865,1253.642,OPTIMAL,4022.000000,1.9601,1.3966
2026-09-04T08:28:12.726422+00:00,0,72,avg-p50p75-1.2xalloc,sketch,avgp50p75bump,10,1.0,29,627,68,108,27,1764,0,9,19,5,0.9899,2234.004,OPTIMAL,4019.000000,5.9773,12.1027
2026-09-04T08:28:13.569423+00:00,0,72,window-avg,sketch,window,10,1.0,29,510,68,117,29,1872,0,1,55,2,0.9206,764.698,OPTIMAL,4027.000000,9.4865,24.4043
2026-09-04T08:28:15.594470+00:00,0,72,p90,sketch,p90,10,1.0,29,601,70,111,22,1789,0,1,40,1,0.9493,1952.220,OPTIMAL,4029.000000,12.0279,15.2238
2026-09-04T08:28:17.479041+00:00,0,72,avg-epoch,sketch,avg,10,1.0,29,470,66,109,30,1918,0,0,64,1,0.9023,1809.993,OPTIMAL,4026.000000,8.7233,24.4598
2026-09-04T08:28:21.498779+00:00,0,73,static,static,request,0,0.0,31,853,17,84,22,1582,0,0,11,0,0.9915,124.308,OPTIMAL,17.000000,41.0517,94.2624
2026-09-04T08:28:22.063676+00:00,0,73,reassign,static,request,10,1.0,31,842,50,76,24,1601,0,0,10,0,0.9919,553.312,OPTIMAL,3317.000000,39.4889,79.4720
2026-09-04T08:28:22.516312+00:00,0,73,dynamic,sketch,p50,0,0.0,31,486,29,115,24,1930,0,0,57,0,0.9018,330.118,OPTIMAL,29.000000,7.4570,24.1928
2026-09-04T08:28:23.573968+00:00,0,73,dynamic+reassign,sketch,p50,10,1.0,31,486,68,112,28,1932,0,0,60,0,0.9034,965.779,OPTIMAL,4028.000000,6.9464,22.7927
2026-09-04T08:28:24.536234+00:00,0,73,p50-1.2xalloc,sketch,p50bump,10,1.0,31,568,65,108,32,1851,0,6,24,6,0.9864,878.255,OPTIMAL,4019.000000,4.0112,20.8121
2026-09-04T08:28:25.646436+00:00,0,73,avg-p50p75-1.2xalloc,sketch,avgp50p75bump,10,1.0,31,630,58,105,25,1789,0,6,18,5,0.9899,1012.496,OPTIMAL,3616.000000,7.8906,26.3648
2026-09-04T08:28:28.195497+00:00,0,73,window-avg,sketch,window,10,1.0,31,513,66,109,34,1906,0,0,68,3,0.9205,2456.451,OPTIMAL,4026.000000,8.0785,19.7215
2026-09-04T08:28:30.262800+00:00,0,73,p90,sketch,p90,10,1.0,31,602,67,113,25,1814,0,2,43,1,0.9492,1991.114,OPTIMAL,4025.000000,11.4704,15.0330
2026-09-04T08:28:31.326226+00:00,0,73,avg-epoch,sketch,avg,10,1.0,31,475,69,113,25,1943,0,0,56,0,0.9025,981.013,OPTIMAL,4029.000000,6.8330,21.3493
2026-09-04T08:28:35.334977+00:00,0,74,static,static,request,0,0.0,36,872,20,79,25,1607,0,0,12,0,0.9915,149.671,OPTIMAL,20.000000,40.8782,87.7517
2026-09-04T08:28:37.461584+00:00,0,74,reassign,static,request,10,1.0,36,861,62,76,22,1623,0,0,11,2,0.9919,2115.098,OPTIMAL,4022.000000,43.9449,93.3977
2026-09-04T08:28:37.657903+00:00,0,74,dynamic,sketch,p50,0,0.0,36,493,27,120,22,1952,0,0,64,0,0.9018,87.455,OPTIMAL,27.000000,9.1153,27.0930
2026-09-04T08:28:38.559067+00:00,0,74,dynamic+reassign,sketch,p50,10,1.0,36,494,69,116,25,1957,0,0,63,0,0.9035,814.540,OPTIMAL,4029.000000,8.6442,27.1948
2026-09-04T08:28:40.059052+00:00,0,74,p50-1.2xalloc,sketch,p50bump,10,1.0,36,579,68,103,33,1884,0,2,4,1,0.9866,1423.951,OPTIMAL,4026.000000,3.4562,11.8521
2026-09-04T08:28:41.138482+00:00,0,74,avg-p50p75-1.2xalloc,sketch,avgp50p75bump,10,1.0,36,644,66,105,26,1815,0,3,9,1,0.9899,999.528,OPTIMAL,4023.000000,5.6942,12.5605
2026-09-04T08:28:44.152388+00:00,0,74,window-avg,sketch,window,10,1.0,36,523,68,113,24,1930,0,0,51,0,0.9207,2926.230,OPTIMAL,4028.000000,8.8716,22.4004
2026-09-04T08:28:45.434096+00:00,0,74,p90,sketch,p90,10,1.0,36,611,66,115,24,1838,0,0,41,0,0.9492,1201.655,OPTIMAL,4026.000000,11.8527,14.9896
2026-09-04T08:28:46.722615+00:00,0,74,avg-epoch,sketch,avg,10,1.0,36,482,71,115,29,1972,0,1,62,0,0.9026,1212.847,OPTIMAL,4030.000000,8.7448,25.2801
2026-09-04T08:28:50.851799+00:00,0,75,static,static,request,0,0.0,30,882,22,81,20,1627,0,0,9,1,0.9914,242.545,OPTIMAL,22.000000,38.1323,86.0077
2026-09-04T08:28:51.631781+00:00,0,75,reassign,static,request,10,1.0,30,869,64,85,17,1640,0,0,9,1,0.9919,768.346,OPTIMAL,3826.000000,35.5679,70.1687
2026-09-04T08:28:51.975076+00:00,0,75,dynamic,sketch,p50,0,0.0,30,496,27,117,30,1982,0,0,67,1,0.9018,218.961,OPTIMAL,27.000000,8.4110,26.7531
2026-09-04T08:28:52.977062+00:00,0,75,dynamic+reassign,sketch,p50,10,1.0,30,495,66,115,27,1984,0,1,61,1,0.9035,901.451,OPTIMAL,4025.000000,7.3624,22.3506
2026-09-04T08:28:54.551693+00:00,0,75,p50-1.2xalloc,sketch,p50bump,10,1.0,30,581,66,105,24,1908,0,5,19,6,0.9865,1483.515,OPTIMAL,4021.000000,3.2260,11.9051
2026-09-04T08:28:55.378183+00:00,0,75,avg-p50p75-1.2xalloc,sketch,avgp50p75bump,10,1.0,30,648,67,104,28,1843,0,6,22,5,0.9898,744.131,OPTIMAL,4021.000000,7.4996,26.1615
2026-09-04T08:28:56.372398+00:00,0,75,window-avg,sketch,window,10,1.0,30,525,69,114,28,1958,0,2,57,1,0.9206,910.803,OPTIMAL,4027.000000,8.7773,23.7716
2026-09-04T08:28:58.482433+00:00,0,75,p90,sketch,p90,10,1.0,30,615,66,110,31,1869,0,1,46,1,0.9492,2027.763,OPTIMAL,4025.000000,11.3219,14.8801
2026-09-04T08:28:59.737793+00:00,0,75,avg-epoch,sketch,avg,10,1.0,30,481,70,119,26,1998,0,1,58,1,0.9027,1169.755,OPTIMAL,4029.000000,6.6078,20.0023
2026-09-04T08:29:03.849117+00:00,0,76,static,static,request,0,0.0,38,898,21,84,18,1645,0,0,9,1,0.9914,176.115,OPTIMAL,21.000000,38.3605,78.2368
2026-09-04T08:29:04.762866+00:00,0,76,reassign,static,request,10,1.0,38,881,54,93,19,1659,0,1,9,1,0.9919,900.975,OPTIMAL,2726.000000,41.3787,77.3220
2026-09-04T08:29:05.045774+00:00,0,76,dynamic,sketch,p50,0,0.0,38,507,29,118,28,2010,0,0,62,1,0.9019,159.705,OPTIMAL,29.000000,7.4166,23.9071
2026-09-04T08:29:05.868220+00:00,0,76,dynamic+reassign,sketch,p50,10,1.0,38,507,69,118,26,2010,0,0,62,1,0.9036,721.946,OPTIMAL,4029.000000,6.8763,22.8177
2026-09-04T08:29:08.128894+00:00,0,76,p50-1.2xalloc,sketch,p50bump,10,1.0,38,593,64,106,24,1932,0,4,29,8,0.9864,2166.735,OPTIMAL,3921.000000,3.4864,12.2258
2026-09-04T08:29:38.367499+00:00,0,76,avg-p50p75-1.2xalloc,sketch,avgp50p75bump,10,1.0,38,659,66,102,28,1871,0,5,15,4,0.9898,30157.616,FEASIBLE,4021.000000,6.6432,24.9375
2026-09-04T08:29:39.948944+00:00,0,76,window-avg,sketch,window,10,1.0,38,534,66,115,25,1983,0,1,49,0,0.9209,1487.226,OPTIMAL,4025.000000,7.7573,21.9163
2026-09-04T08:29:40.794519+00:00,0,76,p90,sketch,p90,10,1.0,38,627,65,105,30,1899,0,1,43,1,0.9493,766.246,OPTIMAL,4024.000000,11.7611,15.4582
2026-09-04T08:29:42.075243+00:00,0,76,avg-epoch,sketch,avg,10,1.0,38,489,70,122,27,2025,0,0,65,1,0.9028,1192.007,OPTIMAL,4030.000000,7.8095,23.3153
2026-09-04T08:29:46.395481+00:00,0,77,static,static,request,0,0.0,53,930,28,89,23,1668,0,0,11,1,0.9914,235.890,OPTIMAL,28.000000,41.3758,90.1051
2026-09-04T08:29:47.420392+00:00,0,77,reassign,static,request,10,1.0,53,907,50,96,19,1678,0,0,13,0,0.9918,1012.755,OPTIMAL,2822.000000,43.2081,85.2551
2026-09-04T08:29:47.687593+00:00,0,77,dynamic,sketch,p50,0,0.0,53,531,27,119,26,2036,0,0,69,1,0.9019,140.889,OPTIMAL,27.000000,8.5788,22.6822
2026-09-04T08:29:48.828473+00:00,0,77,dynamic+reassign,sketch,p50,10,1.0,53,531,70,121,27,2037,0,1,65,1,0.9037,1040.646,OPTIMAL,4029.000000,8.4961,25.2906
2026-09-04T08:29:49.572211+00:00,0,77,p50-1.2xalloc,sketch,p50bump,10,1.0,53,621,65,105,26,1958,0,4,17,4,0.9864,666.032,OPTIMAL,4021.000000,2.7304,1.8709
2026-09-04T08:29:50.732290+00:00,0,77,avg-p50p75-1.2xalloc,sketch,avgp50p75bump,10,1.0,53,686,63,100,25,1896,0,2,3,0,0.9899,1083.711,OPTIMAL,4021.000000,5.8932,18.8115
2026-09-04T08:29:53.088351+00:00,0,77,window-avg,sketch,window,10,1.0,53,561,72,119,28,2011,0,1,60,1,0.9208,2273.419,OPTIMAL,4031.000000,9.3985,21.9592
2026-09-04T08:29:54.796133+00:00,0,77,p90,sketch,p90,10,1.0,53,655,66,105,26,1925,0,0,27,0,0.9493,1631.814,OPTIMAL,4026.000000,12.4173,15.5341
2026-09-04T08:29:55.275767+00:00,0,77,avg-epoch,sketch,avg,10,1.0,53,512,65,128,19,2044,0,1,67,0,0.9030,383.003,OPTIMAL,4024.000000,9.0207,25.1119
2026-09-04T08:29:59.521667+00:00,0,78,static,static,request,0,0.0,31,933,24,94,19,1687,0,0,6,1,0.9914,277.803,OPTIMAL,24.000000,40.8088,79.7970
2026-09-04T08:30:00.784239+00:00,0,78,reassign,static,request,10,1.0,31,916,59,94,26,1704,0,0,8,1,0.9918,1247.595,OPTIMAL,3524.000000,43.6964,97.6844
2026-09-04T08:30:01.036123+00:00,0,78,dynamic,sketch,p50,0,0.0,31,535,23,118,24,2060,0,0,67,0,0.9020,136.828,OPTIMAL,23.000000,8.1466,25.1335
2026-09-04T08:30:02.036936+00:00,0,78,dynamic+reassign,sketch,p50,10,1.0,31,532,65,122,24,2061,0,1,67,1,0.9038,910.588,OPTIMAL,4024.000000,7.7068,23.6945
2026-09-04T08:30:06.489212+00:00,0,78,p50-1.2xalloc,sketch,p50bump,10,1.0,31,627,66,104,27,1985,0,5,11,3,0.9864,4377.777,OPTIMAL,4021.000000,2.4237,1.5737
2026-09-04T08:30:08.535044+00:00,0,78,avg-p50p75-1.2xalloc,sketch,avgp50p75bump,10,1.0,31,694,59,99,20,1916,0,4,13,3,0.9899,1968.958,OPTIMAL,4015.000000,6.3683,21.2571
2026-09-04T08:30:09.174800+00:00,0,78,window-avg,sketch,window,10,1.0,31,560,67,121,25,2036,0,1,60,2,0.9208,552.491,OPTIMAL,4026.000000,9.0226,25.0534
2026-09-04T08:30:10.324722+00:00,0,78,p90,sketch,p90,10,1.0,31,660,66,109,22,1947,0,1,37,0,0.9494,1072.540,OPTIMAL,4025.000000,11.1536,14.6635
2026-09-04T08:30:11.593206+00:00,0,78,avg-epoch,sketch,avg,10,1.0,31,518,66,124,30,2074,0,0,80,0,0.9029,1175.402,OPTIMAL,4026.000000,9.5642,25.5874
2026-09-04T08:30:15.723860+00:00,0,79,static,static,request,0,0.0,27,936,21,90,25,1712,0,0,7,0,0.9914,165.661,OPTIMAL,21.000000,42.8393,85.5355
2026-09-04T08:30:16.366154+00:00,0,79,reassign,static,request,10,1.0,27,919,54,95,21,1725,0,0,4,0,0.9919,629.969,OPTIMAL,3222.000000,42.4691,77.9674
2026-09-04T08:30:16.631838+00:00,0,79,dynamic,sketch,p50,0,0.0,27,539,26,113,31,2091,0,0,68,0,0.9019,145.229,OPTIMAL,26.000000,9.6589,28.8176
2026-09-04T08:30:17.879650+00:00,0,79,dynamic+reassign,sketch,p50,10,1.0,27,534,68,120,30,2091,0,1,70,2,0.9037,1145.147,OPTIMAL,4027.000000,9.4805,28.3448
2026-09-04T08:30:18.842040+00:00,0,79,p50-1.2xalloc,sketch,p50bump,10,1.0,27,628,65,108,21,2006,0,4,13,3,0.9864,869.374,OPTIMAL,4021.000000,2.4058,1.4473
2026-09-04T08:30:22.174476+00:00,0,79,avg-p50p75-1.2xalloc,sketch,avgp50p75bump,10,1.0,27,702,65,95,29,1945,0,3,12,4,0.9899,3250.797,OPTIMAL,4022.000000,6.2523,24.1124
2026-09-04T08:30:23.162339+00:00,0,79,window-avg,sketch,window,10,1.0,27,560,62,118,25,2061,0,3,69,4,0.9207,893.575,OPTIMAL,4019.000000,10.6605,27.6232
2026-09-04T08:30:23.890938+00:00,0,79,p90,sketch,p90,10,1.0,27,661,66,103,32,1979,0,1,37,1,0.9494,653.907,OPTIMAL,4025.000000,11.3775,14.4319
2026-09-04T08:30:24.725569+00:00,0,79,avg-epoch,sketch,avg,10,1.0,27,519,65,122,27,2101,0,2,77,2,0.9028,744.672,OPTIMAL,4023.000000,9.7679,28.6395
2026-09-04T08:30:28.926837+00:00,0,80,static,static,request,0,0.0,34,949,21,91,20,1732,0,0,11,0,0.9913,257.886,OPTIMAL,21.000000,41.9022,79.6600
2026-09-04T08:30:29.336241+00:00,0,80,reassign,static,request,10,1.0,34,931,56,95,24,1749,0,0,8,0,0.9919,397.053,OPTIMAL,3224.000000,47.0418,89.4360
2026-09-04T08:30:29.592651+00:00,0,80,dynamic,sketch,p50,0,0.0,34,547,27,119,21,2112,0,0,65,1,0.9017,132.449,OPTIMAL,27.000000,10.2291,31.6950
2026-09-04T08:30:30.695178+00:00,0,80,dynamic+reassign,sketch,p50,10,1.0,34,540,67,124,23,2114,0,0,69,0,0.9035,997.980,OPTIMAL,4027.000000,10.0093,31.5686
2026-09-04T08:30:31.408390+00:00,0,80,p50-1.2xalloc,sketch,p50bump,10,1.0,34,637,68,109,27,2033,0,0,11,2,0.9865,631.786,OPTIMAL,4028.000000,1.8294,1.7936
2026-09-04T08:30:32.284861+00:00,0,80,avg-p50p75-1.2xalloc,sketch,avgp50p75bump,10,1.0,34,711,68,95,28,1973,0,2,4,2,0.9900,810.233,OPTIMAL,4026.000000,4.5570,3.6818
2026-09-04T08:30:34.000593+00:00,0,80,window-avg,sketch,window,10,1.0,34,572,68,116,30,2091,0,1,57,1,0.9207,1632.482,OPTIMAL,4027.000000,9.0939,24.4123
2026-09-04T08:30:35.274929+00:00,0,80,p90,sketch,p90,10,1.0,34,669,67,112,18,1997,0,1,36,1,0.9494,1196.556,OPTIMAL,4026.000000,13.3807,20.0822
2026-09-04T08:30:36.952972+00:00,0,80,avg-epoch,sketch,avg,10,1.0,34,528,68,118,32,2133,0,0,78,1,0.9025,1592.758,OPTIMAL,4028.000000,11.5924,31.0041
2026-09-04T08:30:41.023602+00:00,0,81,static,static,request,0,0.0,25,953,19,90,20,1752,0,0,9,1,0.9914,120.454,OPTIMAL,19.000000,35.5625,77.1781
2026-09-04T08:30:41.808864+00:00,0,81,reassign,static,request,10,1.0,25,932,62,95,26,1775,0,0,7,0,0.9919,772.869,OPTIMAL,3626.000000,40.9564,82.4160
2026-09-04T08:30:42.160820+00:00,0,81,dynamic,sketch,p50,0,0.0,25,545,28,118,29,2141,0,0,67,1,0.9015,218.204,OPTIMAL,28.000000,9.6102,27.0986
2026-09-04T08:30:43.085259+00:00,0,81,dynamic+reassign,sketch,p50,10,1.0,25,538,68,120,32,2146,0,3,71,2,0.9033,830.898,OPTIMAL,4025.000000,9.6078,24.7701
2026-09-04T08:30:45.520347+00:00,0,81,p50-1.2xalloc,sketch,p50bump,10,1.0,25,634,66,111,24,2057,0,6,19,4,0.9864,2357.562,OPTIMAL,4020.000000,3.1706,8.5791
2026-09-04T08:30:46.929950+00:00,0,81,avg-p50p75-1.2xalloc,sketch,avgp50p75bump,10,1.0,25,708,66,103,18,1991,0,4,7,2,0.9900,1330.870,OPTIMAL,4022.000000,6.3729,24.1745
2026-09-04T08:30:47.528286+00:00,0,81,window-avg,sketch,window,10,1.0,25,569,66,120,22,2113,0,1,62,1,0.9204,507.247,OPTIMAL,4025.000000,10.6232,24.0704
2026-09-04T08:30:49.400046+00:00,0,81,p90,sketch,p90,10,1.0,25,667,69,112,29,2026,0,2,50,4,0.9492,1797.255,OPTIMAL,4027.000000,11.7434,17.5447
2026-09-04T08:30:50.900154+00:00,0,81,avg-epoch,sketch,avg,10,1.0,25,525,68,118,28,2161,0,1,73,3,0.9023,1415.154,OPTIMAL,4027.000000,8.8281,24.4156
2026-09-04T08:30:54.835864+00:00,0,82,static,static,request,0,0.0,31,965,26,92,24,1776,0,0,4,0,0.9914,202.158,OPTIMAL,26.000000,44.6840,82.9884
2026-09-04T08:30:55.056884+00:00,0,82,reassign,static,request,10,1.0,31,937,47,97,22,1797,0,0,4,0,0.9920,207.704,OPTIMAL,2324.000000,46.4489,88.5909
2026-09-04T08:30:55.410515+00:00,0,82,dynamic,sketch,p50,0,0.0,31,548,26,119,25,2166,0,0,63,1,0.9016,227.318,OPTIMAL,26.000000,8.1482,25.4060
2026-09-04T08:30:56.405473+00:00,0,82,dynamic+reassign,sketch,p50,10,1.0,31,541,63,122,21,2167,0,1,62,0,0.9034,884.555,OPTIMAL,4022.000000,8.4341,26.0183
2026-09-04T08:30:58.628583+00:00,0,82,p50-1.2xalloc,sketch,p50bump,10,1.0,31,639,64,106,29,2086,0,5,12,4,0.9865,2129.462,OPTIMAL,4019.000000,4.3264,22.0437
2026-09-04T08:31:00.451956+00:00,0,82,avg-p50p75-1.2xalloc,sketch,avgp50p75bump,10,1.0,31,713,69,103,29,2020,0,3,19,4,0.9900,1744.108,OPTIMAL,4026.000000,7.4026,25.3594
2026-09-04T08:31:01.352371+00:00,0,82,window-avg,sketch,window,10,1.0,31,574,69,115,34,2147,0,1,68,1,0.9203,805.379,OPTIMAL,4028.000000,10.3455,25.0298
2026-09-04T08:31:02.547794+00:00,0,82,p90,sketch,p90,10,1.0,31,669,67,115,24,2050,0,1,41,0,0.9492,1099.590,OPTIMAL,4026.000000,11.4093,14.5075
2026-09-04T08:31:04.378051+00:00,0,82,avg-epoch,sketch,avg,10,1.0,31,528,68,120,26,2187,0,0,61,0,0.9023,1729.954,OPTIMAL,4028.000000,8.5400,25.1038
2026-09-04T08:31:08.548546+00:00,0,83,static,static,request,0,0.0,33,972,23,91,24,1800,0,0,4,0,0.9915,205.376,OPTIMAL,23.000000,43.6220,80.6460
2026-09-04T08:31:09.813202+00:00,0,83,reassign,static,request,10,1.0,33,946,54,99,22,1819,0,0,2,0,0.9921,1252.057,OPTIMAL,3024.000000,43.2065,86.8224
2026-09-04T08:31:10.174814+00:00,0,83,dynamic,sketch,p50,0,0.0,33,555,26,118,27,2193,0,0,79,1,0.9012,237.708,OPTIMAL,26.000000,11.3616,28.2175
2026-09-04T08:31:12.496117+00:00,0,83,dynamic+reassign,sketch,p50,10,1.0,33,551,66,114,34,2201,0,1,81,1,0.9030,2225.482,OPTIMAL,4025.000000,11.0889,28.2175
2026-09-04T08:31:14.331436+00:00,0,83,p50-1.2xalloc,sketch,p50bump,10,1.0,33,648,64,112,18,2104,0,4,7,2,0.9866,1748.209,OPTIMAL,4020.000000,2.5149,1.7478
2026-09-04T08:31:16.058575+00:00,0,83,avg-p50p75-1.2xalloc,sketch,avgp50p75bump,10,1.0,33,717,61,111,18,2038,0,5,11,2,0.9899,1644.880,OPTIMAL,3521.000000,6.1587,19.4036
2026-09-04T08:31:17.073002+00:00,0,83,window-avg,sketch,window,10,1.0,33,578,65,118,22,2169,0,0,67,0,0.9200,928.050,OPTIMAL,4025.000000,10.1611,25.4154
2026-09-04T08:31:17.651172+00:00,0,83,p90,sketch,p90,10,1.0,33,675,64,111,28,2078,0,1,48,1,0.9491,496.001,OPTIMAL,4023.000000,11.6102,15.4445
2026-09-04T08:31:18.310589+00:00,0,83,avg-epoch,sketch,avg,10,1.0,33,533,65,124,21,2208,0,3,71,0,0.9021,566.100,OPTIMAL,4022.000000,10.6148,27.7553
2026-09-04T08:31:22.445781+00:00,0,84,static,static,request,0,0.0,22,971,23,93,21,1821,0,0,9,1,0.9915,215.591,OPTIMAL,23.000000,49.1184,91.7954
2026-09-04T08:31:24.611894+00:00,0,84,reassign,static,request,10,1.0,22,944,60,97,26,1845,0,0,9,1,0.9921,2153.280,OPTIMAL,3624.000000,47.9940,88.9708
2026-09-04T08:31:24.818350+00:00,0,84,dynamic,sketch,p50,0,0.0,22,551,22,119,21,2214,0,0,70,1,0.9011,94.539,OPTIMAL,22.000000,9.8748,24.1478
2026-09-04T08:31:25.526116+00:00,0,84,dynamic+reassign,sketch,p50,10,1.0,22,547,65,117,22,2223,0,0,65,0,0.9029,622.105,OPTIMAL,4025.000000,9.6584,23.6185
2026-09-04T08:31:26.279274+00:00,0,84,p50-1.2xalloc,sketch,p50bump,10,1.0,22,646,61,108,29,2133,0,4,15,4,0.9866,675.063,OPTIMAL,3621.000000,3.9918,17.2387
2026-09-04T08:31:27.223149+00:00,0,84,avg-p50p75-1.2xalloc,sketch,avgp50p75bump,10,1.0,22,713,59,109,21,2059,0,6,23,6,0.9897,858.055,OPTIMAL,4013.000000,5.7140,15.3233
2026-09-04T08:31:28.175288+00:00,0,84,window-avg,sketch,window,10,1.0,22,575,66,117,27,2196,0,1,65,1,0.9199,863.059,OPTIMAL,4025.000000,10.2770,23.2567
2026-09-04T08:31:29.343213+00:00,0,84,p90,sketch,p90,10,1.0,22,673,65,117,19,2097,0,0,43,1,0.9491,1081.821,OPTIMAL,4025.000000,11.6999,18.2011
2026-09-04T08:31:31.550257+00:00,0,84,avg-epoch,sketch,avg,10,1.0,22,530,68,123,29,2237,0,0,75,1,0.9019,2116.012,OPTIMAL,4028.000000,10.4229,25.9888
2026-09-04T08:31:35.259804+00:00,0,85,static,static,request,0,0.0,32,980,24,93,24,1845,0,0,6,0,0.9915,111.563,OPTIMAL,24.000000,45.6078,95.4453
2026-09-04T08:31:35.933022+00:00,0,85,reassign,static,request,10,1.0,32,952,55,91,28,1873,0,0,10,0,0.9921,659.654,OPTIMAL,3322.000000,46.9920,100.2707
2026-09-04T08:31:36.655763+00:00,0,85,dynamic,sketch,p50,0,0.0,32,561,30,115,34,2248,0,0,63,0,0.9011,605.856,OPTIMAL,30.000000,8.0313,25.2373
2026-09-04T08:31:38.125354+00:00,0,85,dynamic+reassign,sketch,p50,10,1.0,32,554,68,118,27,2250,0,0,59,0,0.9029,1368.110,OPTIMAL,4028.000000,7.7170,24.5790
2026-09-04T08:31:38.979821+00:00,0,85,p50-1.2xalloc,sketch,p50bump,10,1.0,32,653,65,101,32,2165,0,3,15,2,0.9866,768.662,OPTIMAL,4022.000000,3.5599,15.4096
2026-09-04T08:31:40.514377+00:00,0,85,avg-p50p75-1.2xalloc,sketch,avgp50p75bump,10,1.0,32,726,60,101,28,2087,0,4,11,2,0.9898,1449.867,OPTIMAL,4016.000000,5.7492,13.0022
2026-09-04T08:31:41.651615+00:00,0,85,window-avg,sketch,window,10,1.0,32,581,66,119,24,2220,0,0,58,0,0.9199,1048.986,OPTIMAL,4026.000000,9.2663,22.2402
2026-09-04T08:31:42.583127+00:00,0,85,p90,sketch,p90,10,1.0,32,680,65,111,31,2128,0,2,45,0,0.9491,846.341,OPTIMAL,4023.000000,11.8018,16.6388
2026-09-04T08:31:43.573877+00:00,0,85,avg-epoch,sketch,avg,10,1.0,32,534,67,120,30,2267,0,0,64,1,0.9020,908.430,OPTIMAL,4027.000000,7.3723,23.1041
2026-09-04T08:31:47.457839+00:00,0,86,static,static,request,0,0.0,43,999,24,91,26,1871,0,0,9,0,0.9916,137.388,OPTIMAL,24.000000,39.4118,81.6654
2026-09-04T08:31:48.161487+00:00,0,86,reassign,static,request,10,1.0,43,973,55,89,22,1895,0,0,7,0,0.9922,689.901,OPTIMAL,3520.000000,43.9707,87.6712
2026-09-04T08:31:48.568729+00:00,0,86,dynamic,sketch,p50,0,0.0,43,574,27,116,26,2274,0,0,66,1,0.9012,284.057,OPTIMAL,27.000000,8.4108,26.1242
2026-09-04T08:31:49.901502+00:00,0,86,dynamic+reassign,sketch,p50,10,1.0,43,569,64,117,25,2275,0,1,66,2,0.9029,1226.995,OPTIMAL,4023.000000,7.6416,24.3765
2026-09-04T08:31:50.798294+00:00,0,86,p50-1.2xalloc,sketch,p50bump,10,1.0,43,671,64,106,19,2184,0,2,19,4,0.9866,803.037,OPTIMAL,4022.000000,3.5913,16.4041
2026-09-04T08:31:51.686485+00:00,0,86,avg-p50p75-1.2xalloc,sketch,avgp50p75bump,10,1.0,43,749,64,103,22,2109,0,5,3,0,0.9898,810.785,OPTIMAL,4019.000000,5.0443,3.8071
2026-09-04T08:31:53.499460+00:00,0,86,window-avg,sketch,window,10,1.0,43,598,69,117,31,2251,0,0,61,1,0.9199,1733.120,OPTIMAL,4029.000000,8.8806,25.1703
2026-09-04T08:31:54.081011+00:00,0,86,p90,sketch,p90,10,1.0,43,698,66,109,28,2156,0,0,47,2,0.9491,507.839,OPTIMAL,4026.000000,11.2731,17.6581
2026-09-04T08:31:55.039050+00:00,0,86,avg-epoch,sketch,avg,10,1.0,43,550,65,115,30,2297,0,2,69,2,0.9021,879.115,OPTIMAL,4023.000000,7.9638,23.1017
2026-09-04T08:31:58.848516+00:00,0,87,static,static,request,0,0.0,45,1020,23,92,22,1893,0,0,7,0,0.9916,141.780,OPTIMAL,23.000000,49.9905,101.9326
2026-09-04T08:31:59.541395+00:00,0,87,reassign,static,request,10,1.0,45,998,56,90,20,1915,0,0,4,0,0.9922,680.351,OPTIMAL,3521.000000,51.4094,104.5897
2026-09-04T08:31:59.814156+00:00,0,87,dynamic,sketch,p50,0,0.0,45,592,23,112,27,2301,0,0,65,2,0.9011,146.128,OPTIMAL,23.000000,8.8800,27.9834
2026-09-04T08:32:00.991477+00:00,0,87,dynamic+reassign,sketch,p50,10,1.0,45,590,66,106,37,2312,0,2,73,3,0.9027,1084.264,OPTIMAL,4024.000000,8.1368,26.4013
2026-09-04T08:32:03.607608+00:00,0,87,p50-1.2xalloc,sketch,p50bump,10,1.0,45,692,66,103,29,2213,0,4,19,6,0.9866,2525.492,OPTIMAL,4022.000000,1.9474,1.6702
2026-09-04T08:32:05.728522+00:00,0,87,avg-p50p75-1.2xalloc,sketch,avgp50p75bump,10,1.0,45,770,65,101,27,2136,0,7,12,2,0.9899,2046.239,OPTIMAL,4018.000000,7.0488,23.7617
2026-09-04T08:32:06.611499+00:00,0,87,window-avg,sketch,window,10,1.0,45,614,63,115,25,2276,0,0,63,1,0.9195,801.796,OPTIMAL,4023.000000,10.9551,26.8527
2026-09-04T08:32:07.287363+00:00,0,87,p90,sketch,p90,10,1.0,45,717,60,111,18,2174,0,1,49,1,0.9490,598.568,OPTIMAL,4019.000000,11.1409,16.0822
2026-09-04T08:32:07.944319+00:00,0,87,avg-epoch,sketch,avg,10,1.0,45,570,64,114,25,2322,0,0,66,2,0.9020,576.542,OPTIMAL,4024.000000,9.4211,29.1062
2026-09-04T08:32:12.006937+00:00,0,88,static,static,request,0,0.0,34,1031,21,93,20,1913,0,0,6,0,0.9916,238.010,OPTIMAL,21.000000,47.9340,100.3658
2026-09-04T08:32:12.938497+00:00,0,88,reassign,static,request,10,1.0,34,1011,48,88,22,1937,0,0,5,0,0.9922,918.029,OPTIMAL,2820.000000,56.0797,112.6902
2026-09-04T08:32:13.139746+00:00,0,88,dynamic,sketch,p50,0,0.0,34,603,25,113,24,2325,0,0,68,3,0.9010,90.433,OPTIMAL,25.000000,10.8531,30.6866
2026-09-04T08:32:13.957275+00:00,0,88,dynamic+reassign,sketch,p50,10,1.0,34,598,65,112,19,2331,0,1,62,1,0.9027,732.250,OPTIMAL,4024.000000,10.2903,29.9114
2026-09-04T08:32:14.900837+00:00,0,88,p50-1.2xalloc,sketch,p50bump,10,1.0,34,700,66,113,16,2229,0,4,9,2,0.9867,858.669,OPTIMAL,4022.000000,2.4467,1.5306
2026-09-04T08:32:16.260296+00:00,0,88,avg-p50p75-1.2xalloc,sketch,avgp50p75bump,10,1.0,34,779,65,98,28,2164,0,3,3,0,0.9900,1293.834,OPTIMAL,4022.000000,6.3168,15.8429
2026-09-04T08:32:17.570016+00:00,0,88,window-avg,sketch,window,10,1.0,34,625,68,110,33,2309,0,1,69,2,0.9192,1234.751,OPTIMAL,4027.000000,10.6673,28.0747
2026-09-04T08:32:19.836001+00:00,0,88,p90,sketch,p90,10,1.0,34,731,68,103,36,2210,0,1,39,0,0.9491,2199.727,OPTIMAL,4027.000000,12.3505,18.8546
2026-09-04T08:32:20.692316+00:00,0,88,avg-epoch,sketch,avg,10,1.0,34,580,66,109,31,2353,0,0,66,0,0.9020,780.081,OPTIMAL,4026.000000,10.6470,25.5795
2026-09-04T08:32:24.679502+00:00,0,89,static,static,request,0,0.0,35,1045,20,89,24,1937,0,0,5,0,0.9917,191.580,OPTIMAL,20.000000,48.6049,90.6039
2026-09-04T08:32:26.708805+00:00,0,89,reassign,static,request,10,1.0,35,1026,57,83,28,1965,0,0,8,1,0.9922,2018.450,OPTIMAL,3423.000000,46.1364,86.8621
2026-09-04T08:32:26.928824+00:00,0,89,dynamic,sketch,p50,0,0.0,35,613,23,107,29,2354,0,0,63,3,0.9009,130.641,OPTIMAL,23.000000,8.4083,28.7516
2026-09-04T08:32:27.595119+00:00,0,89,dynamic+reassign,sketch,p50,10,1.0,35,608,64,109,27,2358,0,4,56,0,0.9028,591.775,OPTIMAL,4020.000000,8.3577,28.2489
2026-09-04T08:32:28.725386+00:00,0,89,p50-1.2xalloc,sketch,p50bump,10,1.0,35,709,68,110,31,2260,0,2,25,5,0.9866,1054.313,OPTIMAL,4026.000000,2.6912,7.7292
2026-09-04T08:32:29.694756+00:00,0,89,avg-p50p75-1.2xalloc,sketch,avgp50p75bump,10,1.0,35,789,65,102,21,2185,0,4,15,6,0.9899,896.838,OPTIMAL,4021.000000,5.6161,3.9066
2026-09-04T08:32:30.875796+00:00,0,89,window-avg,sketch,window,10,1.0,35,632,66,114,22,2331,0,1,50,1,0.9193,1096.520,OPTIMAL,4025.000000,8.6406,22.4106
2026-09-04T08:32:31.749424+00:00,0,89,p90,sketch,p90,10,1.0,35,738,64,109,18,2228,0,3,30,2,0.9491,798.679,OPTIMAL,4021.000000,11.0160,14.3988
2026-09-04T08:32:32.509298+00:00,0,89,avg-epoch,sketch,avg,10,1.0,35,589,64,109,24,2377,0,1,59,1,0.9020,677.616,OPTIMAL,4023.000000,8.4671,24.5590
2026-09-04T08:32:36.613863+00:00,0,90,static,static,request,0,0.0,42,1067,19,88,20,1957,0,0,9,0,0.9917,156.662,OPTIMAL,19.000000,51.7047,113.9100
2026-09-04T08:32:36.893883+00:00,0,90,reassign,static,request,10,1.0,42,1045,51,87,18,1983,0,0,7,0,0.9922,267.379,OPTIMAL,2922.000000,46.6612,106.1413
2026-09-04T08:32:37.106287+00:00,0,90,dynamic,sketch,p50,0,0.0,42,632,22,101,28,2382,0,0,62,0,0.9008,93.496,OPTIMAL,22.000000,9.7814,29.2572
2026-09-04T08:32:38.037707+00:00,0,90,dynamic+reassign,sketch,p50,10,1.0,42,626,64,102,31,2389,0,0,65,1,0.9027,839.857,OPTIMAL,4024.000000,8.8974,25.2482
2026-09-04T08:32:39.157342+00:00,0,90,p50-1.2xalloc,sketch,p50bump,10,1.0,42,723,49,107,23,2283,0,7,19,5,0.9866,1019.495,OPTIMAL,2913.000000,3.9499,18.8514
2026-09-04T08:32:40.170728+00:00,0,90,avg-p50p75-1.2xalloc,sketch,avgp50p75bump,10,1.0,42,806,66,103,25,2210,0,3,6,0,0.9900,921.704,OPTIMAL,4023.000000,4.9262,4.1137
2026-09-04T08:32:41.018912+00:00,0,90,window-avg,sketch,window,10,1.0,42,648,60,107,27,2358,0,2,59,0,0.9191,761.160,OPTIMAL,4018.000000,9.7407,26.3466
2026-09-04T08:32:42.731112+00:00,0,90,p90,sketch,p90,10,1.0,42,756,65,109,25,2253,0,1,40,0,0.9491,1631.156,OPTIMAL,4024.000000,12.2767,19.2458
2026-09-04T08:32:43.834757+00:00,0,90,avg-epoch,sketch,avg,10,1.0,42,607,63,103,29,2406,0,0,67,1,0.9020,1024.266,OPTIMAL,4023.000000,9.3475,25.3108
2026-09-04T08:32:47.916707+00:00,0,91,static,static,request,0,0.0,30,1078,22,82,28,1985,0,0,4,0,0.9917,120.054,OPTIMAL,22.000000,44.6736,87.7593
2026-09-04T08:32:48.577962+00:00,0,91,reassign,static,request,10,1.0,30,1053,58,87,21,2004,0,0,7,0,0.9922,651.912,OPTIMAL,3721.000000,44.6131,91.6954
2026-09-04T08:32:48.853081+00:00,0,91,dynamic,sketch,p50,0,0.0,30,640,22,95,28,2410,0,0,58,0,0.9007,179.122,OPTIMAL,22.000000,9.9315,26.0947
2026-09-04T08:32:49.713738+00:00,0,91,dynamic+reassign,sketch,p50,10,1.0,30,632,64,100,26,2415,0,1,56,1,0.9027,787.264,OPTIMAL,4023.000000,8.4104,25.0177
2026-09-04T08:32:52.049482+00:00,0,91,p50-1.2xalloc,sketch,p50bump,10,1.0,30,733,68,99,36,2319,0,3,19,4,0.9866,2264.490,OPTIMAL,4025.000000,2.2840,1.8911
2026-09-04T08:32:53.326324+00:00,0,91,avg-p50p75-1.2xalloc,sketch,avgp50p75bump,10,1.0,30,810,63,109,17,2227,0,5,5,2,0.9900,1193.229,OPTIMAL,4018.000000,5.7291,7.6252
2026-09-04T08:32:54.599108+00:00,0,91,window-avg,sketch,window,10,1.0,30,658,65,103,29,2387,0,1,73,1,0.9188,1198.336,OPTIMAL,4024.000000,12.4830,25.1432
2026-09-04T08:32:55.641004+00:00,0,91,p90,sketch,p90,10,1.0,30,761,66,108,27,2280,0,0,37,0,0.9492,964.696,OPTIMAL,4026.000000,11.1708,17.7716
2026-09-04T08:32:57.587701+00:00,0,91,avg-epoch,sketch,avg,10,1.0,30,614,64,99,28,2434,0,1,57,1,0.9018,1873.922,OPTIMAL,4023.000000,10.0315,25.6464
2026-09-04T08:33:02.364002+00:00,0,92,static,static,request,0,0.0,22,1078,24,86,20,2005,0,0,5,0,0.9918,798.033,OPTIMAL,24.000000,38.0760,72.6605
2026-09-04T08:33:06.967554+00:00,0,92,reassign,static,request,10,1.0,22,1054,64,89,22,2026,0,0,10,1,0.9922,4592.131,OPTIMAL,4024.000000,42.1390,76.1964
2026-09-04T08:33:07.338030+00:00,0,92,dynamic,sketch,p50,0,0.0,22,640,25,94,26,2436,0,0,49,2,0.9008,278.207,OPTIMAL,25.000000,8.1698,26.8418
2026-09-04T08:33:09.197943+00:00,0,92,dynamic+reassign,sketch,p50,10,1.0,22,630,65,98,27,2442,0,0,48,1,0.9027,1789.572,OPTIMAL,4025.000000,8.8376,30.0889
2026-09-04T08:33:10.058649+00:00,0,92,p50-1.2xalloc,sketch,p50bump,10,1.0,22,727,63,105,19,2338,0,3,12,2,0.9866,783.298,OPTIMAL,3822.000000,4.0641,18.0488
2026-09-04T08:33:15.855885+00:00,0,92,avg-p50p75-1.2xalloc,sketch,avgp50p75bump,10,1.0,22,809,66,105,30,2257,0,7,18,3,0.9900,5720.812,OPTIMAL,4019.000000,7.6595,25.2470
2026-09-04T08:33:16.665629+00:00,0,92,window-avg,sketch,window,10,1.0,22,655,64,97,30,2417,0,0,54,1,0.9188,738.110,OPTIMAL,4024.000000,8.9826,25.0443
2026-09-04T08:33:17.470640+00:00,0,92,p90,sketch,p90,10,1.0,22,757,66,103,31,2311,0,0,41,1,0.9493,729.898,OPTIMAL,4026.000000,11.8217,15.6464
2026-09-04T08:33:18.558914+00:00,0,92,avg-epoch,sketch,avg,10,1.0,22,612,65,103,21,2455,0,0,54,1,0.9018,1014.244,OPTIMAL,4025.000000,9.8735,30.7928
2026-09-04T08:33:22.714927+00:00,0,93,static,static,request,0,0.0,39,1093,24,90,20,2025,0,0,6,0,0.9918,187.176,OPTIMAL,24.000000,50.2098,94.0754
2026-09-04T08:33:22.935645+00:00,0,93,reassign,static,request,10,1.0,39,1069,47,90,17,2043,0,0,5,0,0.9923,209.043,OPTIMAL,2918.000000,45.8447,90.3623
2026-09-04T08:33:23.424808+00:00,0,93,dynamic,sketch,p50,0,0.0,39,654,27,102,19,2455,0,0,52,1,0.9009,378.071,OPTIMAL,27.000000,9.1071,25.3452
2026-09-04T08:33:24.483501+00:00,0,93,dynamic+reassign,sketch,p50,10,1.0,39,644,65,105,18,2460,0,0,58,0,0.9027,969.603,OPTIMAL,4025.000000,9.8572,26.1064
2026-09-04T08:33:26.080331+00:00,0,93,p50-1.2xalloc,sketch,p50bump,10,1.0,39,741,61,101,25,2363,0,2,17,4,0.9866,1508.306,OPTIMAL,4019.000000,2.3606,1.8442
2026-09-04T08:33:27.341163+00:00,0,93,avg-p50p75-1.2xalloc,sketch,avgp50p75bump,10,1.0,39,822,66,110,21,2278,0,2,8,2,0.9901,1166.402,OPTIMAL,4024.000000,5.0405,3.6169
2026-09-04T08:33:30.079607+00:00,0,93,window-avg,sketch,window,10,1.0,39,670,67,98,26,2443,0,1,50,1,0.9189,2657.331,OPTIMAL,4026.000000,9.2057,22.3321
2026-09-04T08:33:30.606706+00:00,0,93,p90,sketch,p90,10,1.0,39,770,66,108,21,2332,0,0,26,0,0.9495,450.497,OPTIMAL,4026.000000,11.6755,14.6828
2026-09-04T08:33:31.246258+00:00,0,93,avg-epoch,sketch,avg,10,1.0,39,626,65,103,25,2480,0,0,62,0,0.9017,566.576,OPTIMAL,4025.000000,10.6258,26.3079
2026-09-04T08:33:35.304332+00:00,0,94,static,static,request,0,0.0,33,1102,20,92,18,2043,0,0,12,1,0.9918,133.546,OPTIMAL,20.000000,44.2516,81.5263
2026-09-04T08:33:35.882388+00:00,0,94,reassign,static,request,10,1.0,33,1084,60,92,18,2061,0,0,6,0,0.9923,566.348,OPTIMAL,4020.000000,47.8454,96.0023
2026-09-04T08:33:36.119699+00:00,0,94,dynamic,sketch,p50,0,0.0,33,660,26,104,24,2479,0,0,62,2,0.9008,124.725,OPTIMAL,26.000000,10.9634,31.6628
2026-09-04T08:33:38.531325+00:00,0,94,dynamic+reassign,sketch,p50,10,1.0,33,652,67,107,25,2485,0,2,68,2,0.9025,2322.552,OPTIMAL,4025.000000,10.6050,31.6628
2026-09-04T08:33:39.151957+00:00,0,94,p50-1.2xalloc,sketch,p50bump,10,1.0,33,753,62,95,28,2391,0,2,19,4,0.9866,549.385,OPTIMAL,4020.000000,3.0359,1.7489
2026-09-04T08:33:41.253908+00:00,0,94,avg-p50p75-1.2xalloc,sketch,avgp50p75bump,10,1.0,33,829,63,102,32,2310,0,3,22,6,0.9900,2024.497,OPTIMAL,3921.000000,5.8667,10.0389
2026-09-04T08:33:42.016779+00:00,0,94,window-avg,sketch,window,10,1.0,33,676,65,102,21,2464,0,0,54,1,0.9188,690.022,OPTIMAL,4025.000000,11.2212,27.5712
2026-09-04T08:33:42.534724+00:00,0,94,p90,sketch,p90,10,1.0,33,777,63,104,27,2359,0,2,35,0,0.9495,442.299,OPTIMAL,4021.000000,12.7573,17.7961
2026-09-04T08:33:43.383775+00:00,0,94,avg-epoch,sketch,avg,10,1.0,33,634,67,102,28,2508,0,0,65,1,0.9015,776.036,OPTIMAL,4027.000000,9.5948,31.3250
2026-09-04T08:33:47.467174+00:00,0,95,static,static,request,0,0.0,43,1125,20,94,18,2061,0,0,6,0,0.9918,138.847,OPTIMAL,20.000000,49.3497,94.2830
2026-09-04T08:33:48.600234+00:00,0,95,reassign,static,request,10,1.0,43,1107,62,87,27,2088,0,0,6,0,0.9923,1121.003,OPTIMAL,4022.000000,51.9759,99.4708
2026-09-04T08:33:49.220441+00:00,0,95,dynamic,sketch,p50,0,0.0,43,677,27,106,25,2504,0,0,51,1,0.9009,503.531,OPTIMAL,27.000000,7.8946,26.3183
2026-09-04T08:33:50.030140+00:00,0,95,dynamic+reassign,sketch,p50,10,1.0,43,668,57,105,22,2507,0,0,55,0,0.9025,715.125,OPTIMAL,3720.000000,9.2808,31.3382
2026-09-04T08:33:51.489436+00:00,0,95,p50-1.2xalloc,sketch,p50bump,10,1.0,43,774,60,88,27,2418,0,4,27,7,0.9864,1380.470,OPTIMAL,4016.000000,2.4347,4.9317
2026-09-04T08:33:53.134442+00:00,0,95,avg-p50p75-1.2xalloc,sketch,avgp50p75bump,10,1.0,43,848,63,104,21,2331,0,5,7,1,0.9900,1552.666,OPTIMAL,4018.000000,5.8892,13.5838
2026-09-04T08:33:55.025075+00:00,0,95,window-avg,sketch,window,10,1.0,43,694,64,101,25,2489,0,0,47,0,0.9189,1809.239,OPTIMAL,4024.000000,8.8071,23.4625
2026-09-04T08:33:55.557143+00:00,0,95,p90,sketch,p90,10,1.0,43,797,62,100,26,2385,0,2,42,1,0.9493,455.545,OPTIMAL,4020.000000,13.1093,21.8582
2026-09-04T08:33:56.503871+00:00,0,95,avg-epoch,sketch,avg,10,1.0,43,650,64,100,26,2534,0,2,60,2,0.9013,872.054,OPTIMAL,4022.000000,10.4330,31.0382
2026-09-04T08:34:00.674281+00:00,0,96,static,static,request,0,0.0,34,1139,21,89,26,2087,0,0,8,0,0.9918,191.584,OPTIMAL,21.000000,42.1167,79.9827
2026-09-04T08:34:01.136456+00:00,0,96,reassign,static,request,10,1.0,34,1119,44,92,16,2104,0,0,6,0,0.9923,450.588,OPTIMAL,2321.000000,43.4121,77.7608
2026-09-04T08:34:01.428239+00:00,0,96,dynamic,sketch,p50,0,0.0,34,684,23,102,27,2531,0,0,50,2,0.9010,147.473,OPTIMAL,23.000000,8.7178,27.8090
2026-09-04T08:34:02.549079+00:00,0,96,dynamic+reassign,sketch,p50,10,1.0,34,682,65,96,34,2541,0,0,53,0,0.9026,1038.112,OPTIMAL,4025.000000,9.6868,27.8739
2026-09-04T08:34:04.058387+00:00,0,96,p50-1.2xalloc,sketch,p50bump,10,1.0,34,788,66,88,26,2444,0,1,3,0,0.9865,1436.994,OPTIMAL,4025.000000,2.2410,1.3378
2026-09-04T08:34:06.261926+00:00,0,96,avg-p50p75-1.2xalloc,sketch,avgp50p75bump,10,1.0,34,859,64,99,29,2360,0,6,17,4,0.9899,2116.926,OPTIMAL,4018.000000,6.8912,25.4831
2026-09-04T08:34:07.345603+00:00,0,96,window-avg,sketch,window,10,1.0,34,704,67,103,25,2514,0,1,47,1,0.9190,1009.239,OPTIMAL,4026.000000,8.8568,20.2700
2026-09-04T08:34:08.203974+00:00,0,96,p90,sketch,p90,10,1.0,34,809,62,97,25,2410,0,0,40,0,0.9493,785.771,OPTIMAL,4022.000000,11.6551,15.5031
2026-09-04T08:34:09.021685+00:00,0,96,avg-epoch,sketch,avg,10,1.0,34,660,67,103,24,2558,0,2,48,0,0.9014,744.389,OPTIMAL,4025.000000,8.3921,24.4958
2026-09-04T08:34:13.166959+00:00,0,97,static,static,request,0,0.0,33,1151,20,94,15,2102,0,0,7,0,0.9918,170.480,OPTIMAL,20.000000,41.4912,80.6309
2026-09-04T08:34:13.661816+00:00,0,97,reassign,static,request,10,1.0,33,1131,47,93,20,2124,0,0,8,0,0.9923,482.819,OPTIMAL,2621.000000,41.9484,76.6737
2026-09-04T08:34:13.928728+00:00,0,97,dynamic,sketch,p50,0,0.0,33,694,27,108,21,2552,0,0,62,2,0.9008,149.346,OPTIMAL,27.000000,9.1890,27.8889
2026-09-04T08:34:16.002173+00:00,0,97,dynamic+reassign,sketch,p50,10,1.0,33,690,68,101,23,2564,0,1,56,1,0.9025,1991.473,OPTIMAL,4027.000000,8.6053,27.7378
2026-09-04T08:34:16.784248+00:00,0,97,p50-1.2xalloc,sketch,p50bump,10,1.0,33,795,67,95,20,2464,0,4,13,4,0.9866,711.925,OPTIMAL,4023.000000,3.9789,21.8055
2026-09-04T08:34:17.784366+00:00,0,97,avg-p50p75-1.2xalloc,sketch,avgp50p75bump,10,1.0,33,868,61,96,24,2384,0,2,8,1,0.9899,926.424,OPTIMAL,4019.000000,5.0816,4.0500
2026-09-04T08:34:18.737231+00:00,0,97,window-avg,sketch,window,10,1.0,33,710,67,100,30,2544,0,1,49,0,0.9191,879.574,OPTIMAL,4026.000000,9.1290,24.3143
2026-09-04T08:34:20.504448+00:00,0,97,p90,sketch,p90,10,1.0,33,820,62,92,27,2437,0,0,37,0,0.9493,1699.736,OPTIMAL,4022.000000,11.3432,17.8383
2026-09-04T08:34:21.716598+00:00,0,97,avg-epoch,sketch,avg,10,1.0,33,666,68,105,26,2584,0,0,57,1,0.9014,1139.235,OPTIMAL,4028.000000,8.6172,27.7382
2026-09-04T08:34:25.767079+00:00,0,98,static,static,request,0,0.0,38,1169,23,91,26,2128,0,0,6,0,0.9919,112.070,OPTIMAL,23.000000,46.6916,93.2901
2026-09-04T08:34:26.438754+00:00,0,98,reassign,static,request,10,1.0,38,1148,61,87,29,2153,0,0,6,0,0.9924,659.405,OPTIMAL,3823.000000,40.0630,83.8316
2026-09-04T08:34:26.689559+00:00,0,98,dynamic,sketch,p50,0,0.0,38,705,27,105,30,2582,0,0,63,2,0.9007,134.031,OPTIMAL,27.000000,8.6657,28.0455
2026-09-04T08:34:27.867654+00:00,0,98,dynamic+reassign,sketch,p50,10,1.0,38,700,67,101,27,2591,0,0,58,0,0.9025,1093.868,OPTIMAL,4027.000000,8.1520,27.1479
2026-09-04T08:34:29.763926+00:00,0,98,p50-1.2xalloc,sketch,p50bump,10,1.0,38,806,65,92,28,2492,0,4,16,2,0.9866,1819.869,OPTIMAL,4021.000000,3.5459,19.5692
2026-09-04T08:34:31.702151+00:00,0,98,avg-p50p75-1.2xalloc,sketch,avgp50p75bump,10,1.0,38,885,62,91,27,2411,0,6,12,3,0.9899,1865.458,OPTIMAL,4016.000000,4.8397,8.8381
2026-09-04T08:34:32.448017+00:00,0,98,window-avg,sketch,window,10,1.0,38,721,67,107,20,2564,0,0,48,0,0.9191,669.080,OPTIMAL,4027.000000,10.0100,27.2411
2026-09-04T08:34:33.478696+00:00,0,98,p90,sketch,p90,10,1.0,38,836,65,95,22,2459,0,0,35,0,0.9493,962.983,OPTIMAL,4025.000000,11.3058,17.9733
2026-09-04T08:34:34.139371+00:00,0,98,avg-epoch,sketch,avg,10,1.0,38,676,67,113,19,2603,0,2,58,1,0.9014,579.956,OPTIMAL,4025.000000,8.6511,23.5799
2026-09-04T08:34:38.225397+00:00,0,99,static,static,request,0,0.0,38,1184,23,87,27,2155,0,0,8,0,0.9919,124.694,OPTIMAL,23.000000,41.2413,78.8730
2026-09-04T08:34:38.489148+00:00,0,99,reassign,static,request,10,1.0,38,1163,47,91,15,2168,0,0,10,1,0.9922,252.309,OPTIMAL,2819.000000,43.2037,91.8225
2026-09-04T08:34:38.721481+00:00,0,99,dynamic,sketch,p50,0,0.0,38,716,25,113,17,2599,0,0,62,2,0.9006,107.045,OPTIMAL,25.000000,9.3704,29.1643
2026-09-04T08:34:39.522015+00:00,0,99,dynamic+reassign,sketch,p50,10,1.0,38,711,65,114,12,2603,0,2,57,1,0.9024,705.054,OPTIMAL,4023.000000,8.5905,27.1165
2026-09-04T08:34:41.698520+00:00,0,99,p50-1.2xalloc,sketch,p50bump,10,1.0,38,819,63,100,15,2507,0,3,4,0,0.9867,2091.549,OPTIMAL,4020.000000,2.9625,7.3985
2026-09-04T08:34:43.268978+00:00,0,99,avg-p50p75-1.2xalloc,sketch,avgp50p75bump,10,1.0,38,901,63,89,25,2436,0,5,6,1,0.9899,1502.227,OPTIMAL,4018.000000,6.9637,24.4539
2026-09-04T08:34:44.809716+00:00,0,99,window-avg,sketch,window,10,1.0,38,732,65,105,27,2591,0,1,53,1,0.9191,1464.474,OPTIMAL,4024.000000,9.2129,25.3118
2026-09-04T08:34:46.454626+00:00,0,99,p90,sketch,p90,10,1.0,38,849,66,92,29,2488,0,0,33,0,0.9493,1579.897,OPTIMAL,4026.000000,10.7184,14.4185
2026-09-04T08:34:48.611823+00:00,0,99,avg-epoch,sketch,avg,10,1.0,38,687,69,112,30,2633,0,0,64,0,0.9015,2078.238,OPTIMAL,4029.000000,8.3953,23.5728
2026-09-04T08:34:52.662617+00:00,0,100,static,static,request,0,0.0,44,1205,19,92,14,2169,0,0,8,0,0.9919,147.705,OPTIMAL,19.000000,46.5089,89.0231
2026-09-04T08:34:53.434673+00:00,0,100,reassign,static,request,10,1.0,44,1188,64,91,24,2192,0,0,8,1,0.9922,759.962,OPTIMAL,4024.000000,47.3165,89.7177
2026-09-04T08:34:54.271637+00:00,0,100,dynamic,sketch,p50,0,0.0,44,735,27,110,30,2629,0,0,64,2,0.9006,713.190,OPTIMAL,27.000000,7.5570,23.2094
2026-09-04T08:34:55.340543+00:00,0,100,dynamic+reassign,sketch,p50,10,1.0,44,730,67,110,31,2634,0,1,63,1,0.9024,977.658,OPTIMAL,4026.000000,6.3093,18.3516
2026-09-04T08:34:56.289236+00:00,0,100,p50-1.2xalloc,sketch,p50bump,10,1.0,44,840,62,91,31,2538,0,0,11,2,0.9867,869.414,OPTIMAL,4022.000000,1.6128,1.3740
2026-09-04T08:34:57.244091+00:00,0,100,avg-p50p75-1.2xalloc,sketch,avgp50p75bump,10,1.0,44,922,63,90,22,2458,0,3,8,1,0.9899,878.045,OPTIMAL,4020.000000,5.3170,13.1598
2026-09-04T08:34:58.226421+00:00,0,100,window-avg,sketch,window,10,1.0,44,751,64,113,16,2607,0,1,52,2,0.9190,885.907,OPTIMAL,4023.000000,10.4268,26.0620
2026-09-04T08:34:58.876252+00:00,0,100,p90,sketch,p90,10,1.0,44,867,60,98,19,2507,0,1,29,1,0.9494,568.684,OPTIMAL,3524.000000,11.1995,14.2998
2026-09-04T08:35:00.768460+00:00,0,100,avg-epoch,sketch,avg,10,1.0,44,702,66,111,27,2660,0,1,56,2,0.9016,1800.417,OPTIMAL,4025.000000,6.6204,21.7675
2026-09-04T08:35:04.985488+00:00,0,101,static,static,request,0,0.0,16,1202,24,90,26,2195,0,0,8,0,0.9919,248.254,OPTIMAL,24.000000,42.2114,90.6192
2026-09-04T08:35:05.844305+00:00,0,101,reassign,static,request,10,1.0,16,1180,52,92,22,2214,0,0,9,0,0.9922,846.963,OPTIMAL,2923.000000,42.3974,90.6192
2026-09-04T08:35:06.225757+00:00,0,101,dynamic,sketch,p50,0,0.0,16,724,26,110,26,2655,0,0,58,1,0.9006,271.892,OPTIMAL,26.000000,8.3106,25.5030
2026-09-04T08:35:07.748740+00:00,0,101,dynamic+reassign,sketch,p50,10,1.0,16,719,65,107,28,2662,0,0,54,0,0.9025,1445.642,OPTIMAL,4025.000000,8.4125,25.5030
2026-09-04T08:35:09.359940+00:00,0,101,p50-1.2xalloc,sketch,p50bump,10,1.0,16,834,67,96,22,2560,0,3,10,2,0.9868,1544.184,OPTIMAL,4024.000000,2.8449,5.6029
2026-09-04T08:35:10.029597+00:00,0,101,avg-p50p75-1.2xalloc,sketch,avgp50p75bump,10,1.0,16,915,63,90,23,2481,0,6,7,0,0.9900,601.844,OPTIMAL,4017.000000,5.4089,14.1402
2026-09-04T08:35:12.191541+00:00,0,101,window-avg,sketch,window,10,1.0,16,743,69,104,38,2645,0,0,50,0,0.9191,2088.391,OPTIMAL,4029.000000,9.6018,24.7489
2026-09-04T08:35:14.919218+00:00,0,101,p90,sketch,p90,10,1.0,16,858,63,94,27,2534,0,2,34,1,0.9494,2658.897,OPTIMAL,4021.000000,12.8093,19.4318
2026-09-04T08:35:16.045919+00:00,0,101,avg-epoch,sketch,avg,10,1.0,16,692,68,110,29,2689,0,0,61,0,0.9016,1047.836,OPTIMAL,4028.000000,9.2358,26.6158
2026-09-04T08:35:20.225457+00:00,0,102,static,static,request,0,0.0,36,1214,22,93,19,2214,0,0,8,1,0.9919,230.852,OPTIMAL,22.000000,39.8145,72.5118
2026-09-04T08:35:20.446849+00:00,0,102,reassign,static,request,10,1.0,36,1193,45,95,14,2228,0,0,3,0,0.9923,209.280,OPTIMAL,2817.000000,45.1553,83.3519
2026-09-04T08:35:20.768124+00:00,0,102,dynamic,sketch,p50,0,0.0,36,734,27,105,32,2687,0,0,66,1,0.9004,202.904,OPTIMAL,27.000000,10.3982,28.6225
2026-09-04T08:35:21.995236+00:00,0,102,dynamic+reassign,sketch,p50,10,1.0,36,730,69,105,31,2693,0,0,64,0,0.9022,1140.721,OPTIMAL,4029.000000,10.5013,28.6225
2026-09-04T08:35:23.007333+00:00,0,102,p50-1.2xalloc,sketch,p50bump,10,1.0,36,843,66,97,25,2585,0,4,19,5,0.9867,932.011,OPTIMAL,4022.000000,4.6778,21.3903
2026-09-04T08:35:25.165280+00:00,0,102,avg-p50p75-1.2xalloc,sketch,avgp50p75bump,10,1.0,36,928,63,90,23,2504,0,2,18,3,0.9899,2080.701,OPTIMAL,4021.000000,5.6242,14.7391
2026-09-04T08:35:26.975972+00:00,0,102,window-avg,sketch,window,10,1.0,36,750,67,105,26,2671,0,1,49,1,0.9191,1731.215,OPTIMAL,4026.000000,9.7025,24.9126
2026-09-04T08:35:27.766891+00:00,0,102,p90,sketch,p90,10,1.0,36,871,62,97,19,2553,0,0,32,1,0.9493,719.182,OPTIMAL,4022.000000,13.4151,18.5153
2026-09-04T08:35:28.618261+00:00,0,102,avg-epoch,sketch,avg,10,1.0,36,700,68,108,30,2719,0,1,71,3,0.9013,775.301,OPTIMAL,4027.000000,11.4955,34.2394
2026-09-04T08:35:32.711594+00:00,0,103,static,static,request,0,0.0,39,1231,17,96,14,2228,0,0,5,0,0.9920,141.530,OPTIMAL,17.000000,47.8526,92.2050
2026-09-04T08:35:33.591520+00:00,0,103,reassign,static,request,10,1.0,39,1215,60,92,25,2253,0,0,5,0,0.9923,867.523,OPTIMAL,3822.000000,45.2403,82.9687
2026-09-04T08:35:33.917929+00:00,0,103,dynamic,sketch,p50,0,0.0,39,746,27,102,30,2717,0,0,53,1,0.9004,210.881,OPTIMAL,27.000000,6.4392,23.5815
2026-09-04T08:35:35.244005+00:00,0,103,dynamic+reassign,sketch,p50,10,1.0,39,740,67,105,27,2720,0,2,56,2,0.9022,1240.423,OPTIMAL,4025.000000,7.1593,24.6713
2026-09-04T08:35:36.330773+00:00,0,103,p50-1.2xalloc,sketch,p50bump,10,1.0,39,856,63,100,20,2605,0,3,12,4,0.9866,1001.947,OPTIMAL,4020.000000,2.6062,1.7117
2026-09-04T08:35:37.222489+00:00,0,103,avg-p50p75-1.2xalloc,sketch,avgp50p75bump,10,1.0,39,944,60,88,22,2526,0,3,12,3,0.9899,811.952,OPTIMAL,4017.000000,4.5803,3.6809
2026-09-04T08:35:39.283645+00:00,0,103,window-avg,sketch,window,10,1.0,39,762,69,106,28,2699,0,1,41,0,0.9193,1973.863,OPTIMAL,4028.000000,9.4464,24.4567
2026-09-04T08:35:40.426495+00:00,0,103,p90,sketch,p90,10,1.0,39,888,66,97,26,2579,0,3,37,1,0.9493,1070.292,OPTIMAL,4023.000000,12.0832,16.8112
2026-09-04T08:35:41.208480+00:00,0,103,avg-epoch,sketch,avg,10,1.0,39,711,65,113,20,2739,0,0,57,1,0.9014,700.873,OPTIMAL,4025.000000,9.7543,26.4853
2026-09-04T08:35:45.451981+00:00,0,104,static,static,request,0,0.0,34,1248,23,87,32,2260,0,0,6,0,0.9920,287.775,OPTIMAL,23.000000,41.0476,86.2465
2026-09-04T08:35:46.269282+00:00,0,104,reassign,static,request,10,1.0,34,1227,62,89,27,2280,0,0,8,0,0.9923,805.077,OPTIMAL,3824.000000,40.3978,81.9796
2026-09-04T08:35:46.507356+00:00,0,104,dynamic,sketch,p50,0,0.0,34,753,25,110,17,2734,0,0,46,1,0.9005,115.830,OPTIMAL,25.000000,7.8285,22.7041
2026-09-04T08:35:47.450184+00:00,0,104,dynamic+reassign,sketch,p50,10,1.0,34,747,66,112,19,2739,0,1,46,1,0.9023,848.647,OPTIMAL,4025.000000,7.7510,24.0130
2026-09-04T08:35:48.591842+00:00,0,104,p50-1.2xalloc,sketch,p50bump,10,1.0,34,867,66,105,21,2626,0,3,10,3,0.9867,1054.344,OPTIMAL,4023.000000,3.4443,14.0165
2026-09-04T08:35:51.146572+00:00,0,104,avg-p50p75-1.2xalloc,sketch,avgp50p75bump,10,1.0,34,958,64,89,23,2549,0,3,7,1,0.9899,2479.045,OPTIMAL,4021.000000,4.0054,3.5307
2026-09-04T08:35:51.813876+00:00,0,104,window-avg,sketch,window,10,1.0,34,767,69,111,24,2723,0,1,42,1,0.9194,588.218,OPTIMAL,4028.000000,9.3541,21.8053
2026-09-04T08:35:52.533438+00:00,0,104,p90,sketch,p90,10,1.0,34,896,63,104,16,2595,0,0,36,0,0.9493,645.175,OPTIMAL,4023.000000,11.6592,19.9093
2026-09-04T08:35:53.947660+00:00,0,104,avg-epoch,sketch,avg,10,1.0,34,720,66,118,21,2760,0,2,57,1,0.9014,1328.906,OPTIMAL,4024.000000,9.0350,26.4077
2026-09-04T08:35:58.041440+00:00,0,105,static,static,request,0,0.0,44,1269,22,90,19,2279,0,0,9,0,0.9920,145.840,OPTIMAL,22.000000,42.5616,98.7037
2026-09-04T08:35:58.484355+00:00,0,105,reassign,static,request,10,1.0,44,1247,44,88,20,2300,0,0,10,0,0.9923,431.257,OPTIMAL,2519.000000,44.3558,84.4841
2026-09-04T08:35:59.014061+00:00,0,105,dynamic,sketch,p50,0,0.0,44,772,28,113,25,2759,0,0,62,1,0.9005,404.733,OPTIMAL,28.000000,8.8253,27.4361
2026-09-04T08:36:00.247633+00:00,0,105,dynamic+reassign,sketch,p50,10,1.0,44,765,68,116,24,2763,0,1,65,1,0.9022,1138.108,OPTIMAL,4027.000000,8.7511,27.4475
2026-09-04T08:36:02.493966+00:00,0,105,p50-1.2xalloc,sketch,p50bump,10,1.0,44,885,66,100,31,2657,0,2,21,3,0.9866,2161.874,OPTIMAL,4024.000000,3.3649,11.6789
2026-09-04T08:36:05.052790+00:00,0,105,avg-p50p75-1.2xalloc,sketch,avgp50p75bump,10,1.0,44,978,67,90,26,2575,0,4,6,2,0.9899,2491.787,OPTIMAL,4023.000000,7.2763,24.0568
2026-09-04T08:36:05.853211+00:00,0,105,window-avg,sketch,window,10,1.0,44,782,66,118,19,2742,0,0,61,1,0.9194,715.921,OPTIMAL,4026.000000,9.7823,23.7346
2026-09-04T08:36:06.593742+00:00,0,105,p90,sketch,p90,10,1.0,44,917,65,102,27,2622,0,0,42,1,0.9491,667.608,OPTIMAL,4025.000000,11.5361,14.6656
2026-09-04T08:36:07.933893+00:00,0,105,avg-epoch,sketch,avg,10,1.0,44,738,64,111,31,2791,0,0,65,1,0.9013,1258.953,OPTIMAL,4024.000000,7.2120,21.4542
2026-09-04T08:36:12.022706+00:00,0,106,static,static,request,0,0.0,38,1285,22,86,26,2305,0,0,11,1,0.9920,123.505,OPTIMAL,22.000000,46.7765,88.2032
2026-09-04T08:36:12.547941+00:00,0,106,reassign,static,request,10,1.0,38,1266,49,91,18,2318,0,0,8,1,0.9923,513.692,OPTIMAL,2821.000000,42.3117,80.0571
2026-09-04T08:36:12.781563+00:00,0,106,dynamic,sketch,p50,0,0.0,38,782,24,114,23,2782,0,0,69,1,0.9003,105.444,OPTIMAL,24.000000,10.5771,28.4431
2026-09-04T08:36:14.534794+00:00,0,106,dynamic+reassign,sketch,p50,10,1.0,38,775,64,114,26,2789,0,1,72,0,0.9021,1654.570,OPTIMAL,4023.000000,10.7309,30.9293
2026-09-04T08:36:15.274057+00:00,0,106,p50-1.2xalloc,sketch,p50bump,10,1.0,38,897,65,98,27,2684,0,2,13,4,0.9866,655.776,OPTIMAL,4023.000000,2.9912,1.4371
2026-09-04T08:36:16.354021+00:00,0,106,avg-p50p75-1.2xalloc,sketch,avgp50p75bump,10,1.0,38,989,60,91,21,2596,0,5,13,3,0.9899,1001.524,OPTIMAL,3817.000000,8.7804,29.0888
2026-09-04T08:36:18.243154+00:00,0,106,window-avg,sketch,window,10,1.0,38,794,67,116,29,2771,0,0,68,0,0.9194,1791.000,OPTIMAL,4027.000000,10.3711,22.3281
2026-09-04T08:36:19.072400+00:00,0,106,p90,sketch,p90,10,1.0,38,930,66,99,29,2651,0,0,36,0,0.9492,755.586,OPTIMAL,4026.000000,11.5451,14.4654
2026-09-04T08:36:20.439392+00:00,0,106,avg-epoch,sketch,avg,10,1.0,38,752,66,114,23,2814,0,0,67,0,0.9012,1284.667,OPTIMAL,4026.000000,10.5343,30.5350
2026-09-04T08:36:24.454762+00:00,0,107,static,static,request,0,0.0,28,1291,20,92,14,2319,0,0,8,1,0.9920,108.152,OPTIMAL,20.000000,47.4899,91.0314
2026-09-04T08:36:26.221870+00:00,0,107,reassign,static,request,10,1.0,28,1273,62,89,26,2344,0,0,5,0,0.9923,1755.120,OPTIMAL,3824.000000,38.6937,75.0276
2026-09-04T08:36:26.621769+00:00,0,107,dynamic,sketch,p50,0,0.0,28,786,28,112,30,2812,0,0,65,0,0.9002,287.931,OPTIMAL,28.000000,10.8517,27.1239
2026-09-04T08:36:27.961650+00:00,0,107,dynamic+reassign,sketch,p50,10,1.0,28,779,67,112,29,2818,0,0,66,0,0.9019,1259.125,OPTIMAL,4027.000000,10.7171,27.0483
2026-09-04T08:36:30.102088+00:00,0,107,p50-1.2xalloc,sketch,p50bump,10,1.0,28,900,67,98,27,2711,0,2,8,2,0.9866,2069.829,OPTIMAL,4025.000000,2.4216,1.7047
2026-09-04T08:36:31.492348+00:00,0,107,avg-p50p75-1.2xalloc,sketch,avgp50p75bump,10,1.0,28,995,63,99,15,2611,0,6,7,4,0.9899,1316.301,OPTIMAL,4017.000000,5.3319,4.0073
2026-09-04T08:36:32.215999+00:00,0,107,window-avg,sketch,window,10,1.0,28,795,65,115,26,2797,0,3,64,2,0.9191,639.531,OPTIMAL,4022.000000,11.4997,26.5210
2026-09-04T08:36:34.051724+00:00,0,107,p90,sketch,p90,10,1.0,28,932,65,99,25,2676,0,1,32,1,0.9492,1764.090,OPTIMAL,4024.000000,11.4762,14.9130
2026-09-04T08:36:34.908696+00:00,0,107,avg-epoch,sketch,avg,10,1.0,28,754,68,115,27,2841,0,0,61,0,0.9011,775.099,OPTIMAL,4028.000000,9.9021,26.8011
2026-09-04T08:36:39.002702+00:00,0,108,static,static,request,0,0.0,28,1299,21,91,22,2341,0,0,4,0,0.9921,161.974,OPTIMAL,21.000000,37.9047,71.7108
2026-09-04T08:36:39.261281+00:00,0,108,reassign,static,request,10,1.0,28,1277,39,90,16,2360,0,0,8,1,0.9923,246.837,OPTIMAL,2217.000000,39.0669,72.5206
2026-09-04T08:36:40.234595+00:00,0,108,dynamic,sketch,p50,0,0.0,28,786,29,114,27,2839,0,0,68,2,0.9001,847.844,OPTIMAL,29.000000,9.0958,25.8674
2026-09-04T08:36:41.177456+00:00,0,108,dynamic+reassign,sketch,p50,10,1.0,28,780,67,117,22,2840,0,0,71,4,0.9017,844.041,OPTIMAL,4027.000000,9.7359,26.4606
2026-09-04T08:36:41.853357+00:00,0,108,p50-1.2xalloc,sketch,p50bump,10,1.0,28,901,65,103,20,2731,0,2,16,3,0.9867,588.420,OPTIMAL,4023.000000,2.3458,1.6469
2026-09-04T08:36:44.395871+00:00,0,108,avg-p50p75-1.2xalloc,sketch,avgp50p75bump,10,1.0,28,1000,67,94,32,2643,0,4,12,3,0.9898,2464.218,OPTIMAL,4023.000000,6.7558,23.2079
2026-09-04T08:36:45.140753+00:00,0,108,window-avg,sketch,window,10,1.0,28,798,65,112,28,2825,0,0,68,1,0.9190,661.198,OPTIMAL,4025.000000,10.6063,24.1464
2026-09-04T08:36:46.572461+00:00,0,108,p90,sketch,p90,10,1.0,28,935,66,93,32,2708,0,0,42,0,0.9492,1363.945,OPTIMAL,4026.000000,11.3630,15.8244
2026-09-04T08:36:47.490126+00:00,0,108,avg-epoch,sketch,avg,10,1.0,28,754,68,121,22,2863,0,1,63,1,0.9011,829.455,OPTIMAL,4027.000000,9.4191,26.7156
2026-09-04T08:36:51.549426+00:00,0,109,static,static,request,0,0.0,31,1309,17,86,22,2363,0,0,11,1,0.9920,137.334,OPTIMAL,17.000000,39.6728,78.2919
2026-09-04T08:36:52.747165+00:00,0,109,reassign,static,request,10,1.0,31,1291,65,82,33,2393,0,0,11,1,0.9922,1185.913,OPTIMAL,4025.000000,40.1120,79.8677
2026-09-04T08:36:53.000239+00:00,0,109,dynamic,sketch,p50,0,0.0,31,788,27,123,18,2857,0,0,68,1,0.9000,120.145,OPTIMAL,27.000000,10.0809,26.6758
2026-09-04T08:36:58.556915+00:00,0,109,dynamic+reassign,sketch,p50,10,1.0,31,784,69,123,23,2863,0,1,70,1,0.9016,5455.062,OPTIMAL,4028.000000,10.1492,27.4969
2026-09-04T08:36:59.497662+00:00,0,109,p50-1.2xalloc,sketch,p50bump,10,1.0,31,907,64,105,22,2753,0,2,12,2,0.9867,862.700,OPTIMAL,4022.000000,2.8729,9.6829
2026-09-04T08:37:05.444997+00:00,0,109,avg-p50p75-1.2xalloc,sketch,avgp50p75bump,10,1.0,31,1004,65,97,22,2665,0,5,7,1,0.9899,5876.546,OPTIMAL,4020.000000,5.2457,6.1104
2026-09-04T08:37:06.914515+00:00,0,109,window-avg,sketch,window,10,1.0,31,804,65,115,22,2847,0,0,61,1,0.9190,1386.585,OPTIMAL,4025.000000,10.4421,27.2561
2026-09-04T08:37:07.535476+00:00,0,109,p90,sketch,p90,10,1.0,31,940,64,102,15,2723,0,2,33,1,0.9493,548.625,OPTIMAL,4022.000000,11.2797,14.6136
2026-09-04T08:37:08.194413+00:00,0,109,avg-epoch,sketch,avg,10,1.0,31,757,66,117,30,2893,0,3,72,2,0.9010,572.535,OPTIMAL,4023.000000,9.6192,24.2658
2026-09-04T08:37:12.327959+00:00,0,110,static,static,request,0,0.0,39,1331,23,80,29,2392,0,0,13,1,0.9919,204.587,OPTIMAL,23.000000,39.5013,76.5511
2026-09-04T08:37:12.705602+00:00,0,110,reassign,static,request,10,1.0,39,1305,49,81,20,2413,0,0,6,0,0.9923,365.923,OPTIMAL,3019.000000,48.5946,95.1239
2026-09-04T08:37:12.965351+00:00,0,110,dynamic,sketch,p50,0,0.0,39,800,25,120,28,2885,0,0,71,1,0.9000,125.492,OPTIMAL,25.000000,8.9252,23.7059
2026-09-04T08:37:13.712899+00:00,0,110,dynamic+reassign,sketch,p50,10,1.0,39,794,66,117,32,2895,0,1,68,1,0.9016,647.843,OPTIMAL,4025.000000,7.9067,22.6022
2026-09-04T08:37:15.764711+00:00,0,110,p50-1.2xalloc,sketch,p50bump,10,1.0,39,922,64,104,25,2778,0,5,25,4,0.9867,1962.781,OPTIMAL,4019.000000,3.3090,11.5221
2026-09-04T08:37:16.678936+00:00,0,110,avg-p50p75-1.2xalloc,sketch,avgp50p75bump,10,1.0,39,1018,63,95,25,2690,0,1,17,5,0.9899,839.899,OPTIMAL,4022.000000,5.9133,19.6400
2026-09-04T08:37:17.274535+00:00,0,110,window-avg,sketch,window,10,1.0,39,818,66,110,31,2878,0,0,60,1,0.9190,515.652,OPTIMAL,4026.000000,9.2423,23.8109
2026-09-04T08:37:17.977292+00:00,0,110,p90,sketch,p90,10,1.0,39,955,63,105,20,2743,0,0,39,0,0.9493,627.099,OPTIMAL,4023.000000,11.6369,20.1066
2026-09-04T08:37:18.834941+00:00,0,110,avg-epoch,sketch,avg,10,1.0,39,770,65,110,32,2925,0,1,64,1,0.9009,777.922,OPTIMAL,4024.000000,9.4563,25.0498
2026-09-04T08:37:22.918625+00:00,0,111,static,static,request,0,0.0,30,1338,19,78,21,2413,0,0,9,1,0.9919,116.858,OPTIMAL,19.000000,43.9777,82.1861
2026-09-04T08:37:23.671582+00:00,0,111,reassign,static,request,10,1.0,30,1316,59,85,18,2431,0,0,4,0,0.9923,742.152,OPTIMAL,3722.000000,45.6358,82.1861
2026-09-04T08:37:23.916265+00:00,0,111,dynamic,sketch,p50,0,0.0,30,805,24,111,33,2918,0,0,64,0,0.8999,115.102,OPTIMAL,24.000000,8.3418,26.1407
2026-09-04T08:37:24.949893+00:00,0,111,dynamic+reassign,sketch,p50,10,1.0,30,798,66,112,31,2926,0,1,63,2,0.9016,938.620,OPTIMAL,4025.000000,7.6996,25.8505
2026-09-04T08:37:26.279203+00:00,0,111,p50-1.2xalloc,sketch,p50bump,10,1.0,30,928,60,101,23,2801,0,3,17,3,0.9865,1239.518,OPTIMAL,4017.000000,2.1486,1.3501
2026-09-04T08:37:28.633339+00:00,0,111,avg-p50p75-1.2xalloc,sketch,avgp50p75bump,10,1.0,30,1025,66,94,27,2717,0,2,5,2,0.9899,2275.263,OPTIMAL,4024.000000,6.1130,12.9076
2026-09-04T08:37:29.704052+00:00,0,111,window-avg,sketch,window,10,1.0,30,822,66,108,28,2906,0,2,57,2,0.9189,989.133,OPTIMAL,4024.000000,9.5158,22.0811
2026-09-04T08:37:30.557196+00:00,0,111,p90,sketch,p90,10,1.0,30,962,66,99,32,2775,0,0,45,0,0.9492,781.145,OPTIMAL,4026.000000,12.0517,16.2717
2026-09-04T08:37:31.188337+00:00,0,111,avg-epoch,sketch,avg,10,1.0,30,775,64,110,24,2949,0,0,58,0,0.9010,550.157,OPTIMAL,4024.000000,9.3835,28.5322
2026-09-04T08:37:35.551943+00:00,0,112,static,static,request,0,0.0,29,1348,23,81,20,2433,0,0,11,0,0.9919,379.071,OPTIMAL,23.000000,47.7860,100.0489
2026-09-04T08:37:36.067863+00:00,0,112,reassign,static,request,10,1.0,29,1323,57,82,24,2455,0,0,12,0,0.9923,504.676,OPTIMAL,3621.000000,40.0122,94.9713
2026-09-04T08:37:36.346059+00:00,0,112,dynamic,sketch,p50,0,0.0,29,810,24,110,25,2943,0,0,60,1,0.8999,151.599,OPTIMAL,24.000000,10.0467,28.8508
2026-09-04T08:37:37.279061+00:00,0,112,dynamic+reassign,sketch,p50,10,1.0,29,801,67,112,27,2953,0,0,58,0,0.9015,838.038,OPTIMAL,4027.000000,9.4429,28.8508
2026-09-04T08:37:38.089285+00:00,0,112,p50-1.2xalloc,sketch,p50bump,10,1.0,29,937,63,95,29,2830,0,1,9,3,0.9866,727.533,OPTIMAL,4022.000000,2.7101,1.4639
2026-09-04T08:37:39.138466+00:00,0,112,avg-p50p75-1.2xalloc,sketch,avgp50p75bump,10,1.0,29,1028,67,103,18,2735,0,4,8,3,0.9899,962.620,OPTIMAL,4023.000000,5.4729,8.0455
2026-09-04T08:37:40.369176+00:00,0,112,window-avg,sketch,window,10,1.0,29,825,66,108,26,2932,0,1,56,1,0.9188,1140.327,OPTIMAL,4025.000000,10.5375,26.1279
2026-09-04T08:37:41.240886+00:00,0,112,p90,sketch,p90,10,1.0,29,965,61,101,19,2794,0,2,35,1,0.9492,784.432,OPTIMAL,4019.000000,10.9596,14.6987
2026-09-04T08:37:42.385678+00:00,0,112,avg-epoch,sketch,avg,10,1.0,29,780,68,102,36,2985,0,2,59,1,0.9009,1060.842,OPTIMAL,4026.000000,8.2074,26.1618
2026-09-04T08:37:46.622924+00:00,0,113,static,static,request,0,0.0,35,1360,18,81,18,2451,0,0,5,0,0.9919,201.491,OPTIMAL,18.000000,41.7389,78.7284
2026-09-04T08:37:47.863534+00:00,0,113,reassign,static,request,10,1.0,35,1337,59,80,24,2479,0,0,5,0,0.9923,1229.744,OPTIMAL,3722.000000,39.7766,76.8540
2026-09-04T08:37:48.121993+00:00,0,113,dynamic,sketch,p50,0,0.0,35,821,27,102,35,2978,0,0,68,1,0.8999,141.805,OPTIMAL,27.000000,7.9851,21.9311
2026-09-04T08:37:49.120741+00:00,0,113,dynamic+reassign,sketch,p50,10,1.0,35,809,68,108,32,2985,0,1,71,1,0.9016,908.675,OPTIMAL,4027.000000,8.1637,24.0310
2026-09-04T08:37:50.344098+00:00,0,113,p50-1.2xalloc,sketch,p50bump,10,1.0,35,949,67,101,21,2851,0,1,11,3,0.9867,1140.584,OPTIMAL,4026.000000,1.5986,1.2950
2026-09-04T08:37:51.336724+00:00,0,113,avg-p50p75-1.2xalloc,sketch,avgp50p75bump,10,1.0,35,1036,66,105,24,2759,0,4,16,3,0.9898,901.401,OPTIMAL,4022.000000,4.6997,5.2399
2026-09-04T08:37:54.188762+00:00,0,113,window-avg,sketch,window,10,1.0,35,834,66,105,29,2961,0,0,50,0,0.9189,2763.396,OPTIMAL,4026.000000,8.4165,19.3580
2026-09-04T08:37:55.020658+00:00,0,113,p90,sketch,p90,10,1.0,35,979,64,105,20,2814,0,1,41,1,0.9492,753.625,OPTIMAL,4023.000000,11.6675,17.2341
2026-09-04T08:37:55.761712+00:00,0,113,avg-epoch,sketch,avg,10,1.0,35,787,68,104,26,3011,0,1,60,1,0.9008,668.232,OPTIMAL,4027.000000,8.6694,25.8953
2026-09-04T08:37:59.862988+00:00,0,114,static,static,request,0,0.0,41,1383,21,79,23,2474,0,0,12,1,0.9919,159.625,OPTIMAL,21.000000,44.1499,90.5685
2026-09-04T08:38:00.401299+00:00,0,114,reassign,static,request,10,1.0,41,1356,47,83,16,2495,0,0,9,0,0.9923,527.715,OPTIMAL,2819.000000,41.7702,79.4794
2026-09-04T08:38:00.664431+00:00,0,114,dynamic,sketch,p50,0,0.0,41,835,29,101,30,3008,0,0,59,0,0.9000,146.899,OPTIMAL,29.000000,8.0021,21.6982
2026-09-04T08:38:01.496840+00:00,0,114,dynamic+reassign,sketch,p50,10,1.0,41,822,67,106,29,3014,0,0,64,0,0.9016,752.869,OPTIMAL,4027.000000,8.4529,23.9925
2026-09-04T08:38:02.721426+00:00,0,114,p50-1.2xalloc,sketch,p50bump,10,1.0,41,963,68,104,25,2876,0,3,17,4,0.9867,1138.647,OPTIMAL,4025.000000,2.4344,1.5880
2026-09-04T08:38:04.611815+00:00,0,114,avg-p50p75-1.2xalloc,sketch,avgp50p75bump,10,1.0,41,1051,62,104,23,2782,0,4,16,3,0.9899,1798.651,OPTIMAL,4018.000000,5.3109,3.9550
2026-09-04T08:38:05.352999+00:00,0,114,window-avg,sketch,window,10,1.0,41,849,67,106,26,2987,0,0,57,0,0.9190,657.672,OPTIMAL,4027.000000,9.1916,22.4108
2026-09-04T08:38:06.520645+00:00,0,114,p90,sketch,p90,10,1.0,41,996,66,106,25,2839,0,0,35,0,0.9492,1077.986,OPTIMAL,4026.000000,12.4570,20.2750
2026-09-04T08:38:08.806994+00:00,0,114,avg-epoch,sketch,avg,10,1.0,41,800,69,114,19,3030,0,0,59,0,0.9008,2193.826,OPTIMAL,4029.000000,9.2763,26.1436
2026-09-04T08:38:13.180868+00:00,0,115,static,static,request,0,0.0,39,1401,25,83,21,2495,0,0,7,0,0.9919,413.726,OPTIMAL,25.000000,44.9206,94.0392
2026-09-04T08:38:13.886236+00:00,0,115,reassign,static,request,10,1.0,39,1376,46,86,18,2513,0,0,8,0,0.9923,694.375,OPTIMAL,2521.000000,45.3694,87.8328
2026-09-04T08:38:14.237085+00:00,0,115,dynamic,sketch,p50,0,0.0,39,845,33,112,22,3030,0,0,45,1,0.9001,241.941,OPTIMAL,33.000000,7.0076,21.6170
2026-09-04T08:38:22.697168+00:00,0,115,dynamic+reassign,sketch,p50,10,1.0,39,834,68,115,19,3033,0,1,56,2,0.9016,8377.423,OPTIMAL,4027.000000,7.6584,22.9392
2026-09-04T08:38:24.237032+00:00,0,115,p50-1.2xalloc,sketch,p50bump,10,1.0,39,974,68,105,27,2903,0,6,10,4,0.9866,1465.260,OPTIMAL,4022.000000,2.9652,1.6492
2026-09-04T08:38:24.855172+00:00,0,115,avg-p50p75-1.2xalloc,sketch,avgp50p75bump,10,1.0,39,1068,61,103,22,2804,0,3,14,2,0.9899,539.369,OPTIMAL,4018.000000,6.9026,18.5430
2026-09-04T08:38:25.825857+00:00,0,115,window-avg,sketch,window,10,1.0,39,861,68,104,30,3017,0,1,44,1,0.9191,896.149,OPTIMAL,4027.000000,9.5601,24.0035
2026-09-04T08:38:26.435494+00:00,0,115,p90,sketch,p90,10,1.0,39,1009,65,108,23,2862,0,1,44,0,0.9491,532.323,OPTIMAL,4024.000000,11.2228,19.7522
2026-09-04T08:38:27.087556+00:00,0,115,avg-epoch,sketch,avg,10,1.0,39,810,67,119,22,3052,0,1,66,1,0.9009,567.202,OPTIMAL,4026.000000,8.6155,23.0658
2026-09-04T08:38:31.384913+00:00,0,116,static,static,request,0,0.0,34,1410,21,86,18,2513,0,0,7,0,0.9920,380.380,OPTIMAL,21.000000,42.0088,81.8602
2026-09-04T08:38:33.178965+00:00,0,116,reassign,static,request,10,1.0,34,1389,63,80,29,2542,0,0,9,0,0.9923,1782.558,OPTIMAL,4023.000000,45.2004,88.4473
2026-09-04T08:38:33.410475+00:00,0,116,dynamic,sketch,p50,0,0.0,34,846,25,119,18,3048,0,0,67,3,0.9000,110.831,OPTIMAL,25.000000,9.3023,27.7887
2026-09-04T08:38:34.536527+00:00,0,116,dynamic+reassign,sketch,p50,10,1.0,34,840,67,114,28,3061,0,1,71,2,0.9015,1043.549,OPTIMAL,4026.000000,9.5210,29.9813
2026-09-04T08:38:36.051651+00:00,0,116,p50-1.2xalloc,sketch,p50bump,10,1.0,34,980,63,105,23,2926,0,7,26,6,0.9865,1436.686,OPTIMAL,4016.000000,5.0871,22.6579
2026-09-04T08:38:36.925705+00:00,0,116,avg-p50p75-1.2xalloc,sketch,avgp50p75bump,10,1.0,34,1081,64,96,31,2835,0,3,28,5,0.9898,801.545,OPTIMAL,4021.000000,5.2281,3.9778
2026-09-04T08:38:39.483026+00:00,0,116,window-avg,sketch,window,10,1.0,34,867,67,114,17,3034,0,0,54,1,0.9190,2476.370,OPTIMAL,4027.000000,10.4663,25.7602
2026-09-04T08:38:40.174857+00:00,0,116,p90,sketch,p90,10,1.0,34,1018,66,105,29,2891,0,1,46,1,0.9490,617.003,OPTIMAL,4025.000000,12.6228,20.7457
2026-09-04T08:38:41.285406+00:00,0,116,avg-epoch,sketch,avg,10,1.0,34,817,65,113,31,3083,0,1,75,1,0.9007,1027.319,OPTIMAL,4024.000000,9.8755,29.9132
2026-09-04T08:38:45.432704+00:00,0,117,static,static,request,0,0.0,35,1424,17,79,24,2537,0,0,12,1,0.9919,199.529,OPTIMAL,17.000000,38.7820,86.4924
2026-09-04T08:38:45.675806+00:00,0,117,reassign,static,request,10,1.0,35,1401,42,83,16,2558,0,0,6,0,0.9923,232.419,OPTIMAL,2319.000000,47.3202,92.8032
2026-09-04T08:38:45.956460+00:00,0,117,dynamic,sketch,p50,0,0.0,35,856,25,112,32,3080,0,0,71,0,0.9001,147.982,OPTIMAL,25.000000,8.0808,23.4395
2026-09-04T08:38:46.971020+00:00,0,117,dynamic+reassign,sketch,p50,10,1.0,35,848,65,114,25,3086,0,0,72,1,0.9015,914.833,OPTIMAL,4025.000000,8.5006,23.2391
2026-09-04T08:38:48.549943+00:00,0,117,p50-1.2xalloc,sketch,p50bump,10,1.0,35,992,61,102,24,2950,0,5,10,3,0.9865,1487.043,OPTIMAL,4016.000000,3.8740,19.3622
2026-09-04T08:38:49.705644+00:00,0,117,avg-p50p75-1.2xalloc,sketch,avgp50p75bump,10,1.0,35,1092,66,102,20,2855,0,4,24,4,0.9898,1069.434,OPTIMAL,4022.000000,6.5875,23.5330
2026-09-04T08:38:51.927769+00:00,0,117,window-avg,sketch,window,10,1.0,35,875,68,112,30,3064,0,0,57,0,0.9190,2128.340,OPTIMAL,4028.000000,9.6030,23.0542
2026-09-04T08:38:53.051879+00:00,0,117,p90,sketch,p90,10,1.0,35,1027,63,105,23,2914,0,0,43,0,0.9489,1044.154,OPTIMAL,4023.000000,13.2754,16.8127
2026-09-04T08:38:54.587831+00:00,0,117,avg-epoch,sketch,avg,10,1.0,35,827,70,110,33,3116,0,1,66,1,0.9007,1460.365,OPTIMAL,4029.000000,9.7301,24.3799
2026-09-04T08:38:58.658529+00:00,0,118,static,static,request,0,0.0,43,1450,18,79,18,2555,0,0,8,1,0.9919,137.841,OPTIMAL,18.000000,45.0919,86.5279
2026-09-04T08:38:59.419317+00:00,0,118,reassign,static,request,10,1.0,43,1425,64,82,25,2583,0,0,9,1,0.9923,749.756,OPTIMAL,4024.000000,42.8283,79.9663
2026-09-04T08:38:59.820623+00:00,0,118,dynamic,sketch,p50,0,0.0,43,874,30,113,29,3109,0,0,59,1,0.9002,273.307,OPTIMAL,30.000000,6.4180,21.3631
2026-09-04T08:39:00.961767+00:00,0,118,dynamic+reassign,sketch,p50,10,1.0,43,866,69,110,33,3119,0,1,62,2,0.9016,1051.536,OPTIMAL,4028.000000,5.8887,22.2815
2026-09-04T08:39:03.128445+00:00,0,118,p50-1.2xalloc,sketch,p50bump,10,1.0,43,1014,68,92,38,2988,0,4,25,4,0.9864,2090.473,OPTIMAL,4024.000000,3.7536,16.0826
2026-09-04T08:39:04.719706+00:00,0,118,avg-p50p75-1.2xalloc,sketch,avgp50p75bump,10,1.0,43,1109,68,99,31,2886,0,3,22,5,0.9898,1514.567,OPTIMAL,4025.000000,6.4014,29.0449
2026-09-04T08:39:06.287535+00:00,0,118,window-avg,sketch,window,10,1.0,43,890,67,112,27,3091,0,1,63,0,0.9190,1486.511,OPTIMAL,4026.000000,8.9728,23.1050
2026-09-04T08:39:06.941310+00:00,0,118,p90,sketch,p90,10,1.0,43,1047,59,101,23,2937,0,1,43,1,0.9487,577.022,OPTIMAL,4018.000000,11.9563,15.7594
2026-09-04T08:39:07.653321+00:00,0,118,avg-epoch,sketch,avg,10,1.0,43,840,64,115,19,3135,0,0,53,0,0.9009,628.342,OPTIMAL,4024.000000,6.6424,22.0527
2026-09-04T08:39:11.694355+00:00,0,119,static,static,request,0,0.0,30,1462,20,77,22,2577,0,0,13,1,0.9919,141.381,OPTIMAL,20.000000,40.4878,87.1095
2026-09-04T08:39:12.224326+00:00,0,119,reassign,static,request,10,1.0,30,1431,47,86,17,2600,0,0,7,0,0.9923,518.147,OPTIMAL,2621.000000,43.6830,96.9310
2026-09-04T08:39:12.874913+00:00,0,119,dynamic,sketch,p50,0,0.0,30,874,30,120,23,3132,0,0,56,1,0.9004,517.330,OPTIMAL,30.000000,7.7833,23.9788
2026-09-04T08:39:13.753058+00:00,0,119,dynamic+reassign,sketch,p50,10,1.0,30,867,66,113,23,3142,0,1,56,1,0.9017,783.543,OPTIMAL,4025.000000,7.4267,27.6345
2026-09-04T08:39:15.990838+00:00,0,119,p50-1.2xalloc,sketch,p50bump,10,1.0,30,1016,69,97,24,3012,0,5,12,4,0.9864,2160.171,OPTIMAL,4024.000000,4.0462,21.0286
2026-09-04T08:39:22.614882+00:00,0,119,avg-p50p75-1.2xalloc,sketch,avgp50p75bump,10,1.0,30,1111,66,103,22,2908,0,6,8,3,0.9898,6544.621,OPTIMAL,4020.000000,5.9203,15.8389
2026-09-04T08:39:24.082848+00:00,0,119,window-avg,sketch,window,10,1.0,30,893,68,110,30,3121,0,0,54,1,0.9191,1387.419,OPTIMAL,4028.000000,8.1193,23.8551
2026-09-04T08:39:26.348159+00:00,0,119,p90,sketch,p90,10,1.0,30,1058,62,88,35,2972,0,1,36,2,0.9487,2199.878,OPTIMAL,4021.000000,12.0011,22.1999
2026-09-04T08:39:27.140711+00:00,0,119,avg-epoch,sketch,avg,10,1.0,30,846,65,109,31,3166,0,1,63,1,0.9010,712.683,OPTIMAL,4024.000000,8.4209,27.3561
2026-09-04T08:39:31.245485+00:00,0,120,static,static,request,0,0.0,37,1479,22,77,22,2599,0,0,9,0,0.9919,172.234,OPTIMAL,22.000000,40.5275,76.1227
2026-09-04T08:39:31.593895+00:00,0,120,reassign,static,request,10,1.0,37,1447,48,91,14,2614,0,0,5,0,0.9923,337.001,OPTIMAL,2919.000000,41.9936,79.2051
2026-09-04T08:39:31.943899+00:00,0,120,dynamic,sketch,p50,0,0.0,37,881,25,116,29,3161,0,0,70,1,0.9002,214.934,OPTIMAL,25.000000,8.7212,23.4506
2026-09-04T08:39:33.731885+00:00,0,120,dynamic+reassign,sketch,p50,10,1.0,37,878,67,113,27,3169,0,0,66,0,0.9016,1692.670,OPTIMAL,4027.000000,9.2585,23.4506
2026-09-04T08:39:36.153478+00:00,0,120,p50-1.2xalloc,sketch,p50bump,10,1.0,37,1024,71,109,19,3031,0,7,23,6,0.9864,2341.219,OPTIMAL,4024.000000,4.6390,19.9220
2026-09-04T08:39:37.953092+00:00,0,120,avg-p50p75-1.2xalloc,sketch,avgp50p75bump,10,1.0,37,1122,63,106,20,2928,0,4,17,2,0.9898,1718.007,OPTIMAL,4019.000000,5.5503,15.0144
2026-09-04T08:39:38.825519+00:00,0,120,window-avg,sketch,window,10,1.0,37,902,64,109,25,3146,0,0,62,0,0.9190,791.013,OPTIMAL,4024.000000,9.7774,24.2757
2026-09-04T08:39:39.587407+00:00,0,120,p90,sketch,p90,10,1.0,37,1073,64,88,24,2996,0,1,37,1,0.9486,700.112,OPTIMAL,4023.000000,13.2450,19.4962
2026-09-04T08:39:40.442491+00:00,0,120,avg-epoch,sketch,avg,10,1.0,37,858,68,113,24,3190,0,1,65,1,0.9009,775.229,OPTIMAL,4027.000000,8.9860,22.1894
2026-09-04T08:39:44.541295+00:00,0,121,static,static,request,0,0.0,31,1488,17,84,10,2609,0,0,8,0,0.9918,148.897,OPTIMAL,17.000000,45.6760,88.5770
2026-09-04T08:39:49.571035+00:00,0,121,reassign,static,request,10,1.0,31,1459,63,84,31,2645,0,0,11,0,0.9923,5017.760,OPTIMAL,3924.000000,41.6815,86.8914
2026-09-04T08:39:49.773618+00:00,0,121,dynamic,sketch,p50,0,0.0,31,887,25,117,24,3185,0,0,79,3,0.9001,83.149,OPTIMAL,25.000000,10.7890,28.2930
2026-09-04T08:39:50.473727+00:00,0,121,dynamic+reassign,sketch,p50,10,1.0,31,882,65,116,22,3191,0,0,67,0,0.9015,614.233,OPTIMAL,4025.000000,10.4247,29.0217
2026-09-04T08:39:51.416369+00:00,0,121,p50-1.2xalloc,sketch,p50bump,10,1.0,31,1024,66,115,20,3051,0,4,19,5,0.9864,859.513,OPTIMAL,4022.000000,2.8052,7.5966
2026-09-04T08:39:52.304082+00:00,0,121,avg-p50p75-1.2xalloc,sketch,avgp50p75bump,10,1.0,31,1130,65,96,35,2963,0,2,14,4,0.9897,813.980,OPTIMAL,4023.000000,6.0618,21.8246
2026-09-04T08:39:53.187139+00:00,0,121,window-avg,sketch,window,10,1.0,31,909,63,110,22,3168,0,1,64,3,0.9189,801.477,OPTIMAL,4022.000000,10.3253,24.7294
2026-09-04T08:39:54.119428+00:00,0,121,p90,sketch,p90,10,1.0,31,1080,67,91,24,3020,0,1,35,1,0.9486,867.961,OPTIMAL,4026.000000,11.2845,15.0552
2026-09-04T08:39:54.884768+00:00,0,121,avg-epoch,sketch,avg,10,1.0,31,861,64,114,23,3213,0,1,62,1,0.9008,680.480,OPTIMAL,4023.000000,10.4239,29.9584
2026-09-04T08:39:59.004969+00:00,0,122,static,static,request,0,0.0,44,1515,21,77,28,2637,0,0,8,0,0.9919,132.810,OPTIMAL,21.000000,42.6814,81.3330
2026-09-04T08:39:59.716589+00:00,0,122,reassign,static,request,10,1.0,44,1479,57,86,21,2666,0,0,6,0,0.9924,700.436,OPTIMAL,3423.000000,44.1773,81.2066
2026-09-04T08:39:59.979540+00:00,0,122,dynamic,sketch,p50,0,0.0,44,906,21,111,27,3212,0,0,70,0,0.9001,129.430,OPTIMAL,21.000000,8.4761,24.1702
2026-09-04T08:40:01.228168+00:00,0,122,dynamic+reassign,sketch,p50,10,1.0,44,901,63,108,31,3222,0,1,71,0,0.9015,1151.974,OPTIMAL,4022.000000,9.0618,24.1702
2026-09-04T08:40:02.393938+00:00,0,122,p50-1.2xalloc,sketch,p50bump,10,1.0,44,1042,65,106,34,3085,0,3,18,4,0.9864,1073.031,OPTIMAL,4022.000000,3.6922,19.1424
2026-09-04T08:40:03.810628+00:00,0,122,avg-p50p75-1.2xalloc,sketch,avgp50p75bump,10,1.0,44,1149,67,97,26,2989,0,4,11,4,0.9897,1332.402,OPTIMAL,4023.000000,5.3806,7.9442
2026-09-04T08:40:04.899451+00:00,0,122,window-avg,sketch,window,10,1.0,44,930,65,109,26,3194,0,0,55,0,0.9190,995.522,OPTIMAL,4025.000000,9.2453,20.8999
2026-09-04T08:40:07.148706+00:00,0,122,p90,sketch,p90,10,1.0,44,1097,70,104,17,3037,0,0,27,0,0.9487,2166.839,OPTIMAL,4030.000000,12.0606,14.4299
2026-09-04T08:40:08.141367+00:00,0,122,avg-epoch,sketch,avg,10,1.0,44,881,69,109,34,3247,0,0,67,0,0.9008,911.577,OPTIMAL,4029.000000,8.5608,26.1124
2026-09-04T08:40:12.231660+00:00,0,123,static,static,request,0,0.0,36,1530,23,83,17,2654,0,0,9,0,0.9919,128.458,OPTIMAL,23.000000,49.5461,101.7915
2026-09-04T08:40:12.559739+00:00,0,123,reassign,static,request,10,1.0,36,1492,52,85,22,2688,0,0,10,0,0.9924,316.717,OPTIMAL,3121.000000,46.0237,99.6279
2026-09-04T08:40:12.912809+00:00,0,123,dynamic,sketch,p50,0,0.0,36,921,27,102,36,3248,0,0,59,0,0.9002,230.946,OPTIMAL,27.000000,8.3037,26.8151
2026-09-04T08:40:13.794157+00:00,0,123,dynamic+reassign,sketch,p50,10,1.0,36,914,69,107,30,3252,0,0,53,0,0.9016,793.254,OPTIMAL,4029.000000,8.8032,28.5536
2026-09-04T08:40:16.406994+00:00,0,123,p50-1.2xalloc,sketch,p50bump,10,1.0,36,1053,69,107,28,3113,0,8,14,4,0.9863,2526.912,OPTIMAL,4021.000000,3.9349,16.7515
2026-09-04T08:40:17.828112+00:00,0,123,avg-p50p75-1.2xalloc,sketch,avgp50p75bump,10,1.0,36,1158,59,96,25,3014,0,6,15,3,0.9897,1348.844,OPTIMAL,3518.000000,5.7050,11.4569
2026-09-04T08:40:18.551163+00:00,0,123,window-avg,sketch,window,10,1.0,36,941,66,105,30,3224,0,4,46,1,0.9191,646.097,OPTIMAL,4022.000000,8.3393,24.5234
2026-09-04T08:40:19.230241+00:00,0,123,p90,sketch,p90,10,1.0,36,1103,65,106,23,3060,0,1,40,1,0.9487,603.384,OPTIMAL,4024.000000,11.6644,15.2161
2026-09-04T08:40:20.106706+00:00,0,123,avg-epoch,sketch,avg,10,1.0,36,888,64,113,20,3267,0,2,61,1,0.9007,793.688,OPTIMAL,4022.000000,10.1260,26.7672
2026-09-04T08:40:24.285727+00:00,0,124,static,static,request,0,0.0,46,1553,20,81,22,2676,0,0,7,0,0.9919,248.395,OPTIMAL,20.000000,43.6127,91.4272
2026-09-04T08:40:24.826119+00:00,0,124,reassign,static,request,10,1.0,46,1517,50,81,24,2712,0,0,5,0,0.9924,529.197,OPTIMAL,3020.000000,47.0691,97.9049
2026-09-04T08:40:25.180713+00:00,0,124,dynamic,sketch,p50,0,0.0,46,940,29,110,21,3269,0,0,52,0,0.9002,231.659,OPTIMAL,29.000000,8.8580,30.9380
2026-09-04T08:40:25.925493+00:00,0,124,dynamic+reassign,sketch,p50,10,1.0,46,931,66,113,20,3272,0,0,56,1,0.9016,649.196,OPTIMAL,4026.000000,8.0798,23.4315
2026-09-04T08:40:26.849741+00:00,0,124,p50-1.2xalloc,sketch,p50bump,10,1.0,46,1070,65,109,23,3136,0,5,18,3,0.9863,832.283,OPTIMAL,4020.000000,3.5715,13.1740
2026-09-04T08:40:32.750150+00:00,0,124,avg-p50p75-1.2xalloc,sketch,avgp50p75bump,10,1.0,46,1180,66,104,18,3032,0,5,17,5,0.9896,5814.007,OPTIMAL,4021.000000,5.9212,21.7875
2026-09-04T08:40:33.622206+00:00,0,124,window-avg,sketch,window,10,1.0,46,961,64,106,23,3247,0,0,52,0,0.9191,794.747,OPTIMAL,4024.000000,10.2489,23.9123
2026-09-04T08:40:34.430257+00:00,0,124,p90,sketch,p90,10,1.0,46,1124,62,102,26,3086,0,1,32,1,0.9488,732.146,OPTIMAL,4021.000000,11.3113,14.8734
2026-09-04T08:40:35.775334+00:00,0,124,avg-epoch,sketch,avg,10,1.0,46,910,68,112,29,3296,0,0,65,1,0.9007,1266.116,OPTIMAL,4028.000000,9.5292,26.7607
2026-09-04T08:40:39.862700+00:00,0,125,static,static,request,0,0.0,35,1568,21,76,26,2702,0,0,5,0,0.9919,142.994,OPTIMAL,21.000000,46.7992,82.0798
2026-09-04T08:40:40.264030+00:00,0,125,reassign,static,request,10,1.0,35,1532,46,84,14,2726,0,0,4,0,0.9924,390.527,OPTIMAL,2917.000000,45.7307,84.3001
2026-09-04T08:40:40.723784+00:00,0,125,dynamic,sketch,p50,0,0.0,35,946,29,114,25,3294,0,0,61,0,0.9002,329.538,OPTIMAL,29.000000,8.1058,23.8224
2026-09-04T08:40:42.114241+00:00,0,125,dynamic+reassign,sketch,p50,10,1.0,35,940,66,112,27,3299,0,0,65,1,0.9017,1298.107,OPTIMAL,4026.000000,8.1872,23.9424
2026-09-04T08:40:43.396956+00:00,0,125,p50-1.2xalloc,sketch,p50bump,10,1.0,35,1080,64,101,32,3168,0,1,24,7,0.9863,1208.066,OPTIMAL,4023.000000,1.9730,1.3973
2026-09-04T08:40:43.834572+00:00,0,125,avg-p50p75-1.2xalloc,sketch,avgp50p75bump,10,1.0,35,1189,45,100,19,3051,0,8,35,7,0.9896,354.725,OPTIMAL,3007.000000,7.6634,26.9629
2026-09-04T08:40:45.160538+00:00,0,125,window-avg,sketch,window,10,1.0,35,972,66,107,25,3272,0,0,52,0,0.9191,1248.448,OPTIMAL,4026.000000,10.8548,28.5480
2026-09-04T08:40:46.292313+00:00,0,125,p90,sketch,p90,10,1.0,35,1137,67,102,27,3113,0,1,45,0,0.9487,1060.149,OPTIMAL,4026.000000,11.1566,16.0220
2026-09-04T08:40:47.104195+00:00,0,125,avg-epoch,sketch,avg,10,1.0,35,917,65,116,21,3317,0,1,67,1,0.9006,726.293,OPTIMAL,4024.000000,11.1138,29.3698
2026-09-04T08:40:51.215669+00:00,0,126,static,static,request,0,0.0,32,1579,20,79,17,2719,0,0,9,1,0.9919,214.804,OPTIMAL,20.000000,41.7896,80.0482
2026-09-04T08:40:52.690065+00:00,0,126,reassign,static,request,10,1.0,32,1547,60,83,21,2747,0,0,11,1,0.9924,1463.241,OPTIMAL,4020.000000,43.9660,89.5623
2026-09-04T08:40:52.995664+00:00,0,126,dynamic,sketch,p50,0,0.0,32,949,23,115,22,3316,0,0,60,2,0.9002,180.713,OPTIMAL,23.000000,9.0704,27.7493
2026-09-04T08:40:53.486174+00:00,0,126,dynamic+reassign,sketch,p50,10,1.0,32,946,59,110,23,3322,0,1,64,2,0.9017,406.730,OPTIMAL,3820.000000,8.5705,26.1978
2026-09-04T08:40:54.561298+00:00,0,126,p50-1.2xalloc,sketch,p50bump,10,1.0,32,1088,64,103,22,3190,0,5,15,3,0.9862,1000.508,OPTIMAL,4019.000000,2.7956,4.7893
2026-09-04T08:40:57.088694+00:00,0,126,avg-p50p75-1.2xalloc,sketch,avgp50p75bump,10,1.0,32,1206,65,92,33,3084,0,1,5,1,0.9896,2454.595,OPTIMAL,4024.000000,5.9927,15.3015
2026-09-04T08:40:58.098745+00:00,0,126,window-avg,sketch,window,10,1.0,32,978,67,108,26,3298,0,0,57,1,0.9190,933.668,OPTIMAL,4027.000000,8.5660,22.6806
2026-09-04T08:40:58.785862+00:00,0,126,p90,sketch,p90,10,1.0,32,1142,68,108,22,3135,0,1,28,0,0.9489,620.548,OPTIMAL,4027.000000,10.9130,14.6161
2026-09-04T08:40:59.471726+00:00,0,126,avg-epoch,sketch,avg,10,1.0,32,924,65,111,30,3347,0,1,73,2,0.9005,605.465,OPTIMAL,4024.000000,9.1068,23.0823
2026-09-04T08:41:03.394368+00:00,0,127,static,static,request,0,0.0,30,1589,17,85,11,2730,0,0,6,0,0.9919,96.706,OPTIMAL,17.000000,49.5521,104.6199
2026-09-04T08:41:05.128826+00:00,0,127,reassign,static,request,10,1.0,30,1557,61,81,23,2770,0,0,6,0,0.9924,1723.422,OPTIMAL,4021.000000,54.1730,106.9947
2026-09-04T08:41:05.487191+00:00,0,127,dynamic,sketch,p50,0,0.0,30,956,24,109,30,3346,0,0,62,1,0.9003,202.186,OPTIMAL,24.000000,7.2873,21.2655
2026-09-04T08:41:06.283483+00:00,0,127,dynamic+reassign,sketch,p50,10,1.0,30,955,65,107,28,3350,0,0,58,0,0.9017,718.544,OPTIMAL,4025.000000,7.6390,23.2065
2026-09-04T08:41:07.111825+00:00,0,127,p50-1.2xalloc,sketch,p50bump,10,1.0,30,1094,62,103,22,3212,0,4,13,4,0.9862,752.403,OPTIMAL,4018.000000,2.3907,1.4685
2026-09-04T08:41:07.835753+00:00,0,127,avg-p50p75-1.2xalloc,sketch,avgp50p75bump,10,1.0,30,1211,59,90,23,3107,0,4,9,2,0.9896,657.333,OPTIMAL,3817.000000,7.1362,24.0107
2026-09-04T08:41:09.320488+00:00,0,127,window-avg,sketch,window,10,1.0,30,981,59,107,20,3318,0,3,49,1,0.9191,1408.365,OPTIMAL,4016.000000,9.1560,23.5744
2026-09-04T08:41:10.035512+00:00,0,127,p90,sketch,p90,10,1.0,30,1144,62,102,28,3163,0,1,39,2,0.9490,644.410,OPTIMAL,4021.000000,11.6433,15.1086
2026-09-04T08:41:11.921760+00:00,0,127,avg-epoch,sketch,avg,10,1.0,30,929,61,107,25,3372,0,1,68,2,0.9006,1806.960,OPTIMAL,4020.000000,8.7159,23.4063
2026-09-04T08:41:15.845391+00:00,0,128,static,static,request,0,0.0,31,1603,20,82,23,2753,0,0,3,0,0.9920,134.285,OPTIMAL,20.000000,47.3247,88.3310
2026-09-04T08:41:16.288908+00:00,0,128,reassign,static,request,10,1.0,31,1567,57,84,18,2788,0,0,7,0,0.9925,432.704,OPTIMAL,3621.000000,46.0332,88.3310
2026-09-04T08:41:16.621535+00:00,0,128,dynamic,sketch,p50,0,0.0,31,963,21,109,21,3367,0,0,60,2,0.9003,202.087,OPTIMAL,21.000000,9.8368,28.7874
2026-09-04T08:41:17.676303+00:00,0,128,dynamic+reassign,sketch,p50,10,1.0,31,961,62,104,25,3375,0,0,59,1,0.9016,961.833,OPTIMAL,4022.000000,9.3092,26.0527
2026-09-04T08:41:20.201428+00:00,0,128,p50-1.2xalloc,sketch,p50bump,10,1.0,31,1103,65,96,32,3244,0,4,18,4,0.9862,2442.816,OPTIMAL,4021.000000,3.2674,12.6602
2026-09-04T08:41:21.113909+00:00,0,128,avg-p50p75-1.2xalloc,sketch,avgp50p75bump,10,1.0,31,1221,68,92,26,3133,0,7,10,3,0.9896,846.414,OPTIMAL,4021.000000,7.8163,26.9604
2026-09-04T08:41:22.097114+00:00,0,128,window-avg,sketch,window,10,1.0,31,993,65,103,29,3347,0,3,57,0,0.9190,907.865,OPTIMAL,4022.000000,10.9087,26.0787
2026-09-04T08:41:22.951939+00:00,0,128,p90,sketch,p90,10,1.0,31,1153,67,103,26,3189,0,0,32,0,0.9491,782.062,OPTIMAL,4027.000000,10.7081,14.5639
2026-09-04T08:41:23.548545+00:00,0,128,avg-epoch,sketch,avg,10,1.0,31,939,60,104,23,3395,0,0,66,1,0.9006,518.261,OPTIMAL,4020.000000,9.9950,31.1772
2026-09-04T08:41:27.605427+00:00,0,129,static,static,request,0,0.0,32,1615,21,82,21,2774,0,0,6,0,0.9920,99.243,OPTIMAL,21.000000,54.2829,96.4957
2026-09-04T08:41:28.110981+00:00,0,129,reassign,static,request,10,1.0,32,1578,48,84,18,2806,0,0,3,0,0.9925,494.394,OPTIMAL,3018.000000,50.8567,95.0385
2026-09-04T08:41:40.473722+00:00,0,129,dynamic,sketch,p50,0,0.0,32,974,23,104,28,3395,0,0,72,2,0.9002,12213.275,OPTIMAL,23.000000,8.8634,25.4019
2026-09-04T08:41:41.107134+00:00,0,129,dynamic+reassign,sketch,p50,10,1.0,32,971,61,104,21,3396,0,0,63,1,0.9016,548.869,OPTIMAL,4021.000000,8.7177,25.4019
2026-09-04T08:41:42.029542+00:00,0,129,p50-1.2xalloc,sketch,p50bump,10,1.0,32,1110,66,98,24,3268,0,2,16,4,0.9862,850.484,OPTIMAL,4024.000000,2.9514,1.8118
2026-09-04T08:41:48.119742+00:00,0,129,avg-p50p75-1.2xalloc,sketch,avgp50p75bump,10,1.0,32,1225,63,94,21,3154,0,5,18,4,0.9896,6019.637,OPTIMAL,4018.000000,8.6759,28.3727
2026-09-04T08:41:48.817729+00:00,0,129,window-avg,sketch,window,10,1.0,32,1000,62,101,24,3371,0,1,56,0,0.9190,622.227,OPTIMAL,4021.000000,9.5878,22.8157
2026-09-04T08:41:50.000175+00:00,0,129,p90,sketch,p90,10,1.0,32,1158,67,107,23,3212,0,1,46,1,0.9490,1107.346,OPTIMAL,4026.000000,12.2136,21.0748
2026-09-04T08:41:51.690793+00:00,0,129,avg-epoch,sketch,avg,10,1.0,32,951,63,93,34,3429,0,0,68,1,0.9004,1620.761,OPTIMAL,4023.000000,9.9178,27.1382
2026-09-04T08:41:55.792041+00:00,0,130,static,static,request,0,0.0,27,1621,21,86,17,2791,0,0,10,0,0.9920,148.485,OPTIMAL,21.000000,54.5683,95.8185
2026-09-04T08:41:56.339849+00:00,0,130,reassign,static,request,10,1.0,27,1587,50,82,20,2826,0,0,11,1,0.9925,536.590,OPTIMAL,3218.000000,43.5102,88.5930
2026-09-04T08:41:56.651013+00:00,0,130,dynamic,sketch,p50,0,0.0,27,978,25,98,31,3426,0,0,63,1,0.9000,190.847,OPTIMAL,25.000000,11.5091,34.0502
2026-09-04T08:41:57.720893+00:00,0,130,dynamic+reassign,sketch,p50,10,1.0,27,977,66,94,36,3432,0,0,66,0,0.9014,990.982,OPTIMAL,4026.000000,10.7192,34.2290
2026-09-04T08:41:59.150433+00:00,0,130,p50-1.2xalloc,sketch,p50bump,10,1.0,27,1111,66,101,23,3291,0,4,11,3,0.9863,1351.889,OPTIMAL,4022.000000,2.3447,1.3567
2026-09-04T08:42:01.805848+00:00,0,130,avg-p50p75-1.2xalloc,sketch,avgp50p75bump,10,1.0,27,1229,68,96,26,3180,0,2,10,2,0.9896,2578.130,OPTIMAL,4026.000000,4.0150,3.4310
2026-09-04T08:42:03.189515+00:00,0,130,window-avg,sketch,window,10,1.0,27,1005,61,104,18,3389,0,2,60,0,0.9189,1310.456,OPTIMAL,4019.000000,11.2294,24.5157
2026-09-04T08:42:04.019728+00:00,0,130,p90,sketch,p90,10,1.0,27,1158,64,103,28,3240,0,0,38,1,0.9491,758.356,OPTIMAL,4024.000000,10.7994,15.0525
2026-09-04T08:42:05.690310+00:00,0,130,avg-epoch,sketch,avg,10,1.0,27,955,68,92,29,3458,0,0,53,0,0.9003,1608.103,OPTIMAL,4028.000000,9.3687,26.9713
2026-09-04T08:42:09.727684+00:00,0,131,static,static,request,0,0.0,33,1633,20,84,22,2813,0,0,9,0,0.9920,145.749,OPTIMAL,20.000000,45.5062,79.7076
2026-09-04T08:42:10.666644+00:00,0,131,reassign,static,request,10,1.0,33,1602,62,79,25,2851,0,0,9,0,0.9925,927.949,OPTIMAL,4022.000000,45.9085,83.4157
2026-09-04T08:42:10.901097+00:00,0,131,dynamic,sketch,p50,0,0.0,33,986,27,96,29,3455,0,0,51,0,0.9000,117.817,OPTIMAL,27.000000,6.9870,22.3822
2026-09-04T08:42:12.166137+00:00,0,131,dynamic+reassign,sketch,p50,10,1.0,33,984,68,97,25,3457,0,0,50,0,0.9014,1187.039,OPTIMAL,4028.000000,7.6425,22.9884
2026-09-04T08:42:13.186435+00:00,0,131,p50-1.2xalloc,sketch,p50bump,10,1.0,33,1118,53,105,16,3307,0,4,22,4,0.9862,936.913,OPTIMAL,3316.000000,3.7943,18.7804
2026-09-04T08:42:14.142215+00:00,0,131,avg-p50p75-1.2xalloc,sketch,avgp50p75bump,10,1.0,33,1234,57,104,13,3193,0,4,12,4,0.9895,880.984,OPTIMAL,3617.000000,5.8230,6.1638
2026-09-04T08:42:15.275250+00:00,0,131,window-avg,sketch,window,10,1.0,33,1017,66,96,34,3423,0,0,53,0,0.9189,1063.437,OPTIMAL,4026.000000,12.3487,30.8931
2026-09-04T08:42:15.980582+00:00,0,131,p90,sketch,p90,10,1.0,33,1167,66,103,26,3266,0,0,42,0,0.9492,632.550,OPTIMAL,4026.000000,10.3591,15.0945
2026-09-04T08:42:16.910685+00:00,0,131,avg-epoch,sketch,avg,10,1.0,33,960,68,102,18,3476,0,0,46,0,0.9005,860.145,OPTIMAL,4028.000000,6.2290,16.1189
2026-09-04T08:42:20.895008+00:00,0,132,static,static,request,0,0.0,34,1647,17,83,18,2831,0,0,13,1,0.9920,93.724,OPTIMAL,17.000000,44.9407,98.1958
2026-09-04T08:42:21.305556+00:00,0,132,reassign,static,request,10,1.0,34,1614,56,84,16,2867,0,0,8,0,0.9925,399.937,OPTIMAL,3521.000000,50.6472,105.2410
2026-09-04T08:42:21.533170+00:00,0,132,dynamic,sketch,p50,0,0.0,34,993,28,103,21,3476,0,0,44,1,0.9001,107.655,OPTIMAL,28.000000,7.2195,22.1752
2026-09-04T08:42:22.734285+00:00,0,132,dynamic+reassign,sketch,p50,10,1.0,34,990,68,105,20,3477,0,0,43,1,0.9014,1118.363,OPTIMAL,4028.000000,7.3841,23.9986
2026-09-04T08:42:23.600856+00:00,0,132,p50-1.2xalloc,sketch,p50bump,10,1.0,34,1132,52,92,33,3340,0,5,20,4,0.9861,785.715,OPTIMAL,3215.000000,5.5446,24.7497
2026-09-04T08:42:25.149606+00:00,0,132,avg-p50p75-1.2xalloc,sketch,avgp50p75bump,10,1.0,34,1247,59,98,25,3218,0,2,26,5,0.9894,1465.631,OPTIMAL,4017.000000,4.1040,3.5957
2026-09-04T08:42:26.568653+00:00,0,132,window-avg,sketch,window,10,1.0,34,1025,69,97,28,3451,0,1,52,2,0.9187,1338.836,OPTIMAL,4028.000000,9.0232,22.1063
2026-09-04T08:42:28.308526+00:00,0,132,p90,sketch,p90,10,1.0,34,1175,67,106,24,3290,0,1,34,1,0.9492,1652.733,OPTIMAL,4026.000000,10.9898,14.4433
2026-09-04T08:42:30.040311+00:00,0,132,avg-epoch,sketch,avg,10,1.0,34,966,69,113,18,3494,0,1,55,1,0.9005,1648.578,OPTIMAL,4028.000000,8.4148,20.6522
2026-09-04T08:42:34.190302+00:00,0,133,static,static,request,0,0.0,43,1673,20,81,22,2853,0,0,8,0,0.9920,208.212,OPTIMAL,20.000000,46.7140,95.0738
2026-09-04T08:42:35.227667+00:00,0,133,reassign,static,request,10,1.0,43,1636,54,83,24,2891,0,0,12,1,0.9925,1025.249,OPTIMAL,3123.000000,42.1621,83.1870
2026-09-04T08:42:35.578240+00:00,0,133,dynamic,sketch,p50,0,0.0,43,1008,28,115,16,3492,0,0,51,0,0.9002,165.048,OPTIMAL,28.000000,7.0395,20.0612
2026-09-04T08:42:37.800513+00:00,0,133,dynamic+reassign,sketch,p50,10,1.0,43,1005,68,114,19,3496,0,1,50,0,0.9016,2145.055,OPTIMAL,4027.000000,6.4570,17.6927
2026-09-04T08:42:39.848905+00:00,0,133,p50-1.2xalloc,sketch,p50bump,10,1.0,43,1155,65,97,20,3360,0,6,14,3,0.9862,1976.339,OPTIMAL,4019.000000,3.2267,4.0263
2026-09-04T08:42:41.808492+00:00,0,133,avg-p50p75-1.2xalloc,sketch,avgp50p75bump,10,1.0,43,1271,65,90,33,3251,0,5,12,2,0.9895,1892.625,OPTIMAL,4020.000000,7.4520,23.2082
2026-09-04T08:42:42.623936+00:00,0,133,window-avg,sketch,window,10,1.0,43,1039,69,105,21,3472,0,0,47,1,0.9187,741.759,OPTIMAL,4029.000000,8.3010,21.3238
2026-09-04T08:42:43.704570+00:00,0,133,p90,sketch,p90,10,1.0,43,1191,65,109,22,3312,0,1,46,0,0.9492,1002.096,OPTIMAL,4024.000000,11.9031,16.5431
2026-09-04T08:42:44.538839+00:00,0,133,avg-epoch,sketch,avg,10,1.0,43,980,70,122,21,3515,0,1,62,1,0.9007,748.261,OPTIMAL,4029.000000,8.0520,19.3439
2026-09-04T08:42:48.592411+00:00,0,134,static,static,request,0,0.0,37,1690,21,82,20,2873,0,0,6,0,0.9920,129.852,OPTIMAL,21.000000,48.2469,102.9501
2026-09-04T08:42:49.030808+00:00,0,134,reassign,static,request,10,1.0,37,1650,53,91,14,2905,0,0,6,0,0.9925,427.373,OPTIMAL,3122.000000,45.3828,81.6453
2026-09-04T08:42:49.369918+00:00,0,134,dynamic,sketch,p50,0,0.0,37,1017,29,119,25,3517,0,0,58,0,0.9003,200.664,OPTIMAL,29.000000,6.8088,22.8679
2026-09-04T08:42:50.036893+00:00,0,134,dynamic+reassign,sketch,p50,10,1.0,37,1014,70,119,25,3521,0,0,57,0,0.9017,568.731,OPTIMAL,4030.000000,7.1618,23.1901
2026-09-04T08:42:52.001774+00:00,0,134,p50-1.2xalloc,sketch,p50bump,10,1.0,37,1167,61,92,26,3386,0,2,17,4,0.9861,1883.753,OPTIMAL,4019.000000,3.9223,18.9805
2026-09-04T08:42:52.850440+00:00,0,134,avg-p50p75-1.2xalloc,sketch,avgp50p75bump,10,1.0,37,1283,67,96,21,3272,0,1,2,0,0.9895,775.817,OPTIMAL,4026.000000,4.0482,3.5740
2026-09-04T08:42:54.102626+00:00,0,134,window-avg,sketch,window,10,1.0,37,1047,70,116,19,3491,0,0,48,0,0.9188,1170.568,OPTIMAL,4030.000000,8.9978,21.7254
2026-09-04T08:42:54.937880+00:00,0,134,p90,sketch,p90,10,1.0,37,1203,63,100,32,3344,0,0,49,1,0.9492,761.749,OPTIMAL,4023.000000,12.3240,18.6499
2026-09-04T08:42:56.863212+00:00,0,134,avg-epoch,sketch,avg,10,1.0,37,987,69,121,30,3545,0,0,68,2,0.9008,1838.512,OPTIMAL,4029.000000,8.1844,22.7814
2026-09-04T08:43:01.073109+00:00,0,135,static,static,request,0,0.0,38,1707,27,84,25,2898,0,0,6,0,0.9920,249.998,OPTIMAL,27.000000,43.5220,87.1657
2026-09-04T08:43:01.371646+00:00,0,135,reassign,static,request,10,1.0,38,1666,52,93,17,2922,0,0,9,0,0.9924,286.384,OPTIMAL,3319.000000,44.6224,80.2309
2026-09-04T08:43:01.678985+00:00,0,135,dynamic,sketch,p50,0,0.0,38,1026,29,121,27,3544,0,0,64,2,0.9004,144.609,OPTIMAL,29.000000,7.7699,19.6594
2026-09-04T08:43:02.656975+00:00,0,135,dynamic+reassign,sketch,p50,10,1.0,38,1022,69,122,26,3547,0,1,61,1,0.9018,873.521,OPTIMAL,4028.000000,7.1835,19.1938
2026-09-04T08:43:03.542379+00:00,0,135,p50-1.2xalloc,sketch,p50bump,10,1.0,38,1184,58,92,18,3404,0,2,14,3,0.9862,802.247,OPTIMAL,4016.000000,3.3906,17.5796
2026-09-04T08:43:04.608324+00:00,0,135,avg-p50p75-1.2xalloc,sketch,avgp50p75bump,10,1.0,38,1294,61,99,22,3294,0,4,4,0,0.9896,981.963,OPTIMAL,3621.000000,6.2617,18.3260
2026-09-04T08:43:05.539035+00:00,0,135,window-avg,sketch,window,10,1.0,38,1055,67,120,23,3514,0,1,55,1,0.9188,828.496,OPTIMAL,4026.000000,9.3886,21.9355
2026-09-04T08:43:06.123884+00:00,0,135,p90,sketch,p90,10,1.0,38,1218,58,101,17,3361,0,0,34,0,0.9493,507.289,OPTIMAL,4018.000000,11.1606,14.7723
2026-09-04T08:43:06.975036+00:00,0,135,avg-epoch,sketch,avg,10,1.0,38,996,69,124,26,3571,0,1,71,2,0.9008,762.195,OPTIMAL,4028.000000,8.7041,19.9589
2026-09-04T08:43:11.078328+00:00,0,136,static,static,request,0,0.0,29,1709,22,92,14,2912,0,0,5,0,0.9921,152.771,OPTIMAL,22.000000,43.8835,85.9908
2026-09-04T08:43:11.795013+00:00,0,136,reassign,static,request,10,1.0,29,1676,61,83,31,2953,0,0,8,0,0.9925,704.409,OPTIMAL,4021.000000,41.5713,84.0215
2026-09-04T08:43:13.289409+00:00,0,136,dynamic,sketch,p50,0,0.0,29,1026,28,125,24,3568,0,0,63,2,0.9003,1349.172,OPTIMAL,28.000000,8.9267,26.7817
2026-09-04T08:43:14.903498+00:00,0,136,dynamic+reassign,sketch,p50,10,1.0,29,1022,68,127,23,3570,0,2,63,1,0.9018,1516.495,OPTIMAL,4026.000000,8.5572,26.7817
2026-09-04T08:43:15.887870+00:00,0,136,p50-1.2xalloc,sketch,p50bump,10,1.0,29,1195,65,82,35,3439,0,2,4,2,0.9862,925.712,OPTIMAL,4023.000000,2.8072,1.7901
2026-09-04T08:43:16.667980+00:00,0,136,avg-p50p75-1.2xalloc,sketch,avgp50p75bump,10,1.0,29,1298,66,104,21,3315,0,7,6,3,0.9896,703.083,OPTIMAL,4019.000000,5.0290,3.9118
2026-09-04T08:43:17.452576+00:00,0,136,window-avg,sketch,window,10,1.0,29,1057,70,122,28,3542,0,2,56,1,0.9189,696.577,OPTIMAL,4028.000000,8.7874,19.3772
2026-09-04T08:43:18.965531+00:00,0,136,p90,sketch,p90,10,1.0,29,1229,61,98,24,3385,0,1,40,0,0.9493,1439.962,OPTIMAL,4020.000000,10.9029,15.1790
2026-09-04T08:43:20.552798+00:00,0,136,avg-epoch,sketch,avg,10,1.0,29,996,66,125,25,3596,0,0,68,0,0.9009,1493.557,OPTIMAL,4026.000000,8.9197,26.7557
2026-09-04T08:43:24.731017+00:00,0,137,static,static,request,0,0.0,30,1717,19,88,23,2935,0,0,6,0,0.9921,213.819,OPTIMAL,19.000000,44.8165,92.3317
2026-09-04T08:43:25.550346+00:00,0,137,reassign,static,request,10,1.0,30,1685,63,79,27,2980,0,0,7,0,0.9925,808.278,OPTIMAL,4023.000000,43.0774,93.5051
2026-09-04T08:43:25.837978+00:00,0,137,dynamic,sketch,p50,0,0.0,30,1028,25,119,31,3599,0,0,70,1,0.9001,149.262,OPTIMAL,25.000000,9.4990,28.7145
2026-09-04T08:43:26.984372+00:00,0,137,dynamic+reassign,sketch,p50,10,1.0,30,1024,67,120,34,3604,0,1,75,1,0.9017,1043.087,OPTIMAL,4026.000000,9.4198,27.5415
2026-09-04T08:43:29.483730+00:00,0,137,p50-1.2xalloc,sketch,p50bump,10,1.0,30,1200,71,89,24,3463,0,4,8,1,0.9862,2430.250,OPTIMAL,4027.000000,2.3103,1.5212
2026-09-04T08:43:30.754282+00:00,0,137,avg-p50p75-1.2xalloc,sketch,avgp50p75bump,10,1.0,30,1302,46,95,27,3342,0,9,19,5,0.9895,1193.968,OPTIMAL,2809.000000,8.4809,28.1080
2026-09-04T08:43:31.949669+00:00,0,137,window-avg,sketch,window,10,1.0,30,1057,69,123,28,3570,0,0,71,1,0.9189,1105.355,OPTIMAL,4029.000000,9.7369,23.1563
2026-09-04T08:43:32.886414+00:00,0,137,p90,sketch,p90,10,1.0,30,1238,61,91,28,3413,0,2,41,2,0.9493,867.847,OPTIMAL,4019.000000,11.2588,15.0493
2026-09-04T08:43:33.590006+00:00,0,137,avg-epoch,sketch,avg,10,1.0,30,1000,68,123,30,3626,0,1,77,1,0.9008,613.665,OPTIMAL,4027.000000,10.0111,25.5935
2026-09-04T08:43:37.708739+00:00,0,138,static,static,request,0,0.0,29,1727,21,85,24,2959,0,0,7,0,0.9921,206.809,OPTIMAL,21.000000,46.3622,89.8468
2026-09-04T08:43:38.096386+00:00,0,138,reassign,static,request,10,1.0,29,1691,58,83,18,2998,0,0,12,1,0.9924,376.933,OPTIMAL,3622.000000,41.1782,78.6547
2026-09-04T08:43:38.505168+00:00,0,138,dynamic,sketch,p50,0,0.0,29,1032,25,120,24,3623,0,0,68,0,0.9001,263.219,OPTIMAL,25.000000,8.5307,26.1506
2026-09-04T08:43:39.938410+00:00,0,138,dynamic+reassign,sketch,p50,10,1.0,29,1026,64,120,24,3628,0,1,68,0,0.9017,1328.068,OPTIMAL,4023.000000,8.7221,26.8067
2026-09-04T08:43:40.734259+00:00,0,138,p50-1.2xalloc,sketch,p50bump,10,1.0,29,1198,56,100,14,3477,0,3,8,2,0.9863,711.279,OPTIMAL,3122.000000,3.8004,22.4526
2026-09-04T08:43:43.287426+00:00,0,138,avg-p50p75-1.2xalloc,sketch,avgp50p75bump,10,1.0,29,1313,67,97,25,3367,0,2,1,0,0.9896,2471.158,OPTIMAL,4025.000000,6.2940,24.9756
2026-09-04T08:43:44.083461+00:00,0,138,window-avg,sketch,window,10,1.0,29,1057,65,120,28,3598,0,2,58,0,0.9189,705.968,OPTIMAL,4023.000000,10.1138,27.5048
2026-09-04T08:43:46.897612+00:00,0,138,p90,sketch,p90,10,1.0,29,1246,65,84,32,3445,0,0,31,0,0.9492,2754.543,OPTIMAL,4025.000000,11.7696,15.4747
2026-09-04T08:43:47.572398+00:00,0,138,avg-epoch,sketch,avg,10,1.0,29,1001,61,117,27,3653,0,0,72,0,0.9008,585.204,OPTIMAL,4021.000000,9.3914,26.3733
2026-09-04T08:43:51.654420+00:00,0,139,static,static,request,0,0.0,32,1738,23,81,27,2986,0,0,9,0,0.9921,162.232,OPTIMAL,23.000000,45.4719,100.2601
2026-09-04T08:43:52.465798+00:00,0,139,reassign,static,request,10,1.0,32,1701,57,83,23,3021,0,0,8,0,0.9924,800.197,OPTIMAL,3423.000000,43.7382,95.9944
2026-09-04T08:43:52.811861+00:00,0,139,dynamic,sketch,p50,0,0.0,32,1039,25,115,30,3653,0,0,61,1,0.9001,206.785,OPTIMAL,25.000000,8.2185,27.1939
2026-09-04T08:43:55.490907+00:00,0,139,dynamic+reassign,sketch,p50,10,1.0,32,1034,65,116,29,3657,0,1,62,1,0.9017,2578.605,OPTIMAL,4024.000000,7.9055,26.7470
2026-09-04T08:43:56.988345+00:00,0,139,p50-1.2xalloc,sketch,p50bump,10,1.0,32,1205,69,108,21,3498,0,3,17,4,0.9863,1421.115,OPTIMAL,4026.000000,2.7242,1.8330
2026-09-04T08:43:57.412913+00:00,0,139,avg-p50p75-1.2xalloc,sketch,avgp50p75bump,10,1.0,32,1318,46,92,21,3388,0,7,14,3,0.9896,349.960,OPTIMAL,3009.000000,9.6091,28.0092
2026-09-04T08:43:58.129616+00:00,0,139,window-avg,sketch,window,10,1.0,32,1064,68,120,28,3626,0,0,55,0,0.9190,629.037,OPTIMAL,4028.000000,9.3577,25.4338
2026-09-04T08:43:59.073354+00:00,0,139,p90,sketch,p90,10,1.0,32,1253,66,90,20,3465,0,1,34,1,0.9492,881.643,OPTIMAL,4025.000000,10.9799,15.5371
2026-09-04T08:43:59.676571+00:00,0,139,avg-epoch,sketch,avg,10,1.0,32,1012,62,114,25,3678,0,1,68,1,0.9007,517.139,OPTIMAL,4021.000000,8.5401,23.9747
2026-09-04T08:44:03.762263+00:00,0,140,static,static,request,0,0.0,30,1745,24,83,22,3008,0,0,12,1,0.9921,123.267,OPTIMAL,24.000000,46.4350,95.1640
2026-09-04T08:44:05.475022+00:00,0,140,reassign,static,request,10,1.0,30,1708,52,94,14,3035,0,0,11,1,0.9924,1701.728,OPTIMAL,2725.000000,39.1077,76.7004
2026-09-04T08:44:05.678045+00:00,0,140,dynamic,sketch,p50,0,0.0,30,1044,19,111,23,3676,0,0,67,1,0.9001,81.296,OPTIMAL,19.000000,7.9209,26.2957
2026-09-04T08:44:06.314106+00:00,0,140,dynamic+reassign,sketch,p50,10,1.0,30,1039,63,115,24,3681,0,2,69,1,0.9017,547.081,OPTIMAL,4021.000000,8.3253,26.9746
2026-09-04T08:44:07.080842+00:00,0,140,p50-1.2xalloc,sketch,p50bump,10,1.0,30,1206,66,111,23,3521,0,6,15,4,0.9863,685.773,OPTIMAL,4020.000000,4.4402,20.1752
2026-09-04T08:44:07.663644+00:00,0,140,avg-p50p75-1.2xalloc,sketch,avgp50p75bump,10,1.0,30,1332,57,86,23,3411,0,4,10,2,0.9896,514.142,OPTIMAL,4013.000000,7.5263,29.4373
2026-09-04T08:44:08.530407+00:00,0,140,window-avg,sketch,window,10,1.0,30,1066,64,117,27,3653,0,0,61,1,0.9190,776.653,OPTIMAL,4024.000000,10.3570,27.0345
2026-09-04T08:44:09.130971+00:00,0,140,p90,sketch,p90,10,1.0,30,1257,64,100,15,3480,0,1,34,1,0.9492,528.583,OPTIMAL,3924.000000,11.4086,16.1967
2026-09-04T08:44:09.752982+00:00,0,140,avg-epoch,sketch,avg,10,1.0,30,1020,64,104,34,3712,0,0,77,2,0.9007,544.669,OPTIMAL,4024.000000,8.8273,24.5310
2026-09-04T08:44:14.000341+00:00,0,141,static,static,request,0,0.0,28,1749,23,88,18,3026,0,0,13,0,0.9921,272.595,OPTIMAL,23.000000,43.3774,83.2599
2026-09-04T08:44:14.359039+00:00,0,141,reassign,static,request,10,1.0,28,1711,54,92,23,3058,0,0,14,1,0.9923,346.253,OPTIMAL,3321.000000,42.7441,86.9136
2026-09-04T08:44:15.047107+00:00,0,141,dynamic,sketch,p50,0,0.0,28,1053,25,107,29,3705,0,0,66,0,0.9000,557.162,OPTIMAL,25.000000,9.6309,23.3870
2026-09-04T08:44:16.019925+00:00,0,141,dynamic+reassign,sketch,p50,10,1.0,28,1044,63,106,32,3713,0,0,67,1,0.9017,880.019,OPTIMAL,4023.000000,8.6652,24.7126
2026-09-04T08:44:17.781822+00:00,0,141,p50-1.2xalloc,sketch,p50bump,10,1.0,28,1208,70,111,30,3551,0,5,15,3,0.9863,1670.318,OPTIMAL,4025.000000,3.3859,12.0011
2026-09-04T08:44:21.013859+00:00,0,141,avg-p50p75-1.2xalloc,sketch,avgp50p75bump,10,1.0,28,1343,64,77,33,3444,0,5,13,3,0.9895,3172.394,OPTIMAL,4019.000000,7.3370,26.5444
2026-09-04T08:44:21.664236+00:00,0,141,window-avg,sketch,window,10,1.0,28,1070,62,115,24,3677,0,5,70,2,0.9189,561.734,OPTIMAL,4017.000000,11.5620,27.7004
2026-09-04T08:44:22.521440+00:00,0,141,p90,sketch,p90,10,1.0,28,1260,67,106,21,3501,0,0,36,0,0.9492,781.356,OPTIMAL,4027.000000,11.8601,18.2385
2026-09-04T08:44:23.312183+00:00,0,141,avg-epoch,sketch,avg,10,1.0,28,1024,65,106,23,3735,0,2,59,2,0.9007,714.925,OPTIMAL,4023.000000,8.8230,23.4478
2026-09-04T08:44:27.674789+00:00,0,142,static,static,request,0,0.0,27,1753,22,97,13,3039,0,0,8,0,0.9921,424.199,OPTIMAL,22.000000,43.9580,74.0286
2026-09-04T08:44:28.321692+00:00,0,142,reassign,static,request,10,1.0,27,1717,59,90,23,3081,0,0,13,1,0.9923,634.771,OPTIMAL,3821.000000,40.9151,79.0733
2026-09-04T08:44:28.574182+00:00,0,142,dynamic,sketch,p50,0,0.0,27,1055,24,102,29,3734,0,0,69,1,0.8999,136.755,OPTIMAL,24.000000,10.0777,22.6149
2026-09-04T08:44:30.203953+00:00,0,142,dynamic+reassign,sketch,p50,10,1.0,27,1048,63,103,26,3739,0,1,65,4,0.9015,1551.518,OPTIMAL,4022.000000,9.6954,23.6314
2026-09-04T08:44:32.834275+00:00,0,142,p50-1.2xalloc,sketch,p50bump,10,1.0,27,1205,70,118,23,3574,0,3,11,3,0.9864,2546.629,OPTIMAL,4027.000000,1.5691,1.2055
2026-09-04T08:44:33.596683+00:00,0,142,avg-p50p75-1.2xalloc,sketch,avgp50p75bump,10,1.0,27,1346,68,86,19,3463,0,0,7,1,0.9895,703.197,OPTIMAL,4028.000000,5.1846,3.8540
2026-09-04T08:44:34.324637+00:00,0,142,window-avg,sketch,window,10,1.0,27,1075,64,108,31,3708,0,0,71,1,0.9187,648.056,OPTIMAL,4024.000000,11.2474,24.6297
2026-09-04T08:44:35.111210+00:00,0,142,p90,sketch,p90,10,1.0,27,1260,67,112,21,3522,0,0,39,0,0.9492,713.557,OPTIMAL,4027.000000,11.9048,15.6192
2026-09-04T08:44:35.985539+00:00,0,142,avg-epoch,sketch,avg,10,1.0,27,1026,64,103,27,3762,0,1,66,2,0.9006,795.678,OPTIMAL,4023.000000,8.9084,22.6710
2026-09-04T08:44:40.299706+00:00,0,143,static,static,request,0,0.0,37,1768,23,90,30,3069,0,0,9,0,0.9920,303.860,OPTIMAL,23.000000,44.5432,89.7354
2026-09-04T08:44:41.665585+00:00,0,143,reassign,static,request,10,1.0,37,1733,65,85,30,3111,0,0,15,2,0.9923,1353.943,OPTIMAL,4025.000000,39.1558,89.3611
2026-09-04T08:44:41.988870+00:00,0,143,dynamic,sketch,p50,0,0.0,37,1068,26,103,25,3759,0,0,55,2,0.8999,202.490,OPTIMAL,26.000000,8.1112,25.6571
2026-09-04T08:44:43.409288+00:00,0,143,dynamic+reassign,sketch,p50,10,1.0,37,1062,66,104,25,3764,0,0,58,1,0.9015,1344.592,OPTIMAL,4026.000000,7.8373,25.6571
2026-09-04T08:44:44.285747+00:00,0,143,p50-1.2xalloc,sketch,p50bump,10,1.0,37,1212,60,117,23,3597,0,4,31,7,0.9863,786.331,OPTIMAL,3818.000000,3.3029,13.4170
2026-09-04T08:44:44.780468+00:00,0,143,avg-p50p75-1.2xalloc,sketch,avgp50p75bump,10,1.0,37,1355,66,94,18,3481,0,3,12,1,0.9895,427.121,OPTIMAL,4023.000000,6.1141,16.5290
2026-09-04T08:44:45.560958+00:00,0,143,window-avg,sketch,window,10,1.0,37,1088,61,103,26,3734,0,0,61,1,0.9186,703.243,OPTIMAL,4021.000000,10.5887,24.8709
2026-09-04T08:44:46.345159+00:00,0,143,p90,sketch,p90,10,1.0,37,1270,68,114,26,3548,0,1,47,1,0.9492,703.413,OPTIMAL,4027.000000,11.6755,17.8281
2026-09-04T08:44:47.066581+00:00,0,143,avg-epoch,sketch,avg,10,1.0,37,1039,65,107,21,3783,0,0,54,1,0.9007,643.715,OPTIMAL,4025.000000,9.1650,27.9187
2026-09-04T08:44:52.060177+00:00,0,144,static,static,request,0,0.0,32,1777,23,90,23,3092,0,0,10,0,0.9920,1067.562,OPTIMAL,23.000000,39.7230,79.4033
2026-09-04T08:44:52.262386+00:00,0,144,reassign,static,request,10,1.0,32,1740,42,91,16,3127,0,0,12,0,0.9923,190.993,OPTIMAL,2022.000000,38.1084,79.5460
2026-09-04T08:44:52.507489+00:00,0,144,dynamic,sketch,p50,0,0.0,32,1074,23,107,19,3778,0,0,57,3,0.9000,115.468,OPTIMAL,23.000000,6.9632,22.9211
2026-09-04T08:44:54.157371+00:00,0,144,dynamic+reassign,sketch,p50,10,1.0,32,1068,65,109,20,3784,0,1,53,1,0.9016,1557.329,OPTIMAL,4024.000000,6.9066,24.1547
2026-09-04T08:44:54.918784+00:00,0,144,p50-1.2xalloc,sketch,p50bump,10,1.0,32,1222,65,113,29,3626,0,1,9,3,0.9864,663.356,OPTIMAL,4024.000000,2.9258,1.5620
2026-09-04T08:44:56.098479+00:00,0,144,avg-p50p75-1.2xalloc,sketch,avgp50p75bump,10,1.0,32,1361,68,103,19,3500,0,3,8,2,0.9895,1094.810,OPTIMAL,4025.000000,5.9478,17.8153
2026-09-04T08:44:57.033005+00:00,0,144,window-avg,sketch,window,10,1.0,32,1099,65,102,26,3760,0,1,47,0,0.9187,856.550,OPTIMAL,4024.000000,8.7413,24.5417
2026-09-04T08:44:57.921629+00:00,0,144,p90,sketch,p90,10,1.0,32,1274,67,115,26,3574,0,2,46,1,0.9491,806.517,OPTIMAL,4025.000000,11.0759,15.9439
2026-09-04T08:45:04.843604+00:00,0,144,avg-epoch,sketch,avg,10,1.0,32,1046,67,108,26,3809,0,0,59,0,0.9008,6850.855,OPTIMAL,4027.000000,7.6185,22.4252
2026-09-04T08:45:08.831234+00:00,0,145,static,static,request,0,0.0,34,1788,23,87,26,3118,0,0,10,0,0.9920,109.326,OPTIMAL,23.000000,39.6737,88.3946
2026-09-04T08:45:09.667688+00:00,0,145,reassign,static,request,10,1.0,34,1752,54,93,23,3150,0,0,9,0,0.9922,824.519,OPTIMAL,2925.000000,43.2296,101.9490
2026-09-04T08:45:10.072381+00:00,0,145,dynamic,sketch,p50,0,0.0,34,1085,25,106,26,3804,0,0,58,1,0.9001,287.520,OPTIMAL,25.000000,8.2273,22.4467
2026-09-04T08:45:10.856297+00:00,0,145,dynamic+reassign,sketch,p50,10,1.0,34,1077,67,109,27,3811,0,0,49,0,0.9017,713.334,OPTIMAL,4027.000000,7.1457,22.4467
2026-09-04T08:45:12.528755+00:00,0,145,p50-1.2xalloc,sketch,p50bump,10,1.0,34,1231,69,109,33,3659,0,4,17,3,0.9863,1594.312,OPTIMAL,4025.000000,3.1220,5.6894
2026-09-04T08:45:13.494784+00:00,0,145,avg-p50p75-1.2xalloc,sketch,avgp50p75bump,10,1.0,34,1367,67,109,21,3521,0,5,22,4,0.9895,885.564,OPTIMAL,4022.000000,6.2382,5.3462
2026-09-04T08:45:14.531200+00:00,0,145,window-avg,sketch,window,10,1.0,34,1108,66,106,22,3782,0,0,53,1,0.9187,959.513,OPTIMAL,4026.000000,8.9122,22.0694
2026-09-04T08:45:15.928548+00:00,0,145,p90,sketch,p90,10,1.0,34,1281,63,113,25,3599,0,0,50,1,0.9490,1312.658,OPTIMAL,4023.000000,12.5401,17.5648
2026-09-04T08:45:17.294832+00:00,0,145,avg-epoch,sketch,avg,10,1.0,34,1053,67,115,20,3829,0,1,62,2,0.9008,1284.480,OPTIMAL,4026.000000,9.0340,25.6657
2026-09-04T08:45:21.416589+00:00,0,146,static,static,request,0,0.0,35,1800,22,91,18,3136,0,0,5,0,0.9921,171.934,OPTIMAL,22.000000,42.7229,86.2128
2026-09-04T08:45:21.671762+00:00,0,146,reassign,static,request,10,1.0,35,1762,43,85,23,3173,0,0,2,0,0.9923,243.068,OPTIMAL,2815.000000,49.6949,97.5211
2026-09-04T08:45:21.944030+00:00,0,146,dynamic,sketch,p50,0,0.0,35,1095,27,112,21,3825,0,0,59,0,0.9001,140.473,OPTIMAL,27.000000,8.9594,26.0745
2026-09-04T08:45:22.623074+00:00,0,146,dynamic+reassign,sketch,p50,10,1.0,35,1085,67,113,23,3834,0,0,57,0,0.9018,585.330,OPTIMAL,4027.000000,8.8367,25.1951
2026-09-04T08:45:23.339884+00:00,0,146,p50-1.2xalloc,sketch,p50bump,10,1.0,35,1237,61,109,24,3683,0,7,26,6,0.9863,622.572,OPTIMAL,3717.000000,4.0428,17.3727
2026-09-04T08:45:24.336102+00:00,0,146,avg-p50p75-1.2xalloc,sketch,avgp50p75bump,10,1.0,35,1375,67,112,24,3545,0,6,8,1,0.9895,900.336,OPTIMAL,4021.000000,6.6683,22.9055
2026-09-04T08:45:25.385726+00:00,0,146,window-avg,sketch,window,10,1.0,35,1117,66,107,25,3807,0,0,58,1,0.9187,960.397,OPTIMAL,4026.000000,8.3840,23.1040
2026-09-04T08:45:26.416374+00:00,0,146,p90,sketch,p90,10,1.0,35,1293,65,108,30,3629,0,1,46,0,0.9489,938.584,OPTIMAL,4024.000000,12.8559,19.7587
2026-09-04T08:45:27.417483+00:00,0,146,avg-epoch,sketch,avg,10,1.0,35,1061,68,109,34,3863,0,0,65,1,0.9009,911.558,OPTIMAL,4028.000000,8.3047,26.0946
2026-09-04T08:45:31.720290+00:00,0,147,static,static,request,0,0.0,35,1813,22,89,24,3160,0,0,8,0,0.9921,231.682,OPTIMAL,22.000000,47.1978,94.3080
2026-09-04T08:45:32.271597+00:00,0,147,reassign,static,request,10,1.0,35,1782,54,89,16,3189,0,0,3,0,0.9923,540.068,OPTIMAL,3420.000000,55.4360,99.3071
2026-09-04T08:45:32.546624+00:00,0,147,dynamic,sketch,p50,0,0.0,35,1103,25,110,27,3852,0,0,64,1,0.9000,137.721,OPTIMAL,25.000000,9.2354,28.1240
2026-09-04T08:45:34.515076+00:00,0,147,dynamic+reassign,sketch,p50,10,1.0,35,1093,67,108,32,3866,0,0,60,0,0.9018,1876.497,OPTIMAL,4027.000000,7.4459,27.6008
2026-09-04T08:45:35.116264+00:00,0,147,p50-1.2xalloc,sketch,p50bump,10,1.0,35,1248,55,107,21,3704,0,5,26,9,0.9862,512.104,OPTIMAL,3614.000000,3.6179,14.4207
2026-09-04T08:45:36.058985+00:00,0,147,avg-p50p75-1.2xalloc,sketch,avgp50p75bump,10,1.0,35,1383,66,114,24,3569,0,6,15,5,0.9895,856.372,OPTIMAL,4020.000000,6.6278,25.4327
2026-09-04T08:45:37.173705+00:00,0,147,window-avg,sketch,window,10,1.0,35,1126,67,108,26,3833,0,1,57,1,0.9186,1035.054,OPTIMAL,4026.000000,10.0625,26.1645
2026-09-04T08:45:39.212658+00:00,0,147,p90,sketch,p90,10,1.0,35,1303,63,107,24,3653,0,1,47,1,0.9489,1957.509,OPTIMAL,4022.000000,10.6354,14.8913
2026-09-04T08:45:39.981364+00:00,0,147,avg-epoch,sketch,avg,10,1.0,35,1068,69,113,25,3888,0,0,62,0,0.9009,689.170,OPTIMAL,4029.000000,9.5574,23.6942
2026-09-04T08:45:44.045319+00:00,0,148,static,static,request,0,0.0,31,1822,18,88,19,3179,0,0,8,0,0.9921,99.742,OPTIMAL,18.000000,50.9889,106.8934
2026-09-04T08:45:44.972507+00:00,0,148,reassign,static,request,10,1.0,31,1793,61,86,25,3214,0,0,8,0,0.9923,915.429,OPTIMAL,3922.000000,56.1758,111.1741
2026-09-04T08:45:45.725654+00:00,0,148,dynamic,sketch,p50,0,0.0,31,1109,29,107,32,3884,0,0,54,0,0.9001,619.416,OPTIMAL,29.000000,5.8394,19.7956
2026-09-04T08:45:48.814801+00:00,0,148,dynamic+reassign,sketch,p50,10,1.0,31,1097,67,111,24,3890,0,1,53,1,0.9019,2994.900,OPTIMAL,4026.000000,5.9890,17.2602
2026-09-04T08:45:49.534947+00:00,0,148,p50-1.2xalloc,sketch,p50bump,10,1.0,31,1260,62,94,35,3739,0,5,19,4,0.9862,646.203,OPTIMAL,4017.000000,3.3206,5.8334
2026-09-04T08:45:50.491865+00:00,0,148,avg-p50p75-1.2xalloc,sketch,avgp50p75bump,10,1.0,31,1388,64,113,25,3594,0,5,8,1,0.9896,870.081,OPTIMAL,4019.000000,7.2603,28.2825
2026-09-04T08:45:52.187628+00:00,0,148,window-avg,sketch,window,10,1.0,31,1130,67,108,27,3860,0,1,55,1,0.9186,1617.796,OPTIMAL,4026.000000,8.3159,20.1790
2026-09-04T08:45:52.717461+00:00,0,148,p90,sketch,p90,10,1.0,31,1311,61,103,25,3678,0,2,48,2,0.9489,451.257,OPTIMAL,4019.000000,10.5417,14.2809
2026-09-04T08:45:53.422688+00:00,0,148,avg-epoch,sketch,avg,10,1.0,31,1070,67,114,26,3914,0,0,56,1,0.9009,624.222,OPTIMAL,4027.000000,8.7474,21.9247
2026-09-04T08:45:57.482865+00:00,0,149,static,static,request,0,0.0,29,1833,21,88,21,3200,0,0,4,0,0.9921,127.992,OPTIMAL,21.000000,50.5139,102.7681
2026-09-04T08:45:58.692691+00:00,0,149,reassign,static,request,10,1.0,29,1800,59,79,26,3240,0,0,11,2,0.9923,1198.416,OPTIMAL,4019.000000,44.6953,101.0385
2026-09-04T08:45:58.956831+00:00,0,149,dynamic,sketch,p50,0,0.0,29,1109,28,113,22,3906,0,0,59,1,0.9001,126.143,OPTIMAL,28.000000,8.0930,21.8430
2026-09-04T08:45:59.945908+00:00,0,149,dynamic+reassign,sketch,p50,10,1.0,29,1099,67,113,25,3915,0,1,54,0,0.9020,893.358,OPTIMAL,4026.000000,6.9783,20.3500
2026-09-04T08:46:01.437600+00:00,0,149,p50-1.2xalloc,sketch,p50bump,10,1.0,29,1267,62,96,20,3759,0,6,23,5,0.9862,1416.532,OPTIMAL,4016.000000,3.8716,16.6738
2026-09-04T08:46:02.152844+00:00,0,149,avg-p50p75-1.2xalloc,sketch,avgp50p75bump,10,1.0,29,1393,62,105,30,3624,0,5,23,5,0.9895,632.396,OPTIMAL,4017.000000,5.7459,9.3732
2026-09-04T08:46:03.127509+00:00,0,149,window-avg,sketch,window,10,1.0,29,1132,68,112,24,3884,0,0,56,0,0.9185,894.515,OPTIMAL,4028.000000,10.6968,26.4481
2026-09-04T08:46:03.703377+00:00,0,149,p90,sketch,p90,10,1.0,29,1319,62,100,25,3703,0,0,36,0,0.9489,500.748,OPTIMAL,4022.000000,11.1060,14.5671
2026-09-04T08:46:04.691962+00:00,0,149,avg-epoch,sketch,avg,10,1.0,29,1072,69,115,28,3942,0,0,63,1,0.9009,906.447,OPTIMAL,4029.000000,7.0070,19.2431
